"ID";"Dim1";"Dim2";"molecular_ID"
1;-175,311781534209;-141,463260587215;"Prom"
1;-32,4840543411263;184,246203464255;"EnhA"
1;207,795835875325;-42,782942877034;"EnhB"
2;-372,302613184142;-76,6387941593528;"Prom"
2;-145,816415740801;117,191929262479;"EnhA"
2;518,119028924943;-40,5531351031259;"EnhB"
3;-185,83841506087;-67,4830112358737;"Prom"
3;-239,767406075514;205,071247055851;"EnhA"
3;425,605821136384;-137,588235819978;"EnhB"
4;-264,597711267437;-354,776369434002;"Prom"
4;83,4413422289744;398,556879427994;"EnhA"
4;181,156369038463;-43,7805099939921;"EnhB"
5;-463,417594257512;-79,1566624506167;"Prom"
5;-26,0900842663967;25,2395682158584;"EnhA"
5;489,507678523909;53,9170942347584;"EnhB"
6;-88,9760112737502;-35,0496484506328;"Prom"
6;-12,6561863237561;38,2105666457347;"EnhA"
6;101,632197597506;-3,16091819510187;"EnhB"
7;-274,394545498764;-112,259581472097;"Prom"
7;-79,8943128575786;149,412818291573;"EnhA"
7;354,288858356343;-37,1532368194756;"EnhB"
8;-255,50306303518;-70,1306405339291;"Prom"
8;-206,699651303882;172,398182879263;"EnhA"
8;462,202714339062;-102,267542345334;"EnhB"
9;-461,930622516442;47,0650244451555;"Prom"
9;-648,051381082702;233,080967542446;"EnhA"
9;1109,98200359914;-280,145991987602;"EnhB"
10;-199,304671215837;-86,9399143131314;"Prom"
10;-323,624297569771;282,506768906675;"EnhA"
10;522,928968785609;-195,566854593544;"EnhB"
11;-175,586110188863;-195,972073067827;"Prom"
11;-175,352872056397;352,063418610656;"EnhA"
11;350,93898224526;-156,091345542829;"EnhB"
12;-527,110104026595;-313,052720460465;"Prom"
12;-6,74719420786138;335,42427268456;"EnhA"
12;533,857298234456;-22,3715522240952;"EnhB"
13;-323,59165088717;-270,316433632396;"Prom"
13;12,6003399516441;307,924092863988;"EnhA"
13;310,991310935526;-37,6076592315913;"EnhB"
14;-305,663092224376;-163,982204656225;"Prom"
14;-25,9182601719888;183,009363693635;"EnhA"
14;331,581352396364;-19,0271590374105;"EnhB"
15;-337,00505449929;-209,911850041208;"Prom"
15;-26,6433135413105;242,480970380879;"EnhA"
15;363,6483680406;-32,5691203396708;"EnhB"
16;-281,047777277213;-338,568110166027;"Prom"
16;50,1690428520809;392,315516860325;"EnhA"
16;230,878734425132;-53,7474066942986;"EnhB"
17;-242,190085109594;-150,587999947262;"Prom"
17;-62,5751373187461;201,053758837883;"EnhA"
17;304,765222428341;-50,465758890621;"EnhB"
18;-353,218339374222;-67,4740970668317;"Prom"
18;-290,156266537561;198,650689593204;"EnhA"
18;643,374605911783;-131,176592526373;"EnhB"
19;-243,881491379663;-108,141065235189;"Prom"
19;-11,6918362849702;107,719569474952;"EnhA"
19;255,573327664633;0,421495760237189;"EnhB"
20;-294,589282573164;-290,041959354744;"Prom"
20;-226,382383512062;492,449391831291;"EnhA"
20;520,971666085227;-202,407432476547;"EnhB"
21;-245,441272021978;-332,305435037479;"Prom"
21;-301,04085142496;611,154955980055;"EnhA"
21;546,482123446938;-278,849520942576;"EnhB"
22;-184,277143801374;-144,357105146072;"Prom"
22;10,9652464024793;159,189861155309;"EnhA"
22;173,311897398895;-14,8327560092368;"EnhB"
23;-176,233878265117;-180,684246102402;"Prom"
23;48,8123355532584;189,626755789188;"EnhA"
23;127,421542711859;-8,94250968678614;"EnhB"
24;-294,422592880817;-25,2700268599295;"Prom"
24;-219,808881590167;107,196532556791;"EnhA"
24;514,231474470984;-81,9265056968615;"EnhB"
25;-389,622701040329;-217,566334912988;"Prom"
25;-84,924433791879;278,045507956034;"EnhA"
25;474,547134832208;-60,4791730430464;"EnhB"
26;-418,439830474152;-54,7899771041043;"Prom"
26;-163,713731440274;86,4793296036484;"EnhA"
26;582,153561914426;-31,6893524995442;"EnhB"
27;-320,170181043741;-165,656356975225;"Prom"
27;-88,378341301781;221,218191944639;"EnhA"
27;408,548522345522;-55,5618349694145;"EnhB"
28;-192,811263766131;-94,6922601788171;"Prom"
28;-303,853025518732;282,766557871112;"EnhA"
28;496,664289284863;-188,074297692295;"EnhB"
29;-427,237451877419;51,8017587308296;"Prom"
29;-753,815450063533;300,312123123865;"EnhA"
29;1181,05290194095;-352,113881854694;"EnhB"
30;-445,230045019469;-251,700417547791;"Prom"
30;9,39894885156957;255,554824479363;"EnhA"
30;435,8310961679;-3,85440693157155;"EnhB"
31;-89,6796507160207;4,72095841150742;"Prom"
31;-62,6220183117581;12,0638274004722;"EnhA"
31;152,301669027779;-16,7847858119796;"EnhB"
32;-161,489524437349;-160,843930720286;"Prom"
32;15,2082180052898;185,435142880596;"EnhA"
32;146,281306432059;-24,5912121603092;"EnhB"
33;-286,435952571865;-184,545339325732;"Prom"
33;29,9611712095085;182,002316390281;"EnhA"
33;256,474781362356;2,54302293545112;"EnhB"
34;-426,574123207542;-295,420844469637;"Prom"
34;61,7743982368952;289,949289593584;"EnhA"
34;364,799724970647;5,47155487605279;"EnhB"
35;-86,6939033950379;-30,4780550493488;"Prom"
35;-6,27923228749232;28,1557521754108;"EnhA"
35;92,9731356825303;2,32230287393801;"EnhB"
36;-119,288623853721;-250,85214989922;"Prom"
36;-241,825219905447;485,430172148382;"EnhA"
36;361,113843759168;-234,578022249163;"EnhB"
37;-385,432240243413;-293,677266806486;"Prom"
37;128,826584009383;254,804225941352;"EnhA"
37;256,605656234029;38,8730408651339;"EnhB"
38;-294,014131767939;-357,185677826281;"Prom"
38;69,3582733789134;404,170558815731;"EnhA"
38;224,655858389026;-46,9848809894504;"EnhB"
39;-463,33579753425;-424,864716361617;"Prom"
39;161,331391227338;405,667326043113;"EnhA"
39;302,004406306911;19,1973903185043;"EnhB"
40;-678,165653601284;-26,0725154940436;"Prom"
40;-248,524331442598;39,3371590512497;"EnhA"
40;926,689985043883;-13,2646435572062;"EnhB"
41;-844,548683595019;-20,3959487495603;"Prom"
41;-409,697233115298;94,3109568807999;"EnhA"
41;1254,24591671032;-73,9150081312397;"EnhB"
42;-267,792122492576;-151,940275882818;"Prom"
42;-52,5861158391086;190,946186048789;"EnhA"
42;320,378238331685;-39,0059101659714;"EnhB"
43;-223,327746842526;-49,9217465404568;"Prom"
43;-75,8852462694233;68,7352780563336;"EnhA"
43;299,21299311195;-18,8135315158768;"EnhB"
44;-285,956398054724;-34,1528072968878;"Prom"
44;-198,15146375475;108,350587898882;"EnhA"
44;484,107861809474;-74,1977806019941;"EnhB"
45;-386,822234975558;-166,132877803181;"Prom"
45;5,76294709059744;147,883047640863;"EnhA"
45;381,05928788496;18,2498301623184;"EnhB"
46;-404,317706318671;-263,62334859392;"Prom"
46;-62,3507420675471;326,893740593767;"EnhA"
46;466,668448386218;-63,2703919998476;"EnhB"
47;-541,673007098861;-255,609653391323;"Prom"
47;108,38324009768;177,378026309325;"EnhA"
47;433,28976700118;78,2316270819983;"EnhB"
48;-351,830849690389;-152,698863653251;"Prom"
48;-84,98640619222;193,264733861177;"EnhA"
48;436,817255882609;-40,5658702079258;"EnhB"
49;-184,968083844456;-89,1152316188068;"Prom"
49;-61,9149355902821;125,112523098926;"EnhA"
49;246,883019434738;-35,9972914801189;"EnhB"
50;-490,00963278597;-107,616914962544;"Prom"
50;-32,5623967025673;64,23476343787;"EnhA"
50;522,572029488537;43,3821515246745;"EnhB"
51;-292,131606362407;-260,022996389764;"Prom"
51;-46,2068407468327;337,03746481021;"EnhA"
51;338,33844710924;-77,0144684204454;"EnhB"
52;-85,57100002098;-246,408048814462;"Prom"
52;-705,58323668971;776,891276433866;"EnhA"
52;791,15423671069;-530,483227619404;"EnhB"
53;-243,173294134419;-128,193810371482;"Prom"
53;-100,512851888671;192,332380785833;"EnhA"
53;343,68614602309;-64,1385704143507;"EnhB"
54;-98,2407286697692;-124,003567011272;"Prom"
54;-350,984639135506;375,895642343008;"EnhA"
54;449,225367805275;-251,892075331736;"EnhB"
55;-267,904341239968;-131,31887951706;"Prom"
55;-50,3022373494207;159,80407166588;"EnhA"
55;318,206578589389;-28,4851921488206;"EnhB"
56;-234,656473779279;-97,9452841159841;"Prom"
56;-170,789501707445;194,694424288447;"EnhA"
56;405,445975486724;-96,7491401724631;"EnhB"
57;-308,568529564572;-222,585831442963;"Prom"
57;74,9843190727494;203,57502482654;"EnhA"
57;233,584210491822;19,0108066164236;"EnhB"
58;-217,992484586555;-17,4766037652051;"Prom"
58;-115,031342639817;47,7325468617586;"EnhA"
58;333,023827226372;-30,2559430965535;"EnhB"
59;-15,4387243383944;-185,068479844174;"Prom"
59;-120,337832844601;338,239409114951;"EnhA"
59;135,776557182995;-153,170929270776;"EnhB"
60;-618,570308795812;-168,995553014199;"Prom"
60;-2,30973171613643;104,524834291693;"EnhA"
60;620,880040511948;64,4707187225065;"EnhB"
61;-349,773220414007;-266,085389433487;"Prom"
61;-21,9094274316817;317,494160297708;"EnhA"
61;371,682647845689;-51,4087708642213;"EnhB"
62;-357,460953534557;-293,261889107325;"Prom"
62;-71,7854808534801;386,088043674078;"EnhA"
62;429,246434388037;-92,8261545667529;"EnhB"
63;-100,369236118649;-263,308476128586;"Prom"
63;-84,0186570410082;408,897261370532;"EnhA"
63;184,387893159657;-145,588785241946;"EnhB"
64;-493,384171909567;-131,706191315823;"Prom"
64;-46,4676436565724;106,851589667759;"EnhA"
64;539,851815566139;24,8546016480643;"EnhB"
65;-291,692227828496;-171,054644030559;"Prom"
65;-222,740786202941;319,527967911046;"EnhA"
65;514,433014031437;-148,473323880487;"EnhB"
66;-599,140545165669;-506,694041425153;"Prom"
66;308,44146833352;400,628589907022;"EnhA"
66;290,699076832149;106,06545151813;"EnhB"
67;-269,799382281791;-272,884640616032;"Prom"
67;-36,9604080787219;354,829427635936;"EnhA"
67;306,759790360513;-81,944787019904;"EnhB"
68;-200,334189075403;-284,284317339321;"Prom"
68;-15,8494568025514;373,77577566103;"EnhA"
68;216,183645877954;-89,4914583217085;"EnhB"
69;-294,864547481892;-23,3709845843546;"Prom"
69;-336,865874425782;177,615754492021;"EnhA"
69;631,730421907674;-154,244769907666;"EnhB"
70;-395,681558170407;-20,7847146309823;"Prom"
70;-234,495824493236;86,9774841875013;"EnhA"
70;630,177382663644;-66,192769556519;"EnhB"
71;-255,170150771467;-155,195826422787;"Prom"
71;-207,921077561347;295,701484031603;"EnhA"
71;463,091228332814;-140,505657608816;"EnhB"
72;-192,459406129714;-216,792846270648;"Prom"
72;-133,7312049907;352,166645383461;"EnhA"
72;326,190611120413;-135,373799112813;"EnhB"
73;-285,666184698977;-90,3546141750313;"Prom"
73;-126,36664577855;144,404522915392;"EnhA"
73;412,032830477527;-54,0499087403603;"EnhB"
74;-268,503198891731;-131,150926556342;"Prom"
74;81,8966400154808;76,6975178536243;"EnhA"
74;186,60655887625;54,4534087027175;"EnhB"
75;-504,852894512238;-154,129812357398;"Prom"
75;92,2630574318686;49,7173524331647;"EnhA"
75;412,589837080369;104,412459924233;"EnhB"
76;-248,609679814646;-153,308015879705;"Prom"
76;-156,179164153012;262,091117572948;"EnhA"
76;404,788843967657;-108,783101693243;"EnhB"
77;-164,00035802616;-28,0969477539241;"Prom"
77;-26,5121358999761;19,8660370368803;"EnhA"
77;190,512493926136;8,23091071704379;"EnhB"
78;-231,697927862693;-81,8348162639303;"Prom"
78;-328,461612494799;270,841696087465;"EnhA"
78;560,159540357492;-189,006879823534;"EnhB"
79;-287,109535000016;-377,455471955418;"Prom"
79;-185,739291878832;594,554960746748;"EnhA"
79;472,848826878848;-217,09948879133;"EnhB"
80;-204,98074191173;-390,494228252775;"Prom"
80;-569,382020160932;872,02317092693;"EnhA"
80;774,362762072662;-481,528942674155;"EnhB"
81;-77,3518803967615;-102,240643104367;"Prom"
81;-195,613191694386;252,069537120715;"EnhA"
81;272,965072091148;-149,828894016348;"EnhB"
82;-74,1845121660377;-39,7877932312593;"Prom"
82;-185,945447833361;156,827705522071;"EnhA"
82;260,129959999399;-117,039912290811;"EnhB"
83;-302,038799013426;-93,557841227489;"Prom"
83;-237,797160961114;215,037118308091;"EnhA"
83;539,83595997454;-121,479277080602;"EnhB"
84;-390,104504264812;-219,976459370383;"Prom"
84;6,93269038451443;223,922549211698;"EnhA"
84;383,171813880298;-3,94608984131518;"EnhB"
85;-308,939130190986;-270,310271574823;"Prom"
85;-231,052109819966;463,712350865417;"EnhA"
85;539,991240010951;-193,402079290593;"EnhB"
86;-322,41282203064;-223,820408143426;"Prom"
86;-88,117120782925;304,28182942769;"EnhA"
86;410,529942813565;-80,4614212842643;"EnhB"
87;-321,205880398571;-212,40566811074;"Prom"
87;-178,054093040447;344,4041125557;"EnhA"
87;499,259973439018;-131,99844444496;"EnhB"
88;-286,933237667765;-54,6884841976049;"Prom"
88;-208,205553315582;143,984972544464;"EnhA"
88;495,138790983347;-89,2964883468593;"EnhB"
89;-371,074239296006;-202,678901860228;"Prom"
89;-14,9856205636408;217,050218168347;"EnhA"
89;386,059859859647;-14,3713163081191;"EnhB"
90;-314,144047619041;-172,283609928219;"Prom"
90;-77,557924164011;225,353704660401;"EnhA"
90;391,701971783052;-53,0700947321819;"EnhB"
91;-163,154684535546;-164,926241642816;"Prom"
91;-212,32153394821;333,321090246416;"EnhA"
91;375,476218483756;-168,394848603601;"EnhB"
92;-236,947318837049;-84,9025042751871;"Prom"
92;-101,954030052688;132,32150968779;"EnhA"
92;338,901348889737;-47,4190054126032;"EnhB"
93;-118,392745544389;-44,3612951226479;"Prom"
93;-128,362473602459;117,356085876706;"EnhA"
93;246,755219146848;-72,9947907540584;"EnhB"
94;-124,74806325985;-96,870592292163;"Prom"
94;34,1023905138176;89,8408983516899;"EnhA"
94;90,645672746032;7,02969394047314;"EnhB"
95;-176,613839518684;-120,403385748073;"Prom"
95;-117,467401412933;206,814273364213;"EnhA"
95;294,081240931618;-86,4108876161397;"EnhB"
96;-484,400295093072;-140,645510218342;"Prom"
96;-9,28502592505108;98,4888374490302;"EnhA"
96;493,685321018123;42,1566727693119;"EnhB"
97;-358,466480294039;-261,098897544758;"Prom"
97;-36,8830565414644;317,715236508349;"EnhA"
97;395,349536835503;-56,6163389635916;"EnhB"
98;-219,982815842408;-201,453257968039;"Prom"
98;-144,221019603967;330,408720127585;"EnhA"
98;364,203835446375;-128,955462159546;"EnhB"
99;-465,201065022829;-200,009602245238;"Prom"
99;81,7964905633824;131,30579385409;"EnhA"
99;383,404574459446;68,7038083911487;"EnhB"
100;-235,360559994955;-115,393006021129;"Prom"
100;-237,048640100356;261,117759776741;"EnhA"
100;472,409200095312;-145,724753755612;"EnhB"
101;-363,173068513932;-140,146585085677;"Prom"
101;33,4247420197479;98,5221869466417;"EnhA"
101;329,748326494185;41,6243981390354;"EnhB"
102;-504,268506523209;-244,379617254542;"Prom"
102;10,0051898833341;231,253622467807;"EnhA"
102;494,263316639875;13,1259947867354;"EnhB"
103;-203,879444257549;-213,889240020727;"Prom"
103;-45,2068369266832;290,000011769432;"EnhA"
103;249,086281184233;-76,1107717487047;"EnhB"
104;-283,26942128154;-329,378006196536;"Prom"
104;-4,48611331308381;412,784227416593;"EnhA"
104;287,755534594624;-83,4062212200569;"EnhB"
105;-314,259522185272;-78,7332239547053;"Prom"
105;-64,9569175307603;82,7627822839711;"EnhA"
105;379,216439716032;-4,02955832926582;"EnhB"
106;-666,007882310273;-69,0965169103379;"Prom"
106;-513,960012920688;270,13976069601;"EnhA"
106;1179,96789523096;-201,043243785672;"EnhB"
107;-321,893996060857;-147,923771743072;"Prom"
107;-80,8920508070955;190,613998200773;"EnhA"
107;402,786046867953;-42,6902264577017;"EnhB"
108;-195,292463868339;-265,146992989597;"Prom"
108;101,026284360525;274,227774899936;"EnhA"
108;94,2661795078137;-9,08078191033941;"EnhB"
109;-346,119839024125;-125,959738624982;"Prom"
109;-5,22459263283999;106,150168877393;"EnhA"
109;351,344431656965;19,8095697475889;"EnhB"
110;-676,019406889581;-343,872238668308;"Prom"
110;41,1809322298844;316,046458568546;"EnhA"
110;634,838474659696;27,8257800997623;"EnhB"
111;-331,686496278909;-327,788990239332;"Prom"
111;8,53363539447023;391,374064068871;"EnhA"
111;323,152860884439;-63,5850738295386;"EnhB"
112;-211,146443672465;-83,6836338172715;"Prom"
112;-64,0557437043355;112,698710044255;"EnhA"
112;275,202187376801;-29,0150762269835;"EnhB"
113;-326,757079849114;-323,101633069307;"Prom"
113;25,368766971413;375,20802200923;"EnhA"
113;301,388312877701;-52,1063889399224;"EnhB"
114;-503,264189423124;-91,7348164350571;"Prom"
114;-273,634381714762;189,226701077306;"EnhA"
114;776,898571137886;-97,4918846422489;"EnhB"
115;-357,954544486254;-112,601834417912;"Prom"
115;-257,509135761403;242,114618498842;"EnhA"
115;615,463680247657;-129,512784080931;"EnhB"
116;-113,360013421313;-134,558388462055;"Prom"
116;-52,2266431413579;200,703265529727;"EnhA"
116;165,58665656267;-66,1448770676718;"EnhB"
117;-403,023937329439;-186,69869610603;"Prom"
117;25,516766658853;161,45618994266;"EnhA"
117;377,507170670586;25,24250616337;"EnhB"
118;-89,9310578596684;-83,5965157235863;"Prom"
118;-109,175347315994;168,285159438993;"EnhA"
118;199,106405175662;-84,6886437154065;"EnhB"
119;-35,9261459782413;-3,2691046673034;"Prom"
119;-28,7278630619535;14,5404902509399;"EnhA"
119;64,6540090401948;-11,2713855836365;"EnhB"
120;-353,630026051104;-384,590957749648;"Prom"
120;-125,292756179855;551,922079895808;"EnhA"
120;478,922782230959;-167,33112214616;"EnhB"
121;-719,582391249548;2,42847213822987;"Prom"
121;-696,211016340084;269,076621793442;"EnhA"
121;1415,79340758963;-271,505093931672;"EnhB"
122;-131,794815340551;-128,628351963818;"Prom"
122;-827,229090169066;672,977867622211;"EnhA"
122;959,023905509618;-544,349515658393;"EnhB"
123;-101,440093950677;-93,2600840107892;"Prom"
123;-75,1435573935573;158,291620385911;"EnhA"
123;176,583651344235;-65,0315363751216;"EnhB"
124;-317,516324999147;-30,7811755417965;"Prom"
124;-155,738232306675;69,8009617510241;"EnhA"
124;473,254557305821;-39,0197862092277;"EnhB"
125;-329,598604196778;-265,910968849137;"Prom"
125;71,9747626208461;263,064131243649;"EnhA"
125;257,623841575932;2,84683760548793;"EnhB"
126;-860,49350443675;-596,142226272954;"Prom"
126;-31,7587344251386;683,054709882011;"EnhA"
126;892,252238861888;-86,9124836090574;"EnhB"
127;-457,349211646585;-288,175242790288;"Prom"
127;54,4727868913168;277,111590144461;"EnhA"
127;402,876424755268;11,0636526458269;"EnhB"
128;-257,752044530979;-253,592970752965;"Prom"
128;23,3642607035201;292,03643028694;"EnhA"
128;234,387783827459;-38,4434595339751;"EnhB"
129;-337,63125829079;-240,979963405235;"Prom"
129;137,59840089186;184,284839865762;"EnhA"
129;200,032857398929;56,6951235394733;"EnhB"
130;-446,406482319499;10,7060188156165;"Prom"
130;-403,204342617475;135,720517982025;"EnhA"
130;849,610824936974;-146,426536797641;"EnhB"
131;-557,739878301002;-238,218503373061;"Prom"
131;-306,450507279572;408,298732426801;"EnhA"
131;864,190385580573;-170,08022905374;"EnhB"
132;-346,4473467752;-203,256618604948;"Prom"
132;-31,8238919826688;234,001457638562;"EnhA"
132;378,271238757869;-30,744839033614;"EnhB"
133;-268,854132103182;-307,327702624529;"Prom"
133;37,5722975251517;357,987416343458;"EnhA"
133;231,28183457803;-50,6597137189286;"EnhB"
134;-41,0882568558842;-69,7256707499475;"Prom"
134;-167,461338438752;195,86240474859;"EnhA"
134;208,549595294637;-126,136733998642;"EnhB"
135;-138,370293778076;-85,1303025436106;"Prom"
135;-286,315167554894;270,366053531588;"EnhA"
135;424,68546133297;-185,235750987977;"EnhB"
136;-363,222371408373;-77,6712111447076;"Prom"
136;-482,382034637905;331,356608683424;"EnhA"
136;845,604406046279;-253,685397538717;"EnhB"
137;-527,899218344494;-289,659490353503;"Prom"
137;-440,652989016258;573,102334850494;"EnhA"
137;968,552207360752;-283,442844496991;"EnhB"
138;-360,173585957171;-209,350117528343;"Prom"
138;-85,2352417051731;273,086939739259;"EnhA"
138;445,408827662345;-63,7368222109167;"EnhB"
139;-50,3179413726776;-44,209357752466;"Prom"
139;-525,985412645647;381,397441263693;"EnhA"
139;576,303354018325;-337,188083511227;"EnhB"
140;-310,389061267464;-250,45432127654;"Prom"
140;93,3562076244663;231,786044338634;"EnhA"
140;217,032853642998;18,6682769379062;"EnhB"
141;-362,60353213102;-357,976696014265;"Prom"
141;-50,4259817544833;464,721952297727;"EnhA"
141;413,029513885503;-106,745256283463;"EnhB"
142;-284,167329809307;-294,793406564145;"Prom"
142;89,5327876236561;303,954938564836;"EnhA"
142;194,634542185651;-9,16153200069092;"EnhB"
143;-114,036372137127;-155,88572155824;"Prom"
143;-219,263788586588;335,784223273887;"EnhA"
143;333,300160723715;-179,898501715648;"EnhB"
144;-220,048267045601;-106,028398738597;"Prom"
144;64,0096324096689;62,7070738260931;"EnhA"
144;156,038634635932;43,3213249125043;"EnhB"
145;-387,97421487399;-164,125887701299;"Prom"
145;-195,87437758041;270,915624399223;"EnhA"
145;583,8485924544;-106,789736697924;"EnhB"
146;-695,427825349287;-54,8452454784833;"Prom"
146;-657,309508802646;332,661270133945;"EnhA"
146;1352,73733415193;-277,816024655462;"EnhB"
147;-5,61546818601825;-580,94134660837;"Prom"
147;-485,013153316181;1138,59253840828;"EnhA"
147;490,628621502199;-557,651191799909;"EnhB"
148;-164,384232724603;-43,9988942755949;"Prom"
148;-103,262497479784;90,7019166257686;"EnhA"
148;267,646730204387;-46,7030223501737;"EnhB"
149;-373,914779060275;0,395407415200237;"Prom"
149;-183,660315701458;29,6071764899824;"EnhA"
149;557,575094761733;-30,0025839051826;"EnhB"
150;-600,806190254108;-674,171857713612;"Prom"
150;280,034025003151;659,136412754565;"EnhA"
150;320,772165250957;15,035444959047;"EnhB"
151;-19,1284336332542;-238,078012960212;"Prom"
151;-285,572513950786;517,120400790143;"EnhA"
151;304,70094758404;-279,04238782993;"EnhB"
152;-305,112699393372;-255,920108146445;"Prom"
152;144,605725124886;208,779294558105;"EnhA"
152;160,506974268486;47,1408135883401;"EnhB"
153;-271,842335651834;-142,932159483218;"Prom"
153;-13,8745259105603;152,834230386108;"EnhA"
153;285,716861562394;-9,90207090288986;"EnhB"
154;-458,903973470769;-215,01411907536;"Prom"
154;-14,6250050396431;214,674137308125;"EnhA"
154;473,528978510412;0,339981767235785;"EnhB"
155;-430,169607986;-25,0776245646122;"Prom"
155;-129,779822547184;19,8097477385084;"EnhA"
155;559,949430533185;5,26787682610376;"EnhB"
156;-417,455985963172;-207,581096927817;"Prom"
156;19,9654741386822;191,721972267593;"EnhA"
156;397,49051182449;15,8591246602242;"EnhB"
157;-762,272328717779;-521,434029340671;"Prom"
157;269,960891591705;408,952015557489;"EnhA"
157;492,311437126074;112,482013783182;"EnhB"
158;-202,686808554572;-202,295983677848;"Prom"
158;7,5841087630435;240,544045653539;"EnhA"
158;195,102699791528;-38,2480619756909;"EnhB"
159;-275,076903460908;-107,34641057821;"Prom"
159;-198,489377284474;216,400791655484;"EnhA"
159;473,566280745382;-109,054381077274;"EnhB"
160;-351,519967479612;-142,493259769417;"Prom"
160;46,2110943482427;96,5404165883487;"EnhA"
160;305,308873131369;45,9528431810682;"EnhB"
161;-335,047050434754;-346,859415536031;"Prom"
161;-32,4891358179335;443,738640769473;"EnhA"
161;367,536186252688;-96,8792252334412;"EnhB"
162;-335,91535409319;-24,924473390666;"Prom"
162;-272,469410815491;130,248273408117;"EnhA"
162;608,384764908681;-105,323800017451;"EnhB"
163;100,116531703364;-592,741103553958;"Prom"
163;-512,590584332304;1196,80440711105;"EnhA"
163;412,474052628941;-604,063303557094;"EnhB"
164;-90,6319851443854;-207,809136952525;"Prom"
164;-32,3397635920922;298,864976250097;"EnhA"
164;122,971748736478;-91,0558392975716;"EnhB"
165;-55,6680479044541;-123,426284706429;"Prom"
165;-49,3847817818806;195,975866739726;"EnhA"
165;105,052829686335;-72,5495820332969;"EnhB"
166;-227,344690921611;-211,973850301537;"Prom"
166;-148,24995076007;346,407142537722;"EnhA"
166;375,59464168168;-134,433292236185;"EnhB"
167;-378,156853346655;-212,94369291311;"Prom"
167;49,1573444590205;190,082243706803;"EnhA"
167;328,999508887634;22,8614492063073;"EnhB"
168;-358,843711184851;-292,95671395851;"Prom"
168;-85,3642339578644;393,83274200628;"EnhA"
168;444,207945142716;-100,87602804777;"EnhB"
169;-258,43247172051;-182,076818055366;"Prom"
169;-53,5105991557742;237,03216485173;"EnhA"
169;311,943070876284;-54,9553467963638;"EnhB"
170;-412,869248078774;-114,329476489101;"Prom"
170;-299,190099028373;258,237689123224;"EnhA"
170;712,059347107147;-143,908212634123;"EnhB"
171;-153,390047585493;-124,836898808377;"Prom"
171;-100,066384288749;207,571758640024;"EnhA"
171;253,456431874242;-82,7348598316475;"EnhB"
172;-363,071862534133;-248,108656416979;"Prom"
172;-616,384399064469;660,617384691959;"EnhA"
172;979,456261598602;-412,50872827498;"EnhB"
173;-548,93714784089;-204,407221935529;"Prom"
173;79,0454112947735;120,377606520772;"EnhA"
173;469,891736546116;84,0296154147578;"EnhB"
174;-295,90470635525;-108,34679120539;"Prom"
174;-19,9584478980424;101,396611817028;"EnhA"
174;315,863154253292;6,95017938836182;"EnhB"
175;-136,367058280117;-66,934415857209;"Prom"
175;-63,5010991527404;105,189269408835;"EnhA"
175;199,868157432858;-38,2548535516257;"EnhB"
176;-524,259580329292;-251,76364621919;"Prom"
176;45,171659305494;215,345630243955;"EnhA"
176;479,087921023798;36,4180159752352;"EnhB"
177;-201,370641956123;-237,794454056924;"Prom"
177;-15,4023022941295;306,332217519158;"EnhA"
177;216,772944250253;-68,5377634622337;"EnhB"
178;-269,684579365703;-82,189187211769;"Prom"
178;-58,7627505590181;93,96585427932;"EnhA"
178;328,447329924721;-11,776667067551;"EnhB"
179;-805,223550848221;-2,44669569403574;"Prom"
179;-455,584428759398;106,100275057836;"EnhA"
179;1260,80797960762;-103,6535793638;"EnhB"
180;-644,502289783035;-942,20495744362;"Prom"
180;247,135327894295;1055,69130238667;"EnhA"
180;397,36696188874;-113,486344943048;"EnhB"
181;-485,255158948112;-280,131732689709;"Prom"
181;177,408206168213;182,274239439279;"EnhA"
181;307,846952779899;97,8574932504303;"EnhB"
182;-92,9109070325804;-72,5945965801529;"Prom"
182;-5,87929985962489;87,1290189842178;"EnhA"
182;98,7902068922053;-14,534422404065;"EnhB"
183;-119,105262817584;-39,9968937009033;"Prom"
183;-205,400314341988;159,121071684291;"EnhA"
183;324,505577159571;-119,124177983388;"EnhB"
184;-177,224745301249;-102,345313206752;"Prom"
184;-26,1468523026153;123,53094309471;"EnhA"
184;203,371597603865;-21,1856298879574;"EnhB"
185;-292,213184746042;-22,0570086561377;"Prom"
185;-423,885496239806;230,781287389622;"EnhA"
185;716,098680985847;-208,724278733484;"EnhB"
186;-200,502338210307;-77,2015370949557;"Prom"
186;-279,663815014446;240,705380915128;"EnhA"
186;480,166153224753;-163,503843820172;"EnhB"
187;-166,62159358281;-129,041183467042;"Prom"
187;-131,348926377451;230,201547665143;"EnhA"
187;297,970519960261;-101,160364198101;"EnhB"
188;-465,955839421571;-231,785379953209;"Prom"
188;-1,83016919413782;229,213379626242;"EnhA"
188;467,786008615709;2,57200032696701;"EnhB"
189;-340,790088989133;-151,010030413403;"Prom"
189;9,86462048929785;133,979045310291;"EnhA"
189;330,925468499835;17,0309851031116;"EnhB"
190;-338,091569811146;-282,702541151722;"Prom"
190;61,2170089621524;292,044979920904;"EnhA"
190;276,874560848993;-9,34243876918287;"EnhB"
191;-72,3450789554159;-104,15537529579;"Prom"
191;-97,8669754201589;194,792166987246;"EnhA"
191;170,212054375575;-90,6367916914557;"EnhB"
192;-239,65268865602;-281,840854920798;"Prom"
192;-233,315483916852;497,434108000505;"EnhA"
192;472,968172572873;-215,593253079706;"EnhB"
193;-210,255524150314;-297,310210669886;"Prom"
193;22,834322210915;366,071495944706;"EnhA"
193;187,421201939399;-68,7612852748204;"EnhB"
194;-178,447000497777;-231,982613825705;"Prom"
194;-34,1973105998581;314,923205305042;"EnhA"
194;212,644311097635;-82,9405914793367;"EnhB"
195;-356,790646349461;-262,838806017541;"Prom"
195;-25,6298331211739;313,557772562075;"EnhA"
195;382,420479470635;-50,7189665445336;"EnhB"
196;-229,03287202734;-151,398638493661;"Prom"
196;-44,1243763786072;193,656845961459;"EnhA"
196;273,157248405947;-42,2582074677978;"EnhB"
197;-41,4896935724235;6,33123621502137;"Prom"
197;-253,860556946314;140,344583772793;"EnhA"
197;295,350250518738;-146,675819987815;"EnhB"
198;-179,120399093714;-165,482010672845;"Prom"
198;-159,817531825535;297,645595861918;"EnhA"
198;338,937930919249;-132,163585189073;"EnhB"
199;-272,774159249163;-41,6469504781844;"Prom"
199;-185,855704123749;114,432958150049;"EnhA"
199;458,629863372912;-72,786007671865;"EnhB"
200;-98,4416032081384;-129,365346671594;"Prom"
200;-253,566506568147;322,605656647184;"EnhA"
200;352,008109776286;-193,24030997559;"EnhB"
201;-139,376299048441;-6,14954743034685;"Prom"
201;-89,6706933365361;33,375382444998;"EnhA"
201;229,046992384977;-27,2258350146512;"EnhB"
202;-349,885108180648;-66,4934231856377;"Prom"
202;1,86224676905436;15,2515410423646;"EnhA"
202;348,022861411594;51,2418821432731;"EnhB"
203;-421,346228109414;-203,239243885908;"Prom"
203;-43,1175544007134;224,066300544665;"EnhA"
203;464,463782510127;-20,827056658756;"EnhB"
204;16,0222173429552;-455,582463618954;"Prom"
204;-251,370235864062;816,813332468648;"EnhA"
204;235,348018521107;-361,230868849694;"EnhB"
205;-117,32711805683;-179,764899101643;"Prom"
205;-171,053818736274;339,246362633299;"EnhA"
205;288,380936793104;-159,481463531656;"EnhB"
206;-255,896424969869;-185,951846151764;"Prom"
206;62,5474445130207;170,557467366927;"EnhA"
206;193,348980456848;15,3943787848366;"EnhB"
207;-276,154672638896;-106,368403651934;"Prom"
207;-114,011797550197;161,883104865284;"EnhA"
207;390,166470189093;-55,5147012133495;"EnhB"
208;-114,627014251503;-169,949515457725;"Prom"
208;3,035175010318;216,784238930417;"EnhA"
208;111,591839241185;-46,834723472692;"EnhB"
209;-313,716154013807;-172,333702498833;"Prom"
209;-17,1800514520458;187,738815289422;"EnhA"
209;330,896205465852;-15,405112790589;"EnhB"
210;-1018,96877739375;-602,74035539271;"Prom"
210;331,929944809342;429,037924861442;"EnhA"
210;687,03883258441;173,702430531268;"EnhB"
211;-588,042217990043;-530,840966305162;"Prom"
211;307,92639729373;438,229565241293;"EnhA"
211;280,115820696313;92,6114010638687;"EnhB"
212;-374,672225985737;9,19394654692928;"Prom"
212;-296,352935654353;87,2908835973789;"EnhA"
212;671,02516164009;-96,4848301443082;"EnhB"
213;-500,106394788343;-110,708884623553;"Prom"
213;6,62363451048398;41,8751121606661;"EnhA"
213;493,482760277859;68,8337724628871;"EnhB"
214;-450,068621422221;-219,423313899811;"Prom"
214;53,6973172915009;180,268976176957;"EnhA"
214;396,37130413072;39,1543377228546;"EnhB"
215;-386,312522644536;35,7094759507868;"Prom"
215;-330,07981188754;67,5854543729274;"EnhA"
215;716,392334532076;-103,294930323714;"EnhB"
216;-233,98506246282;-104,201347441539;"Prom"
216;-211,382818591049;229,256090038357;"EnhA"
216;445,367881053869;-125,054742596818;"EnhB"
217;-187,94124390048;-136,463725278121;"Prom"
217;-64,8353299413955;194,431061280113;"EnhA"
217;252,776573841876;-57,967336001992;"EnhB"
218;-94,3192405923292;-177,010990513771;"Prom"
218;4,62659895380084;230,557584051232;"EnhA"
218;89,6926416385283;-53,5465935374616;"EnhB"
219;-12,6666737167582;-182,047359681628;"Prom"
219;-97,8608234209953;320,452491671623;"EnhA"
219;110,527497137754;-138,405131989995;"EnhB"
220;-42,361087564759;-57,1724711409573;"Prom"
220;-122,514159989599;149,374173881666;"EnhA"
220;164,875247554358;-92,2017027407085;"EnhB"
221;-190,766062563351;-149,921304298008;"Prom"
221;-131,312706707248;254,765873378241;"EnhA"
221;322,078769270599;-104,844569080234;"EnhB"
222;-123,206824031207;-251,707262927982;"Prom"
222;-257,955304014016;495,867154921351;"EnhA"
222;381,162128045223;-244,159891993369;"EnhB"
223;-516,076362069677;-164,27460389581;"Prom"
223;22,7281829306434;105,29253668903;"EnhA"
223;493,348179139034;58,9820672067799;"EnhB"
224;-260,4970011968;-174,630328131072;"Prom"
224;-31,6911371158692;212,189456873555;"EnhA"
224;292,188138312669;-37,5591287424829;"EnhB"
225;-209,765046984438;-242,810579730115;"Prom"
225;39,8551776326139;277,071157580087;"EnhA"
225;169,909869351824;-34,260577849972;"EnhB"
226;-201,936773607428;-164,746846002341;"Prom"
226;-76,9941444894039;239,585119215254;"EnhA"
226;278,930918096832;-74,8382732129135;"EnhB"
227;-65,9736749304594;-113,869563715388;"Prom"
227;-172,709754833795;257,057381499915;"EnhA"
227;238,683429764254;-143,187817784527;"EnhB"
228;-317,727812643619;-175,45543960283;"Prom"
228;-42,9584690897168;207,455593539235;"EnhA"
228;360,686281733336;-32,0001539364048;"EnhB"
229;-413,145927419933;-118,365035863815;"Prom"
229;-158,390439604419;175,873419227568;"EnhA"
229;571,536367024353;-57,5083833637529;"EnhB"
230;-115,44454025919;-98,7314713644717;"Prom"
230;-68,8286964627859;159,0422295954;"EnhA"
230;184,273236721976;-60,3107582309285;"EnhB"
231;-337,882371727743;-134,42461176575;"Prom"
231;-35,5903693730317;139,206445785183;"EnhA"
231;373,472741100775;-4,78183401943252;"EnhB"
232;-310,189255888976;-175,170007448145;"Prom"
232;110,545899581186;112,691643260297;"EnhA"
232;199,64335630779;62,4783641878479;"EnhB"
233;-391,294587123721;-362,438521471361;"Prom"
233;-47,0832661422298;462,550025882588;"EnhA"
233;438,377853265951;-100,111504411227;"EnhB"
234;-191,965908677633;-80,8357867474214;"Prom"
234;20,8678334970267;59,8020504594743;"EnhA"
234;171,098075180606;21,0337362879471;"EnhB"
235;-428,281857164003;-227,665043824351;"Prom"
235;131,048700090338;148,666729920781;"EnhA"
235;297,233157073665;78,9983139035695;"EnhB"
236;-864,723042823621;-394,758923224487;"Prom"
236;137,218328594063;286,431452736534;"EnhA"
236;727,504714229558;108,327470487953;"EnhB"
237;-93,2872453541708;-9,46520326443958;"Prom"
237;-24,5223520551581;7,82661354924067;"EnhA"
237;117,809597409329;1,63858971519893;"EnhB"
238;-857,508674129626;-402,615236364982;"Prom"
238;-22,324219459772;399,217516722592;"EnhA"
238;879,832893589398;3,39771964238972;"EnhB"
239;-290,19164462366;-203,349520964236;"Prom"
239;-81,5003953275304;277,974073097915;"EnhA"
239;371,69203995119;-74,6245521336784;"EnhB"
240;-122,89051670999;-33,4739178427859;"Prom"
240;-147,676153322248;112,748972783154;"EnhA"
240;270,566670032238;-79,2750549403678;"EnhB"
241;-153,516843277921;-33,2844745277373;"Prom"
241;-307,557701566799;205,58666374034;"EnhA"
241;461,074544844719;-172,302189212603;"EnhB"
242;-172,68896840396;-47,047015564726;"Prom"
242;-203,980474280407;156,236171278707;"EnhA"
242;376,669442684367;-109,189155713981;"EnhB"
243;-209,747370192577;-241,174632422813;"Prom"
243;-271,331428444714;469,458111525717;"EnhA"
243;481,078798637291;-228,283479102904;"EnhB"
244;-191,200375509371;-260,071011794289;"Prom"
244;-211,372894497256;463,34469058032;"EnhA"
244;402,573270006627;-203,273678786031;"EnhB"
245;-249,760849921725;-53,1798814018328;"Prom"
245;-38,4101093478637;43,9824857763821;"EnhA"
245;288,170959269589;9,19739562545067;"EnhB"
246;-314,4057343945;-83,9715439354843;"Prom"
246;-2,83816428353435;51,3975227981471;"EnhA"
246;317,243898678034;32,5740211373372;"EnhB"
247;-57,0145693559945;-291,896845034474;"Prom"
247;-174,759596658578;516,666640670853;"EnhA"
247;231,774166014572;-224,769795636379;"EnhB"
248;-204,374159013539;-104,624530595566;"Prom"
248;11,5804911732275;97,0486614868204;"EnhA"
248;192,793667840312;7,57586910874597;"EnhB"
249;-190,160922836685;-104,941154729811;"Prom"
249;-8,6110083200592;113,361939492959;"EnhA"
249;198,771931156744;-8,42078476314798;"EnhB"
250;-538,016683328907;-105,150147802921;"Prom"
250;-98,224945991742;90,8926560865309;"EnhA"
250;636,241629320649;14,2574917163896;"EnhB"
251;-294,967471326004;-153,478256975071;"Prom"
251;-111,415154392472;223,815133424145;"EnhA"
251;406,382625718477;-70,3368764490738;"EnhB"
252;-275,306992454585;-200,83569908585;"Prom"
252;-25,4761167867124;242,669478994978;"EnhA"
252;300,783109241297;-41,8337799091279;"EnhB"
253;-891,299936855425;-509,609223273676;"Prom"
253;306,55420309343;339,78150948376;"EnhA"
253;584,745733761995;169,827713789917;"EnhB"
254;-174,959641395043;-99,2714309331232;"Prom"
254;13,389794494709;94,8773687369598;"EnhA"
254;161,569846900334;4,39406219616343;"EnhB"
255;-648,993220904879;-291,06642539822;"Prom"
255;228,511092033783;128,921346589024;"EnhA"
255;420,482128871096;162,145078809196;"EnhB"
256;-260,587143203506;-142,338735680118;"Prom"
256;-15,824093155044;155,751195365337;"EnhA"
256;276,41123635855;-13,412459685219;"EnhB"
257;-312,808744393795;-94,8344354358825;"Prom"
257;-24,8784040012014;81,1908104884539;"EnhA"
257;337,687148394997;13,6436249474286;"EnhB"
258;-205,218758170496;-161,858794586862;"Prom"
258;-111,644747716552;256,367490875575;"EnhA"
258;316,863505887048;-94,5086962887127;"EnhB"
259;-429,235815598011;-107,024355034342;"Prom"
259;-1,37571363841709;57,6411521847145;"EnhA"
259;430,611529236428;49,3832028496273;"EnhB"
260;-314,757224001083;-50,2063278865317;"Prom"
260;-132,362658571078;83,7634083790407;"EnhA"
260;447,119882572161;-33,557080492509;"EnhB"
261;-204,894736910447;-298,635820699404;"Prom"
261;75,324202855325;336,347298068021;"EnhA"
261;129,570534055122;-37,7114773686179;"EnhB"
262;-245,742036153638;-191,025014770425;"Prom"
262;-39,0434501948702;243,737535413843;"EnhA"
262;284,785486348508;-52,712520643418;"EnhB"
263;-69,321323895874;-105,016629179702;"Prom"
263;-50,4892244114748;167,068848178557;"EnhA"
263;119,810548307349;-62,0522189988544;"EnhB"
264;-157,289785598333;-74,0970241598729;"Prom"
264;-12,083495747952;78,5814972743741;"EnhA"
264;169,373281346285;-4,48447311450122;"EnhB"
265;-209,51970415895;-37,0870178827839;"Prom"
265;-98,3413074973492;67,4406041938626;"EnhA"
265;307,861011656299;-30,3535863110787;"EnhB"
266;-429,288515346473;-35,9597838044688;"Prom"
266;-171,358764534948;61,6956647446865;"EnhA"
266;600,647279881421;-25,7358809402176;"EnhB"
267;-162,898502642101;-121,663169387721;"Prom"
267;-43,7264058204775;165,590287813403;"EnhA"
267;206,624908462578;-43,9271184256821;"EnhB"
268;-369,362494919107;-124,850524392003;"Prom"
268;38,4933529693529;71,9264449728991;"EnhA"
268;330,869141949755;52,9240794191038;"EnhB"
269;-518,972934528227;-218,325777045412;"Prom"
269;-86,3231753518004;250,693820548324;"EnhA"
269;605,296109880027;-32,3680435029117;"EnhB"
270;-573,225851846102;-156,80810963334;"Prom"
270;-147,332152375554;188,011567264784;"EnhA"
270;720,558004221656;-31,2034576314441;"EnhB"
271;-498,444718437742;-109,144684397629;"Prom"
271;-420,109498099501;307,046114335998;"EnhA"
271;918,554216537244;-197,90142993837;"EnhB"
272;-84,7581311202757;-278,059722033837;"Prom"
272;-349,880775549078;600,046836897033;"EnhA"
272;434,638906669353;-321,987114863196;"EnhB"
273;-411,067346861779;-312,268694722187;"Prom"
273;96,317994869828;296,102047651228;"EnhA"
273;314,74935199195;16,1666470709584;"EnhB"
274;-564,146609421004;-321,015761522544;"Prom"
274;4,31652212789546;331,569407975732;"EnhA"
274;559,830087293109;-10,5536464531887;"EnhB"
275;-161,615701284711;-241,928615310665;"Prom"
275;-236,864880632866;459,884881115459;"EnhA"
275;398,480581917577;-217,956265804794;"EnhB"
276;-377,217486574908;-214,800318961129;"Prom"
276;61,4402474051711;185,28150808082;"EnhA"
276;315,777239169737;29,5188108803094;"EnhB"
277;-622,21359701403;-53,2640362924828;"Prom"
277;-126,397894931032;14,7403495884694;"EnhA"
277;748,611491945062;38,5236867040134;"EnhB"
278;-204,440491856279;-225,657353731297;"Prom"
278;-19,5470391537052;290,757017346937;"EnhA"
278;223,987531009985;-65,0996636156392;"EnhB"
279;-194,479573195774;-119,945011015554;"Prom"
279;-150,246328973138;222,617474921258;"EnhA"
279;344,725902168912;-102,672463905704;"EnhB"
280;-601,705347941233;-227,406211068722;"Prom"
280;110,705728568464;121,713978995969;"EnhA"
280;490,999619372769;105,692232072754;"EnhB"
281;-432,60302573995;-402,615664071066;"Prom"
281;79,8669689350292;431,582752746229;"EnhA"
281;352,736056804921;-28,9670886751626;"EnhB"
282;-237,141872833797;-168,155606621478;"Prom"
282;-210,957543138534;320,345675898471;"EnhA"
282;448,099415972331;-152,190069276994;"EnhB"
283;-136,983040433338;-122,566016819577;"Prom"
283;-67,5673130249769;187,683878878497;"EnhA"
283;204,550353458315;-65,1178620589199;"EnhB"
284;-177,317435004145;-162,957201770337;"Prom"
284;-6,74440973963365;198,627504053721;"EnhA"
284;184,061844743778;-35,6703022833844;"EnhB"
285;-294,378118252296;-110,734023245299;"Prom"
285;-62,7156557376701;131,936534839864;"EnhA"
285;357,093773989966;-21,2025115945651;"EnhB"
286;-309,387334083974;-104,420101337073;"Prom"
286;-48,2022268102725;110,362154410079;"EnhA"
286;357,589560894247;-5,94205307300679;"EnhB"
287;-315,28411674362;-46,9788958065656;"Prom"
287;-273,232245060186;167,152703801916;"EnhA"
287;588,516361803806;-120,17380799535;"EnhB"
288;-211,536159097885;-322,120247657171;"Prom"
288;-310,101073179331;609,847147443256;"EnhA"
288;521,637232277217;-287,726899786084;"EnhB"
289;-322,399609321498;-61,328601319521;"Prom"
289;-17,2474150359589;26,0049662630616;"EnhA"
289;339,647024357456;35,3236350564595;"EnhB"
290;-295,111283877967;-326,022457930701;"Prom"
290;77,6573336277034;353,864472284952;"EnhA"
290;217,453950250263;-27,8420143542517;"EnhB"
291;-195,849635298028;-122,514151800018;"Prom"
291;-21,4015234371363;145,375498060007;"EnhA"
291;217,251158735164;-22,8613462599886;"EnhB"
292;-468,717917132555;-59,2852864171142;"Prom"
292;-290,400063661732;160,833543125042;"EnhA"
292;759,117980794287;-101,548256707928;"EnhB"
293;-211,585162973119;-256,975203540278;"Prom"
293;-167,136404672964;426,584284526754;"EnhA"
293;378,721567646083;-169,609080986476;"EnhB"
294;-289,004028227217;-130,083749469041;"Prom"
294;76,5871462607158;73,8367985506788;"EnhA"
294;212,416881966501;56,2469509183623;"EnhB"
295;-205,885687081869;-88,4978569674443;"Prom"
295;-88,4212101578527;136,06966527452;"EnhA"
295;294,306897239722;-47,5718083070762;"EnhB"
296;-330,779983889096;-184,398749357288;"Prom"
296;16,3243434540226;180,273459839915;"EnhA"
296;314,455640435074;4,12528951737266;"EnhB"
297;-241,87892899717;-103,029094222129;"Prom"
297;-75,9827461352761;141,046831140662;"EnhA"
297;317,861675132446;-38,0177369185336;"EnhB"
298;-279,341969641231;-119,352466515224;"Prom"
298;-159,544843871754;208,347261431458;"EnhA"
298;438,886813512985;-88,994794916234;"EnhB"
299;-157,937384619285;-32,141403134494;"Prom"
299;-109,981662424014;79,2974985698158;"EnhA"
299;267,919047043299;-47,1560954353219;"EnhB"
300;-143,568055073862;-61,5320594054822;"Prom"
300;-266,300176826528;222,689592606889;"EnhA"
300;409,86823190039;-161,157533201407;"EnhB"
301;-181,823608789227;-255,141739983387;"Prom"
301;-270,569613761825;495,418609850952;"EnhA"
301;452,393222551052;-240,276869867566;"EnhB"
302;-301,529359695519;-289,088692488209;"Prom"
302;-76,9787438981499;396,008272291781;"EnhA"
302;378,508103593669;-106,919579803572;"EnhB"
303;-183,1941001096;-170,78199662069;"Prom"
303;-61,4966101575652;242,823821935972;"EnhA"
303;244,690710267165;-72,0418253152827;"EnhB"
304;-449,703675622347;-117,465232481983;"Prom"
304;-732,56185875231;525,603284155161;"EnhA"
304;1182,26553437466;-408,138051673178;"EnhB"
305;-536,946208313005;-272,480332206156;"Prom"
305;-110,64829158823;339,805426583139;"EnhA"
305;647,594499901235;-67,3250943769832;"EnhB"
306;-497,158713829084;-269,861397491111;"Prom"
306;51,3168729055304;243,697362403787;"EnhA"
306;445,841840923554;26,1640350873238;"EnhB"
307;-230,974856882414;-189,873337817831;"Prom"
307;-28,2901265397373;238,697522307627;"EnhA"
307;259,264983422151;-48,8241844897958;"EnhB"
308;-59,9863617719282;-65,5200942334156;"Prom"
308;-78,1927595173354;129,660594487144;"EnhA"
308;138,179121289264;-64,1405002537281;"EnhB"
309;-178,225443779965;-274,175107161147;"Prom"
309;-183,84651304962;469,364836411337;"EnhA"
309;362,071956829586;-195,18972925019;"EnhB"
310;-873,801881132089;-273,853321427693;"Prom"
310;172,360991176975;88,3206395358994;"EnhA"
310;701,440889955114;185,532681891793;"EnhB"
311;-278,559315863497;-266,360312166936;"Prom"
311;17,5647457193879;309,329664485874;"EnhA"
311;260,99457014411;-42,9693523189376;"EnhB"
312;-211,493301608478;-27,0632763096702;"Prom"
312;-158,390196879748;90,1407558661245;"EnhA"
312;369,883498488226;-63,0774795564543;"EnhB"
313;-189,764842944688;-58,5682038276966;"Prom"
313;-52,8751248574581;74,3913725592704;"EnhA"
313;242,639967802146;-15,8231687315739;"EnhB"
314;-355,35221423177;-306,38908985236;"Prom"
314;1,21754987071954;359,779798089583;"EnhA"
314;354,13466436105;-53,390708237223;"EnhB"
315;-684,456364362187;-36,7337908689976;"Prom"
315;-472,791566000453;193,604315275515;"EnhA"
315;1157,24793036264;-156,870524406517;"EnhB"
316;-367,085244509541;-171,675125745474;"Prom"
316;6,42790559363908;159,91964150226;"EnhA"
316;360,657338915902;11,7554842432145;"EnhB"
317;-154,543580390685;-118,10536053839;"Prom"
317;-221,428952889315;273,567011788794;"EnhA"
317;375,97253328;-155,461651250404;"EnhB"
318;8,63233757342932;-241,312263322389;"Prom"
318;-516,502748688357;672,583532660714;"EnhA"
318;507,870411114928;-431,271269338324;"EnhB"
319;-150,26902454367;-19,9688968891808;"Prom"
319;-231,089557761125;139,300022706449;"EnhA"
319;381,358582304794;-119,331125817268;"EnhB"
320;-310,201179537495;-129,939777049273;"Prom"
320;-71,096983390666;161,244251709043;"EnhA"
320;381,298162928161;-31,3044746597699;"EnhB"
321;-105,262560393268;-80,9192733464052;"Prom"
321;-61,7134604851741;131,254358968558;"EnhA"
321;166,976020878442;-50,3350856221531;"EnhB"
322;33,734449479574;-610,696042824296;"Prom"
322;-552,945126957873;1232,85956867155;"EnhA"
322;519,210677478299;-622,16352584725;"EnhB"
323;-355,801917436789;-54,5294447663618;"Prom"
323;-174,860261572368;107,278052872487;"EnhA"
323;530,662179009157;-52,7486081061254;"EnhB"
324;-213,189706813425;-37,8743894728823;"Prom"
324;-25,1209144402937;21,9214986451569;"EnhA"
324;238,310621253719;15,9528908277255;"EnhB"
325;-355,194470020122;-78,1773138455432;"Prom"
325;-204,210746207528;159,827531185995;"EnhA"
325;559,40521622765;-81,6502173404519;"EnhB"
326;-312,839466237133;-316,264088861458;"Prom"
326;13,0882726086547;376,204198659464;"EnhA"
326;299,751193628479;-59,9401097980057;"EnhB"
327;-395,567627016153;-112,119038552063;"Prom"
327;-83,3005420259651;123,875291551902;"EnhA"
327;478,868169042118;-11,756252999839;"EnhB"
328;-118,443344447763;-15,6580712572012;"Prom"
328;-52,3666380189567;28,4646324970604;"EnhA"
328;170,80998246672;-12,8065612398592;"EnhB"
329;-212,700617371828;-53,1216942720767;"Prom"
329;-200,471462985516;153,716026586091;"EnhA"
329;413,172080357344;-100,594332314014;"EnhB"
330;-295,499094784681;-34,4074689959535;"Prom"
330;-118,576963613509;56,7570332179488;"EnhA"
330;414,07605839819;-22,3495642219952;"EnhB"
331;-344,934191774093;-34,6573806751334;"Prom"
331;-96,2261130940083;31,9241796199496;"EnhA"
331;441,160304868102;2,73320105518383;"EnhB"
332;-203,408973142759;-298,490713659015;"Prom"
332;-354,617092376773;605,529055574348;"EnhA"
332;558,026065519532;-307,038341915332;"EnhB"
333;-124,003023365393;-157,957783181664;"Prom"
333;-2,60995287733471;200,927807401205;"EnhA"
333;126,612976242728;-42,9700242195409;"EnhB"
334;-223,893468318659;-236,82060275502;"Prom"
334;60,6224704806188;252,249176560158;"EnhA"
334;163,27099783804;-15,4285738051384;"EnhB"
335;-288,904810916891;-59,4312738192291;"Prom"
335;-83,9468112072228;72,6058489442054;"EnhA"
335;372,851622124114;-13,1745751249762;"EnhB"
336;-450,022677656423;-115,138194045052;"Prom"
336;-540,97306593147;402,286113279997;"EnhA"
336;990,995743587893;-287,147919234945;"EnhB"
337;-35,7176756147551;-296,2671691019;"Prom"
337;-33,5212143182836;439,399931004664;"EnhA"
337;69,2388899330389;-143,132761902764;"EnhB"
338;-221,952925678636;-59,3107589624881;"Prom"
338;-110,120718933304;103,988027205535;"EnhA"
338;332,073644611941;-44,6772682430468;"EnhB"
339;-232,295495943789;-337,739450535691;"Prom"
339;-594,441821840773;805,56581877076;"EnhA"
339;826,737317784562;-467,826368235068;"EnhB"
340;-100,18661985558;-53,8210921585641;"Prom"
340;-61,9071737278335;93,5144663404112;"EnhA"
340;162,093793583413;-39,693374181847;"EnhB"
341;-446,532429107854;-72,2094840181692;"Prom"
341;-427,395231250808;270,199140674606;"EnhA"
341;873,927660358661;-197,989656656437;"EnhB"
342;-371,226743505472;-136,493498146684;"Prom"
342;-48,986380990739;143,009719672607;"EnhA"
342;420,213124496211;-6,51622152592295;"EnhB"
343;-231,280716781443;-304,689485446097;"Prom"
343;-284,389225274805;564,187227028831;"EnhA"
343;515,669942056248;-259,497741582734;"EnhB"
344;-263,233522529558;-200,186116575805;"Prom"
344;-17,8974832059125;239,728404702516;"EnhA"
344;281,131005735471;-39,5422881267105;"EnhB"
345;-220,423942333171;-24,988300185083;"Prom"
345;-37,6519194383936;9,57212454375662;"EnhA"
345;258,075861771565;15,4161756413264;"EnhB"
346;-399,350732841568;-51,349931630046;"Prom"
346;-444,708896112403;261,698455625318;"EnhA"
346;844,059628953971;-210,348523995272;"EnhB"
347;-1105,75115602966;-394,774318821642;"Prom"
347;142,295705635891;228,641428914246;"EnhA"
347;963,455450393774;166,132889907396;"EnhB"
348;-160,961148062108;-59,5756035887842;"Prom"
348;-13,0264072219931;57,4337033435484;"EnhA"
348;173,987555284101;2,14190024523572;"EnhB"
349;-10,7453235089201;-204,288874841848;"Prom"
349;-143,909478389622;381,724733790688;"EnhA"
349;154,654801898542;-177,43585894884;"EnhB"
350;-83,5917474488643;-29,6535405535574;"Prom"
350;-209,686635147076;154,962674344307;"EnhA"
350;293,27838259594;-125,309133790749;"EnhB"
351;-225,434431542493;-135,88701761934;"Prom"
351;-589,855023894277;513,655266387266;"EnhA"
351;815,289455436769;-377,768248767926;"EnhB"
352;-421,611611374844;-118,301825470983;"Prom"
352;11,6778143467422;67,4360947855127;"EnhA"
352;409,933797028102;50,8657306854697;"EnhB"
353;-737,065050091503;-186,506095042938;"Prom"
353;-211,0306994766;233,490020518024;"EnhA"
353;948,095749568102;-46,9839254750866;"EnhB"
354;-152,857083466171;-71,153258765757;"Prom"
354;-141,141156420933;156,111572445732;"EnhA"
354;293,998239887104;-84,9583136799753;"EnhB"
355;-393,204598269672;-263,531564801587;"Prom"
355;81,7272967583997;239,117755566304;"EnhA"
355;311,477301511272;24,4138092352824;"EnhB"
356;-222,958128478402;-67,8988846103058;"Prom"
356;-219,877749162645;184,809091783004;"EnhA"
356;442,835877641047;-116,910207172698;"EnhB"
357;-271,851539136472;-148,158094570311;"Prom"
357;14,3415582978762;142,698220617104;"EnhA"
357;257,509980838595;5,45987395320692;"EnhB"
358;-320,130535258029;-130,2549775202;"Prom"
358;29,6602974061417;96,394188422857;"EnhA"
358;290,470237851887;33,8607890973435;"EnhB"
359;-241,106664962724;-120,683564441723;"Prom"
359;47,3361418894635;89,4660249771414;"EnhA"
359;193,77052307326;31,2175394645814;"EnhB"
360;-404,286846870577;-140,215169091757;"Prom"
360;-384,731287345499;350,980248262954;"EnhA"
360;789,018134216076;-210,765079171197;"EnhB"
361;-32,2234685097274;-81,347453162945;"Prom"
361;-293,049121364332;293,194882010564;"EnhA"
361;325,272589874059;-211,847428847619;"EnhB"
362;-110,884951609911;-43,0394395159293;"Prom"
362;-99,6832638470739;99,2076841086471;"EnhA"
362;210,568215456985;-56,1682445927178;"EnhB"
363;-634,433833910606;-524,707956386506;"Prom"
363;-23,9410226978502;626,564466157912;"EnhA"
363;658,374856608456;-101,856509771406;"EnhB"
364;-293,913604016497;-71,1005230620915;"Prom"
364;-25,5587764250235;51,7312638508803;"EnhA"
364;319,47238044152;19,3692592112111;"EnhB"
365;-344,186164735329;-162,111968752028;"Prom"
365;-76,6414660111483;203,326895992922;"EnhA"
365;420,827630746478;-41,2149272408942;"EnhB"
366;-296,532505405316;-89,5467209245389;"Prom"
366;23,4735586677522;47,0095132975453;"EnhA"
366;273,058946737564;42,5372076269936;"EnhB"
367;-467,337521966415;-328,835762156456;"Prom"
367;17,9311865325935;356,251568240352;"EnhA"
367;449,406335433822;-27,4158060838962;"EnhB"
368;-251,380841428218;-364,100040739681;"Prom"
368;191,56165138344;347,314718309803;"EnhA"
368;59,8191900447781;16,7853224298781;"EnhB"
369;-226,416921758669;-24,9696693337826;"Prom"
369;-38,130123334595;8,48610641397104;"EnhA"
369;264,547045093264;16,4835629198116;"EnhB"
370;-875,247954516113;-202,518814989871;"Prom"
370;-212,945339687324;226,418312703894;"EnhA"
370;1088,19329420344;-23,8994977140231;"EnhB"
371;-476,141839377434;-150,946636865351;"Prom"
371;28,5753829930692;91,4980114163165;"EnhA"
371;447,566456384365;59,4486254490344;"EnhB"
372;-187,199420774154;-277,006060785205;"Prom"
372;-163,920144123742;458,936466393985;"EnhA"
372;351,119564897896;-181,93040560878;"EnhB"
373;-312,978456476729;-302,446741254202;"Prom"
373;43,6375267878312;337,163166010543;"EnhA"
373;269,340929688898;-34,7164247563416;"EnhB"
374;-208,425619057277;-203,915834125986;"Prom"
374;-53,1433808367941;279,577997156393;"EnhA"
374;261,568999894071;-75,6621630304067;"EnhB"
375;-291,776075055141;-261,685140271661;"Prom"
375;56,6196596412756;275,162933978938;"EnhA"
375;235,156415413866;-13,4777937072778;"EnhB"
376;-338,263158356993;-117,363656226327;"Prom"
376;10,5638077194638;85,675529645794;"EnhA"
376;327,699350637529;31,688126580533;"EnhB"
377;-625,113396195986;-217,024027358773;"Prom"
377;-174,811777659757;280,135953782747;"EnhA"
377;799,925173855744;-63,1119264239745;"EnhB"
378;-634,359035503768;-258,461223036126;"Prom"
378;-110,105637652084;297,202374151778;"EnhA"
378;744,464673155852;-38,7411511156526;"EnhB"
379;-210,458748649312;-214,44940679798;"Prom"
379;-45,818149373156;289,697649119257;"EnhA"
379;256,276898022468;-75,2482423212772;"EnhB"
380;-283,400725694492;-106,403503985809;"Prom"
380;-174,549957537551;198,175448655535;"EnhA"
380;457,950683232043;-91,7719446697253;"EnhB"
381;-222,02624780778;-155,844819678794;"Prom"
381;110,384819439543;104,955340421449;"EnhA"
381;111,641428368237;50,8894792573454;"EnhB"
382;-261,654353356463;-113,249468790762;"Prom"
382;-4,90916577179796;106,800658297155;"EnhA"
382;266,563519128261;6,44881049360658;"EnhB"
383;-428,103327216014;-597,669984528037;"Prom"
383;121,707661893435;687,227683128024;"EnhA"
383;306,395665322579;-89,557698599987;"EnhB"
384;-199,320812122186;-198,769500020711;"Prom"
384;4,72613262645731;238,018651773398;"EnhA"
384;194,594679495729;-39,2491517526871;"EnhB"
385;-229,271478598729;-57,485656282485;"Prom"
385;-16,7914303561244;41,2968720877277;"EnhA"
385;246,062908954854;16,1887841947572;"EnhB"
386;-155,574307842091;-84,9459379793641;"Prom"
386;-86,711325675307;141,290419897671;"EnhA"
386;242,285633517398;-56,3444819183069;"EnhB"
387;-502,247179676878;-349,072722994622;"Prom"
387;46,727671230386;359,451837678217;"EnhA"
387;455,519508446492;-10,3791146835949;"EnhB"
388;-125,002371853529;-158,399837849452;"Prom"
388;-20,9684942216543;212,826312450446;"EnhA"
388;145,970866075183;-54,4264746009938;"EnhB"
389;-283,501779503315;-42,679803761278;"Prom"
389;-178,22242214392;108,711377631583;"EnhA"
389;461,724201647235;-66,0315738703054;"EnhB"
390;-373,192466065599;-115,170358195356;"Prom"
390;-84,7579507257905;134,252003823546;"EnhA"
390;457,950416791389;-19,0816456281901;"EnhB"
391;-384,973416075449;-207,479121489399;"Prom"
391;1,04043395213302;210,781259034035;"EnhA"
391;383,932982123316;-3,30213754463544;"EnhB"
392;-237,374340939525;-168,52385434309;"Prom"
392;-66,8853582571393;230,663888188254;"EnhA"
392;304,259699196664;-62,1400338451632;"EnhB"
393;-425,471033861812;-493,632581826962;"Prom"
393;289,307874982291;433,164768064057;"EnhA"
393;136,163158879521;60,4678137629053;"EnhB"
394;-304,213178231229;-113,055932239972;"Prom"
394;-130,807529191021;175,661260021333;"EnhA"
394;435,020707422251;-62,6053277813614;"EnhB"
395;-412,177499118646;-183,43343102991;"Prom"
395;-76,8928964908433;218,767660759333;"EnhA"
395;489,07039560949;-35,3342297294227;"EnhB"
396;-302,676232556819;-286,097433336374;"Prom"
396;-7,75223572239925;348,120557931728;"EnhA"
396;310,428468279218;-62,023124595354;"EnhB"
397;-334,444436897148;-177,194463914556;"Prom"
397;-114,933927355896;251,211618117474;"EnhA"
397;449,378364253044;-74,0171542029185;"EnhB"
398;-371,338622622069;-201,194778443212;"Prom"
398;14,7857938663022;196,222965166346;"EnhA"
398;356,552828755767;4,9718132768658;"EnhB"
399;-39,6964842929363;-51,5807854036222;"Prom"
399;-235,267904466608;212,48854532257;"EnhA"
399;274,964388759544;-160,907759918948;"EnhB"
400;-342,832768389692;-176,148636452801;"Prom"
400;10,1218335113196;169,545673507108;"EnhA"
400;332,710934878373;6,60296294569355;"EnhB"
401;-105,282742278757;-113,224833239736;"Prom"
401;-115,804238045084;211,607832434895;"EnhA"
401;221,086980323842;-98,3829991951583;"EnhB"
402;37,3094241229605;-274,706901072011;"Prom"
402;-369,067880152811;634,896651822772;"EnhA"
402;331,75845602985;-360,189750750761;"EnhB"
403;-234,696837940277;-193,935089726058;"Prom"
403;-229,875341800315;369,851757521819;"EnhA"
403;464,572179740592;-175,916667795761;"EnhB"
404;-402,97325544461;-161,695252982047;"Prom"
404;-100,406700480427;204,273565945066;"EnhA"
404;503,379955925037;-42,5783129630183;"EnhB"
405;-340,241262532224;-225,891902272664;"Prom"
405;55,6169400568594;213,275154086022;"EnhA"
405;284,624322475364;12,6167481866421;"EnhB"
406;-488,298919957336;-218,674282171323;"Prom"
406;89,3389544512188;148,2205677754;"EnhA"
406;398,959965506118;70,4537143959232;"EnhB"
407;-197,6314396358;-95,4033799019408;"Prom"
407;-264,625028302601;258,149136065958;"EnhA"
407;462,256467938401;-162,745756164017;"EnhB"
408;-240,725554472085;-157,422862062694;"Prom"
408;-92,3078146447759;229,831964922024;"EnhA"
408;333,033369116861;-72,4091028593301;"EnhB"
409;-330,766651781514;-241,985075361758;"Prom"
409;86,892405717345;219,019282165383;"EnhA"
409;243,874246064169;22,9657931963756;"EnhB"
410;-220,699927584451;-93,4557161255675;"Prom"
410;-114,305456221822;156,047365562382;"EnhA"
410;335,005383806273;-62,591649436815;"EnhB"
411;-59,3574451060093;-146,065950311658;"Prom"
411;-43,0575224543731;223,773058147031;"EnhA"
411;102,414967560382;-77,7071078353733;"EnhB"
412;-205,675625247007;-61,5400546216976;"Prom"
412;-137,141241503237;127,796287478856;"EnhA"
412;342,816866750244;-66,2562328571586;"EnhB"
413;-111,726645442231;-343,651096406788;"Prom"
413;-604,38829587746;847,630725161635;"EnhA"
413;716,114941319691;-503,979628754846;"EnhB"
414;-372,938460093021;-175,056290720271;"Prom"
414;-140,151855237809;255,188999125069;"EnhA"
414;513,090315330831;-80,1327084047981;"EnhB"
415;-248,797523963218;-100,182950185937;"Prom"
415;-189,457044261593;206,39245680013;"EnhA"
415;438,254568224811;-106,209506614193;"EnhB"
416;-412,786797044296;-195,623171384001;"Prom"
416;-3,39512612406311;190,184094573354;"EnhA"
416;416,181923168359;5,43907681064605;"EnhB"
417;-359,94518920592;-212,264966488512;"Prom"
417;97,1087223358675;163,225636242018;"EnhA"
417;262,836466870052;49,0393302464941;"EnhB"
418;-463,520494767796;-155,6667317348;"Prom"
418;58,7655818271801;82,2614038547784;"EnhA"
418;404,754912940616;73,4053278800221;"EnhB"
419;-4,68539020495671;-244,412982568157;"Prom"
419;-348,468802688929;568,874358373236;"EnhA"
419;353,154192893886;-324,461375805079;"EnhB"
420;-600,954027649569;0,885031566008071;"Prom"
420;-287,801326619863;42,6090233179498;"EnhA"
420;888,755354269432;-43,4940548839579;"EnhB"
421;-283,817165129855;-217,626734050315;"Prom"
421;140,347596171479;161,142362872823;"EnhA"
421;143,469568958376;56,4843711774923;"EnhB"
422;-249,809779266961;-209,394768010911;"Prom"
422;-102,349853453408;308,878014710108;"EnhA"
422;352,159632720369;-99,483246699197;"EnhB"
423;-170,242434144329;-215,078639971156;"Prom"
423;12,5026614729324;263,222808776242;"EnhA"
423;157,739772671397;-48,1441688050852;"EnhB"
424;-325,342241585527;-210,202971321431;"Prom"
424;-0,242150654974586;229,022097661928;"EnhA"
424;325,584392240502;-18,8191263404976;"EnhB"
425;-328,206611108868;-337,368830226742;"Prom"
425;72,0479902165332;366,207627971196;"EnhA"
425;256,158620892335;-28,8387977444546;"EnhB"
426;-412,207501171755;-126,317087180267;"Prom"
426;-178,594176440497;200,177588584743;"EnhA"
426;590,801677612252;-73,8605014044766;"EnhB"
427;-413,146026975082;-298,249626741499;"Prom"
427;52,0513406225527;303,150138621181;"EnhA"
427;361,094686352529;-4,90051187968219;"EnhB"
428;-229,62619773193;-207,891440754036;"Prom"
428;-37,4762278045277;270,691449660183;"EnhA"
428;267,102425536458;-62,8000089061471;"EnhB"
429;-149,232969332401;-98,6750033943611;"Prom"
429;-75,3486752896492;155,382129064431;"EnhA"
429;224,581644622051;-56,7071256700704;"EnhB"
430;-196,684303126162;-212,503448618148;"Prom"
430;-16,2040407403227;271,486197195687;"EnhA"
430;212,888343866485;-58,9827485775393;"EnhB"
431;-322,718351858379;-66,4915333807439;"Prom"
431;-344,989725390475;238,464049531519;"EnhA"
431;667,708077248855;-171,972516150775;"EnhB"
432;-393,268430957711;-142,135010498287;"Prom"
432;-46,4071013241082;144,521111871887;"EnhA"
432;439,67553228182;-2,38610137359984;"EnhB"
433;-247,133616758394;-55,9413898639314;"Prom"
433;-221,407446654585;163,071889069966;"EnhA"
433;468,541063412979;-107,130499206035;"EnhB"
434;-81,4601815512995;-153,946970730254;"Prom"
434;-45,348550940063;231,542504196584;"EnhA"
434;126,808732491363;-77,5955334663307;"EnhB"
435;-89,1734179489321;-132,947196693507;"Prom"
435;-52,0658591415398;203,765579822822;"EnhA"
435;141,239277090472;-70,8183831293149;"EnhB"
436;-261,874165972728;-158,693660511204;"Prom"
436;-385,029296935684;410,050418227112;"EnhA"
436;646,903462908412;-251,356757715908;"EnhB"
437;-253,543654230613;6,3351629451399;"Prom"
437;-198,761023523746;57,7909581976027;"EnhA"
437;452,304677754359;-64,1261211427426;"EnhB"
438;-144,943505307486;-96,8422678706493;"Prom"
438;-109,596580343577;175,148023774033;"EnhA"
438;254,540085651063;-78,305755903384;"EnhB"
439;-298,429039487323;-200,297358268745;"Prom"
439;-143,218085387926;310,335290214998;"EnhA"
439;441,647124875249;-110,037931946253;"EnhB"
440;-340,372583772618;-446,207608051508;"Prom"
440;-19,2217560661185;577,254765975571;"EnhA"
440;359,594339838737;-131,047157924063;"EnhB"
441;-425,046751701588;-398,973294829461;"Prom"
441;267,68784576956;310,515027826322;"EnhA"
441;157,358905932028;88,4582670031387;"EnhB"
442;-403,918034125203;-212,630518251769;"Prom"
442;88,2645050145145;159,319041278636;"EnhA"
442;315,653529110689;53,3114769731332;"EnhB"
443;-337,327483205897;-188,612717713257;"Prom"
443;-54,5035483595806;229,179457845358;"EnhA"
443;391,831031565478;-40,5667401321009;"EnhB"
444;-208,964750383597;-143,877672666893;"Prom"
444;-10,7921004357477;166,519187496141;"EnhA"
444;219,756850819344;-22,6415148292481;"EnhB"
445;-195,666213939575;-238,53011387769;"Prom"
445;14,973547131063;289,675383057931;"EnhA"
445;180,692666808512;-51,1452691802413;"EnhB"
446;-125,281302799893;-112,992685694794;"Prom"
446;-152,0532697344;229,424827773277;"EnhA"
446;277,334572534293;-116,432142078483;"EnhB"
447;-67,8523839782218;-145,215663258498;"Prom"
447;-186,997587689519;310,699925776647;"EnhA"
447;254,849971667741;-165,484262518149;"EnhB"
448;-207,902919314091;-23,9084364396258;"Prom"
448;-342,223064460518;201,453920196201;"EnhA"
448;550,125983774609;-177,545483756576;"EnhB"
449;-499,180128112076;-688,734755590678;"Prom"
449;317,985184608205;679,388232176975;"EnhA"
449;181,194943503872;9,34652341370323;"EnhB"
450;-136,631465783078;-31,9906794570146;"Prom"
450;-178,470524100728;126,769798198898;"EnhA"
450;315,101989883806;-94,7791187418829;"EnhB"
451;-114,557070126016;-118,788898353037;"Prom"
451;-111,77923199331;214,997032506619;"EnhA"
451;226,336302119326;-96,2081341535816;"EnhB"
452;-121,707653683398;-131,521110995553;"Prom"
452;-180,21134898723;274,53029877037;"EnhA"
452;301,919002670628;-143,009187774817;"EnhB"
453;-280,106100005223;-62,8115651473105;"Prom"
453;-144,606012520079;117,42675021848;"EnhA"
453;424,712112525303;-54,6151850711691;"EnhB"
454;-313,977647871408;-251,420569236943;"Prom"
454;-11,962871514984;298,271507063554;"EnhA"
454;325,940519386392;-46,8509378266105;"EnhB"
455;-697,511757781126;-649,378542267041;"Prom"
455;393,168319679135;530,723707688953;"EnhA"
455;304,343438101991;118,654834578087;"EnhB"
456;-40,1593639256963;-66,7579383009892;"Prom"
456;-257,461591875903;248,121935708906;"EnhA"
456;297,6209558016;-181,363997407916;"EnhB"
457;-214,643083752086;-198,093479506109;"Prom"
457;-36,935010500494;259,643478392853;"EnhA"
457;251,57809425258;-61,5499988867441;"EnhB"
458;-118,839027613877;-35,8950027758282;"Prom"
458;-179,380599016712;136,993229789901;"EnhA"
458;298,219626630588;-101,098227014073;"EnhB"
459;-292,477671510135;-1,50825062791289;"Prom"
459;-151,772050051725;30,852013115566;"EnhA"
459;444,249721561859;-29,343762487653;"EnhB"
460;-193,578080696569;-107,952542063345;"Prom"
460;-26,2878282704509;127,984695344258;"EnhA"
460;219,86590896702;-20,0321532809135;"EnhB"
461;-455,793898078514;-270,25242669824;"Prom"
461;170,335527649563;179,155696231031;"EnhA"
461;285,458370428951;91,0967304672097;"EnhB"
462;-559,146849025177;-107,287304960879;"Prom"
462;-530,619018780872;359,768544523241;"EnhA"
462;1089,76586780605;-252,481239562362;"EnhB"
463;-344,005560992101;-154,272231676932;"Prom"
463;-25,3926960084659;160,010336814288;"EnhA"
463;369,398257000567;-5,73810513735662;"EnhB"
464;-93,3537969714521;-250,959650521197;"Prom"
464;-125,18055920994;418,468375647725;"EnhA"
464;218,534356181393;-167,508725126529;"EnhB"
465;-327,087579700479;-86,6673601275289;"Prom"
465;-14,8212855903469;59,9028334578233;"EnhA"
465;341,908865290826;26,7645266697056;"EnhB"
466;-424,89396693851;-358,467571793708;"Prom"
466;72,7621457944215;374,218856494723;"EnhA"
466;352,131821144088;-15,7512847010151;"EnhB"
467;-198,960487686642;-38,8713258434523;"Prom"
467;-100,024796752214;73,4563843457981;"EnhA"
467;298,985284438856;-34,5850585023458;"EnhB"
468;-22,4556679271152;-285,634013131409;"Prom"
468;-780,940542978097;894,82726544212;"EnhA"
468;803,396210905212;-609,193252310712;"EnhB"
469;-429,602796644358;-185,309158667587;"Prom"
469;85,5279219895102;115,876507901814;"EnhA"
469;344,074874654848;69,4326507657732;"EnhB"
470;-72,2271761550981;-75,9696237718044;"Prom"
470;-145,392433022411;183,982536142673;"EnhA"
470;217,619609177509;-108,012912370868;"EnhB"
471;-218,856499808123;-53,3766811937385;"Prom"
471;-142,895450085886;116,657122865186;"EnhA"
471;361,751949894009;-63,280441671448;"EnhB"
472;-359,519655196965;-783,035450121954;"Prom"
472;80,8020355994271;995,23228876427;"EnhA"
472;278,717619597538;-212,196838642316;"EnhB"
473;-259,185752991511;-174,188605148649;"Prom"
473;-129,671082405416;273,165837395157;"EnhA"
473;388,856835396927;-98,9772322465083;"EnhB"
474;-353,903144316322;-81,8287056811258;"Prom"
474;-198,388142470589;161,733201439283;"EnhA"
474;552,291286786911;-79,9044957581569;"EnhB"
475;-325,096388033426;26,1474377253886;"Prom"
475;-237,462250887305;37,2681392649773;"EnhA"
475;562,558638920731;-63,4155769903659;"EnhB"
476;-259,968643707643;-79,7050060546387;"Prom"
476;-62,1214632977543;94,6937267713981;"EnhA"
476;322,090107005397;-14,9887207167594;"EnhB"
477;-236,144569054374;-172,678948765906;"Prom"
477;-58,3352030346981;231,57387734442;"EnhA"
477;294,479772089072;-58,8949285785145;"EnhB"
478;-301,950696566809;-244,395369255095;"Prom"
478;141,873476923803;194,614350776531;"EnhA"
478;160,077219643006;49,7810184785646;"EnhB"
479;-317,398471126676;-110,640863252794;"Prom"
479;-24,6333364059954;102,752686915198;"EnhA"
479;342,031807532671;7,88817633759608;"EnhB"
480;-214,274675804534;-132,292893966368;"Prom"
480;-175,848489488229;251,928610688642;"EnhA"
480;390,123165292763;-119,635716722274;"EnhB"
481;-93,0002968360648;-82,5424269077084;"Prom"
481;-45,2286061295507;126,05456452728;"EnhA"
481;138,228902965616;-43,5121376195716;"EnhB"
482;-370,761040703776;-195,43336615792;"Prom"
482;-134,201413778721;281,2945333715;"EnhA"
482;504,962454482497;-85,8611672135801;"EnhB"
483;-114,046905503162;-158,63597932222;"Prom"
483;-35,6578415595894;224,84206899542;"EnhA"
483;149,704747062751;-66,2060896732002;"EnhB"
484;-549,064168914318;-38,8899627813987;"Prom"
484;-513,723105635681;253,012957540071;"EnhA"
484;1062,78727455;-214,122994758672;"EnhB"
485;-185,135606338115;-148,622418296778;"Prom"
485;-130,701392551471;253,789663965546;"EnhA"
485;315,836998889585;-105,167245668768;"EnhB"
486;-360,371782042405;-205,458930100139;"Prom"
486;18,9686569593865;202,230115057687;"EnhA"
486;341,403125083019;3,22881504245148;"EnhB"
487;-185,859568073282;-14,6156544443418;"Prom"
487;-181,802797589594;92,6825489643173;"EnhA"
487;367,662365662876;-78,0668945199755;"EnhB"
488;-30,0354752032587;-656,303019460388;"Prom"
488;-373,115755867119;1171,52653527271;"EnhA"
488;403,151231070378;-515,223515812321;"EnhB"
489;-135,69346161442;-102,40823966805;"Prom"
489;-297,967612333772;303,138887152779;"EnhA"
489;433,661073948192;-200,730647484729;"EnhB"
490;-321,777444765657;-287,328262419381;"Prom"
490;146,362107706102;249,119221911946;"EnhA"
490;175,415337059555;38,2090405074345;"EnhB"
491;-492,905900482545;-289,472903056988;"Prom"
491;69,238975931674;261,679415856521;"EnhA"
491;423,666924550871;27,7934872004668;"EnhB"
492;-187,823084467087;-205,430522051607;"Prom"
492;8,61187699690034;247,782711614975;"EnhA"
492;179,211207470186;-42,3521895633684;"EnhB"
493;-645,034346779563;-238,898037249922;"Prom"
493;102,416446799188;133,623913399094;"EnhA"
493;542,617899980376;105,274123850829;"EnhB"
494;-329,191891129211;-235,90179256427;"Prom"
494;44,8762837141567;236,911843547282;"EnhA"
494;284,315607415054;-1,01005098301181;"EnhB"
495;-322,792567194264;-140,876295055118;"Prom"
495;-38,2025189963643;153,549693915047;"EnhA"
495;360,995086190628;-12,6733988599295;"EnhB"
496;-285,310792489833;-286,419974488711;"Prom"
496;77,8800626948502;298,933177849139;"EnhA"
496;207,430729794983;-12,5132033604281;"EnhB"
497;-555,995562433322;-419,800858575272;"Prom"
497;231,29975268639;333,587971237881;"EnhA"
497;324,695809746932;86,2128873373915;"EnhB"
498;-228,445516690694;-182,570822919098;"Prom"
498;-5,10677198863484;214,249884536026;"EnhA"
498;233,552288679328;-31,6790616169279;"EnhB"
499;-149,792200401059;-84,7758101129962;"Prom"
499;-284,753294309768;266,289253884723;"EnhA"
499;434,545494710828;-181,513443771727;"EnhB"
500;-276,728959320937;-690,834320741154;"Prom"
500;48,8247490126264;901,273231523985;"EnhA"
500;227,90421030831;-210,438910782831;"EnhB"
501;-205,415665538799;-270,662450473086;"Prom"
501;-35,1878924417986;365,11515565788;"EnhA"
501;240,603557980598;-94,4527051847942;"EnhB"
502;-287,876285007815;-119,070596974056;"Prom"
502;-123,716664195173;183,58597000903;"EnhA"
502;411,592949202988;-64,5153730349735;"EnhB"
503;-254,426032499121;-293,996585732557;"Prom"
503;-60,5671658756878;403,480748431164;"EnhA"
503;314,993198374808;-109,484162698607;"EnhB"
504;-203,375762524759;-160,055541881292;"Prom"
504;-14,6812635652465;193,510225770189;"EnhA"
504;218,057026090005;-33,4546838888972;"EnhB"
505;-490,424922882353;-83,6073955094911;"Prom"
505;-668,423048048775;427,492083704776;"EnhA"
505;1158,84797093113;-343,884688195285;"EnhB"
506;-317,889988707394;-321,828020909328;"Prom"
506;-237,67386703192;539,994422755595;"EnhA"
506;555,563855739314;-218,166401846267;"EnhB"
507;-126,679426026441;-87,5058675485868;"Prom"
507;-80,0185051812837;147,337207952298;"EnhA"
507;206,697931207725;-59,8313404037109;"EnhB"
508;-222,804200970552;-201,767136067976;"Prom"
508;-76,6407139085946;287,92983486795;"EnhA"
508;299,444914879147;-86,1626987999749;"EnhB"
509;-154,216096101593;-31,0632864304536;"Prom"
509;-74,5817321017866;56,4359174489233;"EnhA"
509;228,79782820338;-25,3726310184696;"EnhB"
510;-207,472280345499;-170,475930245377;"Prom"
510;-233,21339889802;344,338977313525;"EnhA"
510;440,685679243519;-173,863047068148;"EnhB"
511;-174,500819538927;-114,485372325488;"Prom"
511;-131,340561802168;207,455129310147;"EnhA"
511;305,841381341095;-92,9697569846592;"EnhB"
512;-272,222827933602;-51,1005979011813;"Prom"
512;-5,64235856296033;15,3917137003276;"EnhA"
512;277,865186496562;35,7088842008538;"EnhB"
513;-270,061324573368;-100,381169247432;"Prom"
513;-118,704927480291;157,581753447559;"EnhA"
513;388,766252053659;-57,2005842001265;"EnhB"
514;-167,473378972063;-92,488045551339;"Prom"
514;-207,011867022067;224,734281660634;"EnhA"
514;374,48524599413;-132,246236109295;"EnhB"
515;-847,060785554529;-735,230591049805;"Prom"
515;403,369277046823;614,037434432988;"EnhA"
515;443,691508507706;121,193156616816;"EnhB"
516;-238,400794687544;-216,517435903449;"Prom"
516;-182,30804308643;371,755437369377;"EnhA"
516;420,708837773974;-155,238001465928;"EnhB"
517;-435,262913042627;-138,383355764888;"Prom"
517;-36,5560613478952;123,43630901002;"EnhA"
517;471,818974390522;14,9470467548684;"EnhB"
518;-355,610440803282;-227,677622882563;"Prom"
518;-122,304582711625;323,704048217812;"EnhA"
518;477,915023514908;-96,0264253352487;"EnhB"
519;-292,153844327871;-154,343246901307;"Prom"
519;-114,096622842807;227,376227822697;"EnhA"
519;406,250467170678;-73,0329809213898;"EnhB"
520;-514,832279804662;-102,776078776433;"Prom"
520;-302,066211937356;220,292404678664;"EnhA"
520;816,898491742018;-117,516325902231;"EnhB"
521;-295,638682571046;-164,431757430718;"Prom"
521;-9,63532077908047;175,739096874843;"EnhA"
521;305,274003350126;-11,3073394441251;"EnhB"
522;-214,305314277011;-725,114907124118;"Prom"
522;-380,993638093807;1233,7518076824;"EnhA"
522;595,298952370818;-508,636900558279;"EnhB"
523;-196,692892803109;-226,870395976995;"Prom"
523;-1,68791902767984;283,083447381397;"EnhA"
523;198,380811830789;-56,2130514044027;"EnhB"
524;-269,512085603151;-172,684821304079;"Prom"
524;-37,5976252093345;211,041370560787;"EnhA"
524;307,109710812486;-38,3565492567086;"EnhB"
525;-193,604755692842;-31,5842095056391;"Prom"
525;-160,795577456588;102,209421037978;"EnhA"
525;354,40033314943;-70,6252115323384;"EnhB"
526;-336,897907239368;-103,383393814258;"Prom"
526;-62,6166132206358;111,654143859171;"EnhA"
526;399,514520460004;-8,27075004491306;"EnhB"
527;-98,3869212432993;-201,449820552665;"Prom"
527;-21,8881183139778;281,411432751585;"EnhA"
527;120,275039557277;-79,9616121989202;"EnhB"
528;-198,381449709545;-80,2165417880142;"Prom"
528;-159,495622034364;170,32635231596;"EnhA"
528;357,877071743909;-90,1098105279461;"EnhB"
529;-199,528853062675;-81,8854608523363;"Prom"
529;-37,6553356320611;96,2222216114925;"EnhA"
529;237,184188694736;-14,3367607591562;"EnhB"
530;-133,676296103694;-300,133973521063;"Prom"
530;-74,166879032002;448,197812932667;"EnhA"
530;207,843175135696;-148,063839411604;"EnhB"
531;-326,114184904644;-122,408228389724;"Prom"
531;12,3722696833572;94,5600465794704;"EnhA"
531;313,741915221286;27,8481818102537;"EnhB"
532;-195,858564582146;-288,346317580894;"Prom"
532;-114,420492894581;442,323090535111;"EnhA"
532;310,279057476727;-153,976772954217;"EnhB"
533;-342,073671027926;-331,724236714551;"Prom"
533;87,8670766045841;345,038668216376;"EnhA"
533;254,206594423342;-13,3144315018257;"EnhB"
534;-256,013775132499;-392,236695084951;"Prom"
534;135,928170491394;421,586277762037;"EnhA"
534;120,085604641104;-29,3495826770865;"EnhB"
535;-134,031069047477;-170,825088570735;"Prom"
535;-171,835796506618;323,079233274444;"EnhA"
535;305,866865554095;-152,254144703709;"EnhB"
536;-971,40871946047;-813,452645361906;"Prom"
536;368,050991580119;720,564711052363;"EnhA"
536;603,357727880351;92,8879343095426;"EnhB"
537;-215,676948951775;-129,513859645172;"Prom"
537;-141,196367183953;225,924909994988;"EnhA"
537;356,873316135728;-96,4110503498154;"EnhB"
538;-277,983271536838;-109,383660753017;"Prom"
538;-129,114825976376;175,260858344888;"EnhA"
538;407,098097513214;-65,8771975918709;"EnhB"
539;-271,136755722591;-182,358133672711;"Prom"
539;-94,4964735346799;260,206065362346;"EnhA"
539;365,633229257271;-77,8479316896346;"EnhB"
540;-151,016433760401;-433,325993897747;"Prom"
540;32,1200243131358;569,502676668567;"EnhA"
540;118,896409447265;-136,176682770821;"EnhB"
541;-350,276130551723;-119,439751267001;"Prom"
541;-7,33669841081268;97,1433321820595;"EnhA"
541;357,612828962536;22,2964190849412;"EnhB"
542;-218,680142148074;-106,452866351185;"Prom"
542;-290,995022163815;285,787390260738;"EnhA"
542;509,675164311888;-179,334523909553;"EnhB"
543;-239,351809782406;-152,864406862575;"Prom"
543;-7,86498862434656;170,737154711917;"EnhA"
543;247,216798406752;-17,8727478493416;"EnhB"
544;-119,998326114809;-354,090498658696;"Prom"
544;-87,0272615539262;537,024300314718;"EnhA"
544;207,025587668735;-182,933801656022;"EnhB"
545;-236,329725348429;-254,877053277549;"Prom"
545;7,99899959034271;308,356392455443;"EnhA"
545;228,330725758086;-53,4793391778936;"EnhB"
546;-322,490494783052;-162,276330454432;"Prom"
546;-44,4528780434457;188,33799752782;"EnhA"
546;366,943372826498;-26,0616670733885;"EnhB"
547;-243,305999012148;-187,05889588951;"Prom"
547;-27,3817818451349;231,282147130669;"EnhA"
547;270,687780857283;-44,2232512411596;"EnhB"
548;-284,58983107296;-166,290847575905;"Prom"
548;95,5508385853721;115,095339919173;"EnhA"
548;189,038992487588;51,1955076567311;"EnhB"
549;-281,214713253315;-108,878697509663;"Prom"
549;-252,898467422763;251,264235600316;"EnhA"
549;534,113180676078;-142,385538090653;"EnhB"
550;-537,824346583371;-192,485531189181;"Prom"
550;50,9630209333412;123,307352393334;"EnhA"
550;486,86132565003;69,1781787958476;"EnhB"
551;-278,816604463633;-68,2032603589503;"Prom"
551;-4,87230564231547;38,0369072975918;"EnhA"
551;283,688910105949;30,1663530613585;"EnhB"
552;-711,885704494092;-10,1448387773887;"Prom"
552;-426,00103765978;119,827060516022;"EnhA"
552;1137,88674215387;-109,682221738633;"EnhB"
553;-307,406726352535;-51,542893338676;"Prom"
553;-82,0489200268007;55,8678105896103;"EnhA"
553;389,455646379336;-4,32491725093433;"EnhB"
554;-35,2377619801736;-132,12795892082;"Prom"
554;-121,79742948746;258,449448150383;"EnhA"
554;157,035191467633;-126,321489229562;"EnhB"
555;-146,915682474932;-6,98804291259261;"Prom"
555;-234,794448106102;123,690836795504;"EnhA"
555;381,710130581034;-116,702793882911;"EnhB"
556;-435,605206544005;-155,089050063068;"Prom"
556;-49,3391450154755;155,408505017915;"EnhA"
556;484,94435155948;-0,319454954847361;"EnhB"
557;-434,494520722472;-264,530375893641;"Prom"
557;-88,0535048068926;337,44382325176;"EnhA"
557;522,548025529364;-72,9134473581186;"EnhB"
558;-233,786501133525;-21,3918690856017;"Prom"
558;-76,5784985826401;25,725550522673;"EnhA"
558;310,364999716165;-4,33368143707135;"EnhB"
559;-410,415051843953;-284,069215273032;"Prom"
559;27,9873024731041;298,413538363753;"EnhA"
559;382,427749370849;-14,344323090721;"EnhB"
560;-489,70193735856;-255,190943920685;"Prom"
560;-231,245143679146;401,092491499165;"EnhA"
560;720,947081037706;-145,90154757848;"EnhB"
561;-252,789078955084;-299,433854294957;"Prom"
561;-44,1063989676336;401,378509329171;"EnhA"
561;296,895477922717;-101,944655034214;"EnhB"
562;-623,971985590939;-101,708270874862;"Prom"
562;-132,627372251842;87,9825184257637;"EnhA"
562;756,599357842781;13,725752449098;"EnhB"
563;-213,985434730623;-173,321873492413;"Prom"
563;-2,52341304271595;202,595780256004;"EnhA"
563;216,508847773339;-29,2739067635909;"EnhB"
564;-323,568909885661;5,7495276169726;"Prom"
564;-225,600060883665;59,5568175456994;"EnhA"
564;549,168970769326;-65,306345162672;"EnhB"
565;-567,256170148348;-471,407373430463;"Prom"
565;-29,9313254481679;568,806781098941;"EnhA"
565;597,187495596516;-97,3994076684782;"EnhB"
566;-272,743538391562;-191,952077771453;"Prom"
566;-49,4676918453915;245,475044874999;"EnhA"
566;322,211230236954;-53,522967103545;"EnhB"
567;-280,29127649948;-19,800541869744;"Prom"
567;-119,165637013191;39,5438803273006;"EnhA"
567;399,456913512671;-19,7433384575567;"EnhB"
568;-319,496250619649;-219,487206716533;"Prom"
568;68,9801890621926;200,394419220925;"EnhA"
568;250,516061557457;19,0927874956076;"EnhB"
569;-193,97502676846;-88,3134333879952;"Prom"
569;-157,313151099085;181,616032124819;"EnhA"
569;351,288177867545;-93,302598736824;"EnhB"
570;-247,094920804876;-26,617609535438;"Prom"
570;-152,780904079344;77,9189424029195;"EnhA"
570;399,87582488422;-51,3013328674815;"EnhB"
571;-459,442507480472;-171,762446240941;"Prom"
571;-77,4987835550768;191,631022976934;"EnhA"
571;536,941291035548;-19,8685767359929;"EnhB"
572;-613,385304695939;-67,3831318877665;"Prom"
572;-154,135049167075;54,4256403728223;"EnhA"
572;767,520353863014;12,9574915149442;"EnhB"
573;-209,407508792039;-190,5442818634;"Prom"
573;-164,524619166567;329,806671344271;"EnhA"
573;373,932127958606;-139,262389480871;"EnhB"
574;-206,781194121028;-69,3322411245827;"Prom"
574;-199,21915454985;177,611517691278;"EnhA"
574;406,000348670878;-108,279276566695;"EnhB"
575;-402,988015458158;-176,506704777685;"Prom"
575;-176,444291961691;273,177145475573;"EnhA"
575;579,432307419849;-96,6704406978878;"EnhB"
576;-238,612272042748;-167,735383836911;"Prom"
576;-0,594942335079524;187,764145439733;"EnhA"
576;239,207214377827;-20,0287616028219;"EnhB"
577;-207,612022025001;-115,868548223942;"Prom"
577;-111,297074207731;189,397903280072;"EnhA"
577;318,909096232731;-73,5293550561305;"EnhB"
578;-56,1243629667732;-3,77111949538717;"Prom"
578;-37,9116863446464;16,4319659897208;"EnhA"
578;94,0360493114197;-12,6608464943336;"EnhB"
579;-360,892949999949;-178,150983198881;"Prom"
579;23,8976670079282;159,713755909311;"EnhA"
579;336,99528299202;18,4372272895697;"EnhB"
580;-300,207746642748;-133,391602967135;"Prom"
580;-14,6179719488814;133,134778829435;"EnhA"
580;314,82571859163;0,256824137700768;"EnhB"
581;-126,267310576867;-28,8310822183532;"Prom"
581;-29,3558736235424;31,2556177000402;"EnhA"
581;155,623184200409;-2,42453548168694;"EnhB"
582;-409,880243613067;-57,5628410386474;"Prom"
582;-241,810340186487;141,283741432779;"EnhA"
582;651,690583799554;-83,7209003941316;"EnhB"
583;-326,353955166291;-145,262536528956;"Prom"
583;-115,081544355596;207,167329164502;"EnhA"
583;441,435499521886;-61,9047926355459;"EnhB"
584;-156,279500498459;-81,9440193312378;"Prom"
584;-113,566058563316;153,614360888686;"EnhA"
584;269,845559061776;-71,6703415574483;"EnhB"
585;-522,462391703945;-116,328794083335;"Prom"
585;-355,873309350519;271,745983015533;"EnhA"
585;878,335701054465;-155,417188932199;"EnhB"
586;-296,428841618398;-140,720165274386;"Prom"
586;-110,031220389314;204,250729333992;"EnhA"
586;406,460062007712;-63,5305640596055;"EnhB"
587;-431,971143589983;-102,970176661124;"Prom"
587;-55,6438952368398;85,1451564449959;"EnhA"
587;487,615038826823;17,825020216128;"EnhB"
588;-253,046321429087;-168,367165754383;"Prom"
588;-114,143821182537;256,459855992903;"EnhA"
588;367,190142611624;-88,0926902385198;"EnhB"
589;-241,12523138732;-148,276409920644;"Prom"
589;-55,5591121829775;193,576696358507;"EnhA"
589;296,684343570297;-45,3002864378631;"EnhB"
590;-563,358977263676;-323,495083035786;"Prom"
590;-16,1864102009126;348,147854534287;"EnhA"
590;579,545387464589;-24,652771498501;"EnhB"
591;-454,568215418423;-203,549706828802;"Prom"
591;-107,838595065347;257,484613100217;"EnhA"
591;562,40681048377;-53,9349062714146;"EnhB"
592;-232,762131566324;-101,766355206081;"Prom"
592;-104,706184924135;159,270380679556;"EnhA"
592;337,468316490458;-57,5040254734747;"EnhB"
593;-404,315967323825;-33,5151896156001;"Prom"
593;-104,32239811403;21,8861195924068;"EnhA"
593;508,638365437855;11,6290700231933;"EnhB"
594;-333,27325196311;14,5073195766834;"Prom"
594;-255,605277049863;63,5260316142541;"EnhA"
594;588,878529012973;-78,0333511909375;"EnhB"
595;-439,845823860327;-307,277229134018;"Prom"
595;29,529993070111;324,188193372893;"EnhA"
595;410,315830790216;-16,9109642388746;"EnhB"
596;-342,331295256422;-121,448432259279;"Prom"
596;16,9051535646247;86,6656427980067;"EnhA"
596;325,426141691797;34,7827894612722;"EnhB"
597;-177,1454326163;-141,993481470316;"Prom"
597;-125,377094883327;242,725624065813;"EnhA"
597;302,522527499627;-100,732142595497;"EnhB"
598;-394,288334168159;-83,0963292346655;"Prom"
598;-30,2174103314254;49,1639347331051;"EnhA"
598;424,505744499585;33,9323945015605;"EnhB"
599;-456,679666207117;-15,461991928127;"Prom"
599;-396,107056415064;166,623015965289;"EnhA"
599;852,786722622181;-151,161024037162;"EnhB"
600;-293,558123790216;-188,547803317711;"Prom"
600;-58,8186942727197;241,70776420132;"EnhA"
600;352,376818062935;-53,1599608836088;"EnhB"
601;-423,785576349028;-176,05252397036;"Prom"
601;105,665315830897;91,2670508324265;"EnhA"
601;318,120260518131;84,7854731379338;"EnhB"
602;-376,357419917849;-214,669329250401;"Prom"
602;60,5585695411123;185,839631498743;"EnhA"
602;315,798850376737;28,8296977516578;"EnhB"
603;-525,559166888784;-100,175837250776;"Prom"
603;-180,332899371266;137,937731338467;"EnhA"
603;705,89206626005;-37,7618940876907;"EnhB"
604;-460,523495570903;-243,045500370373;"Prom"
604;154,349082375656;148,919556267885;"EnhA"
604;306,174413195247;94,1259441024882;"EnhB"
605;-703,889037121701;44,3868062364777;"Prom"
605;-585,201158349133;142,759790157936;"EnhA"
605;1289,09019547083;-187,146596394414;"EnhB"
606;-126,910911837257;-213,026456277061;"Prom"
606;-87,6444020793815;332,761770137785;"EnhA"
606;214,555313916638;-119,735313860724;"EnhB"
607;-270,624363915198;-282,363834862857;"Prom"
607;-51,6010048270279;377,45104931381;"EnhA"
607;322,225368742226;-95,0872144509529;"EnhB"
608;-245,538941042235;-143,138962868423;"Prom"
608;-123,524453426982;227,71230983207;"EnhA"
608;369,063394469217;-84,573346963647;"EnhB"
609;-256,872315115344;-121,94946682845;"Prom"
609;-38,3074608566929;141,309901244764;"EnhA"
609;295,179775972037;-19,3604344163146;"EnhB"
610;-466,419411366777;-257,414823360931;"Prom"
610;42,9411518433582;237,98800273973;"EnhA"
610;423,478259523419;19,4268206212013;"EnhB"
611;-465,209605845227;-324,001981867422;"Prom"
611;-12,8950308745172;369,06579868187;"EnhA"
611;478,104636719744;-45,0638168144478;"EnhB"
612;-362,473234667682;-26,9575432928292;"Prom"
612;-90,6943567115421;13,4017899208333;"EnhA"
612;453,167591379225;13,555753371996;"EnhB"
613;-503,945855369887;-268,50049333521;"Prom"
613;53,1486212505557;239,053384402343;"EnhA"
613;450,797234119331;29,4471089328664;"EnhB"
614;-275,883660684059;-107,483599408349;"Prom"
614;-173,112083529145;200,53451315101;"EnhA"
614;448,995744213204;-93,0509137426606;"EnhB"
615;-976,309742592457;-370,598102588329;"Prom"
615;206,062693466001;183,272437737343;"EnhA"
615;770,247049126457;187,325664850985;"EnhB"
616;-124,435462523237;-77,7811555300133;"Prom"
616;-49,8350517256726;114,957177387513;"EnhA"
616;174,27051424891;-37,1760218574998;"EnhB"
617;-166,368588103;-113,739169586773;"Prom"
617;-22,2789071309473;139,974304938521;"EnhA"
617;188,647495233948;-26,2351353517476;"EnhB"
618;-278,238045651776;-114,955824636119;"Prom"
618;-188,731596904857;220,532738744886;"EnhA"
618;466,969642556633;-105,576914108767;"EnhB"
619;-277,228890919462;-266,665465253202;"Prom"
619;-53,9592105709536;354,829677091247;"EnhA"
619;331,188101490416;-88,1642118380455;"EnhB"
620;-207,851332658793;-170,923024058245;"Prom"
620;-133,727181801597;282,639020405069;"EnhA"
620;341,57851446039;-111,715996346824;"EnhB"
621;-534,755687826061;-202,473224652288;"Prom"
621;32,6043705384361;149,870346998365;"EnhA"
621;502,151317287625;52,6028776539231;"EnhB"
622;-189,572784335254;-142,858421452928;"Prom"
622;-24,1839515613757;177,827999223565;"EnhA"
622;213,75673589663;-34,9695777706366;"EnhB"
623;-62,7642473444212;-30,232001517254;"Prom"
623;-128,006772130187;109,401889287544;"EnhA"
623;190,771019474609;-79,1698877702896;"EnhB"
624;-396,649911264576;-119,157088053169;"Prom"
624;-24,3219606316275;96,8539112747903;"EnhA"
624;420,971871896203;22,3031767783787;"EnhB"
625;-441,996662467885;-381,06062224255;"Prom"
625;63,1578759973277;408,878318235174;"EnhA"
625;378,838786470557;-27,8176959926242;"EnhB"
626;-407,514889379854;-170,216190765474;"Prom"
626;-6,44766609495025;156,712378512407;"EnhA"
626;413,962555474804;13,5038122530668;"EnhB"
627;-494,608746815551;-307,87272723521;"Prom"
627;214,957942831757;196,59281706404;"EnhA"
627;279,650803983794;111,27991017117;"EnhB"
628;-338,293071981622;-152,335793448725;"Prom"
628;-106,414083475895;209,219976282045;"EnhA"
628;444,707155457517;-56,8841828333205;"EnhB"
629;-295,123429352124;-101,578744068212;"Prom"
629;-148,614399873346;172,342018172893;"EnhA"
629;443,73782922547;-70,7632741046819;"EnhB"
630;-174,666836484196;15,4407580039677;"Prom"
630;-169,049865233762;43,9684687313342;"EnhA"
630;343,716701717958;-59,409226735302;"EnhB"
631;-107,777078602463;-3,13454618865177;"Prom"
631;-310,031864249703;174,097864178151;"EnhA"
631;417,808942852166;-170,963317989499;"EnhB"
632;-172,076204039535;-78,4599118449069;"Prom"
632;-70,70562699416;118,19606838401;"EnhA"
632;242,781831033695;-39,736156539103;"EnhB"
633;-564,408522537046;-116,60976284297;"Prom"
633;-157,291001268836;138,371136476993;"EnhA"
633;721,699523805881;-21,7613736340236;"EnhB"
634;-320,532703845931;-77,1398694465617;"Prom"
634;-174,830417309076;147,80492449818;"EnhA"
634;495,363121155007;-70,6650550516179;"EnhB"
635;-119,418544973821;-123,420074294509;"Prom"
635;-126,521774460906;229,788068475982;"EnhA"
635;245,940319434727;-106,367994181473;"EnhB"
636;-273,475409806984;-73,867171791561;"Prom"
636;-85,3175331623839;97,7436160572442;"EnhA"
636;358,792942969368;-23,8764442656832;"EnhB"
637;-496,918905624489;-258,540223456056;"Prom"
637;97,5068171573833;198,54797110074;"EnhA"
637;399,412088467106;59,9922523553161;"EnhB"
638;-720,087813058869;49,9832441507273;"Prom"
638;-706,735812353361;207,086506642229;"EnhA"
638;1426,82362541223;-257,069750792956;"EnhB"
639;-189,345285322436;-93,1402412759703;"Prom"
639;-180,705785043492;204,253279236909;"EnhA"
639;370,051070365929;-111,113037960939;"EnhB"
640;-290,824918647834;-149,079983082527;"Prom"
640;-145,111935280471;239,509379231611;"EnhA"
640;435,936853928305;-90,4293961490836;"EnhB"
641;-239,590022231517;-304,354428257491;"Prom"
641;60,8113375955904;345,797567894315;"EnhA"
641;178,778684635927;-41,4431396368238;"EnhB"
642;-366,793233115048;-154,621659904582;"Prom"
642;-44,7672128947565;167,472435998469;"EnhA"
642;411,560446009805;-12,8507760938866;"EnhB"
643;-124,940979089593;-214,021594247839;"Prom"
643;-73,9104835117458;326,046367793102;"EnhA"
643;198,851462601339;-112,024773545263;"EnhB"
644;-236,869282651045;-70,7626852444791;"Prom"
644;-173,650826065313;156,850200424911;"EnhA"
644;410,520108716359;-86,0875151804321;"EnhB"
645;-20,4706347855565;-130,497219193888;"Prom"
645;-67,8115504282167;225,665151363338;"EnhA"
645;88,2821852137732;-95,1679321694504;"EnhB"
646;-424,556794747497;-128,885677773837;"Prom"
646;-129,279114893028;170,215200692404;"EnhA"
646;553,835909640525;-41,3295229185664;"EnhB"
647;-481,763290006341;-324,228566102171;"Prom"
647;206,772330820653;228,173604736703;"EnhA"
647;274,990959185687;96,0549613654682;"EnhB"
648;-329,879721560344;-273,481455230992;"Prom"
648;89,9741916840755;262,635304295595;"EnhA"
648;239,905529876269;10,8461509353974;"EnhB"
649;-73,3171570645866;-71,6810792160419;"Prom"
649;-214,230381777824;220,639739737225;"EnhA"
649;287,54753884241;-148,958660521183;"EnhB"
650;-460,389574894309;-190,63190060986;"Prom"
650;-423,460858137556;435,08196198122;"EnhA"
650;883,850433031865;-244,45006137136;"EnhB"
651;-462,241544181834;-149,272068257577;"Prom"
651;8,56286181185624;104,761744391489;"EnhA"
651;453,678682369978;44,5103238660883;"EnhB"
652;-314,35913208008;-78,2733443196889;"Prom"
652;-12,4613891231553;49,2268527638252;"EnhA"
652;326,820521203235;29,0464915558638;"EnhB"
653;-49,7903674279222;-24,3758901911815;"Prom"
653;-169,51296675623;129,886271807272;"EnhA"
653;219,303334184152;-105,51038161609;"EnhB"
654;-472,921393299772;-217,504288674545;"Prom"
654;52,3976608980405;173,139451015705;"EnhA"
654;420,523732401731;44,3648376588396;"EnhB"
655;-56,9699239677436;-41,4563745466397;"Prom"
655;-143,617389192001;136,643400362946;"EnhA"
655;200,587313159745;-95,1870258163063;"EnhB"
656;-280,92856190884;-157,537774711438;"Prom"
656;-24,6206656055264;178,526337083074;"EnhA"
656;305,549227514366;-20,9885623716364;"EnhB"
657;-546,177624603009;-221,992538257861;"Prom"
657;117,188840859003;122,449834388426;"EnhA"
657;428,988783744006;99,5427038694349;"EnhB"
658;-114,251589869599;0,774258266420285;"Prom"
658;-266,410903845841;139,705325368649;"EnhA"
658;380,66249371544;-140,479583635069;"EnhB"
659;-133,617881849987;-53,2695797207196;"Prom"
659;-63,1737405756221;85,9350952764152;"EnhA"
659;196,791622425609;-32,6655155556957;"EnhB"
660;-336,940547412512;-144,564296258783;"Prom"
660;-47,4640807643236;161,447931371811;"EnhA"
660;384,404628176835;-16,8836351130282;"EnhB"
661;-157,105240697778;-59,7564975699508;"Prom"
661;-148,487084769603;143,338384934239;"EnhA"
661;305,592325467381;-83,5818873642887;"EnhB"
662;-240,387684506782;-49,6266057754036;"Prom"
662;-89,6488858511035;73,0565137872363;"EnhA"
662;330,036570357885;-23,4299080118327;"EnhB"
663;-274,896031745487;-173,398507505382;"Prom"
663;-82,1359030683255;238,720126600666;"EnhA"
663;357,031934813813;-65,3216190952831;"EnhB"
664;-147,884742802976;-126,971685817884;"Prom"
664;11,3540964731304;142,166939577377;"EnhA"
664;136,530646329846;-15,1952537594937;"EnhB"
665;-226,752871124658;-36,889065290175;"Prom"
665;-30,2775223731957;20,6555317911869;"EnhA"
665;257,030393497854;16,2335334989881;"EnhB"
666;-148,671636986836;-128,457696783474;"Prom"
666;-53,2945905014914;184,584535122862;"EnhA"
666;201,966227488328;-56,1268383393885;"EnhB"
667;-329,243085720234;-50,2924384552002;"Prom"
667;-473,241032554895;293,922809936297;"EnhA"
667;802,484118275129;-243,630371481097;"EnhB"
668;-520,647236544734;-77,9731277525688;"Prom"
668;-483,946977936519;297,086466776822;"EnhA"
668;1004,59421448125;-219,113339024253;"EnhB"
669;-447,628916663271;-138,228082163621;"Prom"
669;-256,292601308503;257,919114831206;"EnhA"
669;703,921517971774;-119,691032667585;"EnhB"
670;-358,242880756091;-173,904893528029;"Prom"
670;-60,5709471706069;207,061398778184;"EnhA"
670;418,813827926698;-33,1565052501551;"EnhB"
671;-196,716689910948;-172,851677206333;"Prom"
671;-42,5244976283842;230,865604592047;"EnhA"
671;239,241187539332;-58,013927385714;"EnhB"
672;-396,701982039236;-179,04444422073;"Prom"
672;-71,2241200825349;212,409509306384;"EnhA"
672;467,926102121771;-33,3650650856536;"EnhB"
673;-275,143602648612;-17,1353037494625;"Prom"
673;-147,498933554915;54,6044871285692;"EnhA"
673;422,642536203527;-37,4691833791068;"EnhB"
674;-206,069128223676;-174,531420398179;"Prom"
674;-46,1381863324149;233,425298096096;"EnhA"
674;252,207314556091;-58,8938776979175;"EnhB"
675;-340,67407314027;-38,3672221252073;"Prom"
675;-280,723315507975;153,687580084254;"EnhA"
675;621,397388648245;-115,320357959047;"EnhB"
676;-459,365099234161;-281,000116153743;"Prom"
676;26,4585408704926;283,856116163825;"EnhA"
676;432,906558363669;-2,85600001008226;"EnhB"
677;-312,539954200203;-6,36329621768909;"Prom"
677;-392,035008152492;183,648613179069;"EnhA"
677;704,574962352695;-177,28531696138;"EnhB"
678;-143,856953858783;-47,5529568362337;"Prom"
678;-0,0213206727946786;35,8639822148573;"EnhA"
678;143,878274531578;11,6889746213764;"EnhB"
679;-162,204671444358;-14,5048442208072;"Prom"
679;-33,0459848761993;4,79413015678919;"EnhA"
679;195,250656320557;9,71071406401807;"EnhB"
680;-524,949685982661;-87,7714699864111;"Prom"
680;-98,0423362410006;68,7212410044883;"EnhA"
680;622,992022223661;19,0502289819227;"EnhB"
681;-239,743345771463;4,28841593808789;"Prom"
681;-235,934560158884;87,1286201811913;"EnhA"
681;475,677905930347;-91,4170361192792;"EnhB"
682;-396,983708781425;-111,346001658196;"Prom"
682;34,8173925491787;48,5241326549981;"EnhA"
682;362,166316232246;62,8218690031977;"EnhB"
683;-478,609947977048;-497,388456347297;"Prom"
683;72,0453541078609;562,48784981114;"EnhA"
683;406,564593869188;-65,0993934638422;"EnhB"
684;-261,708575036273;-241,159473325655;"Prom"
684;-111,323668975449;357,526438479598;"EnhA"
684;373,032244011722;-116,366965153943;"EnhB"
685;-199,323923972644;-132,472633031618;"Prom"
685;-126,629265865428;224,775314955453;"EnhA"
685;325,953189838073;-92,3026819238349;"EnhB"
686;-280,259761579772;-191,929565030918;"Prom"
686;33,347685902026;191,913691194165;"EnhA"
686;246,912075677747;0,0158738367535353;"EnhB"
687;-48,4230820594969;2,3989997352209;"Prom"
687;-41,3219643701333;11,4290036997127;"EnhA"
687;89,7450464296302;-13,8280034349336;"EnhB"
688;-415,61133340388;-202,961625765945;"Prom"
688;-64,615747673487;238,419981125552;"EnhA"
688;480,227081077367;-35,4583553596069;"EnhB"
689;-330,843960177114;-31,1177741704297;"Prom"
689;-187,885438480289;87,3819836090823;"EnhA"
689;518,729398657403;-56,2642094386524;"EnhB"
690;-231,838485020464;-110,449381913641;"Prom"
690;-198,674218228865;230,78465896765;"EnhA"
690;430,51270324933;-120,335277054009;"EnhB"
691;-825,964692391282;-352,726012214725;"Prom"
691;-298,049533261206;507,091785765784;"EnhA"
691;1124,01422565249;-154,365773551058;"EnhB"
692;-311,031927769419;-205,981883781161;"Prom"
692;-7,47842056045066;230,717416224843;"EnhA"
692;318,510348329869;-24,7355324436823;"EnhB"
693;-128,870324156096;-305,972372975921;"Prom"
693;-126,381125625781;490,367675560783;"EnhA"
693;255,251449781878;-184,395302584862;"EnhB"
694;-207,376534722434;-135,473501345229;"Prom"
694;-102,353514342215;212,078601791711;"EnhA"
694;309,730049064649;-76,6051004464828;"EnhB"
695;-230,2892972107;3,94768590108109;"Prom"
695;-181,965455475695;55,9886960925821;"EnhA"
695;412,254752686395;-59,9363819936632;"EnhB"
696;-340,130728691135;-167,508572184578;"Prom"
696;-50,1899382753053;195,462181295772;"EnhA"
696;390,32066696644;-27,9536091111938;"EnhB"
697;-152,180547119002;-104,542068690639;"Prom"
697;-141,679833313079;204,66998413715;"EnhA"
697;293,860380432082;-100,127915446511;"EnhB"
698;-192,989276891949;-89,0724007504505;"Prom"
698;-139,389939734957;171,715913376353;"EnhA"
698;332,379216626907;-82,6435126259029;"EnhB"
699;-319,667959892106;-159,076621848105;"Prom"
699;57,5055617838236;120,566566943033;"EnhA"
699;262,162398108282;38,5100549050715;"EnhB"
700;-306,099531765388;-487,079430138838;"Prom"
700;116,757714534399;558,769517133121;"EnhA"
700;189,341817230989;-71,6900869942827;"EnhB"
701;-232,707758844962;-106,96582138174;"Prom"
701;45,067279408599;73,0410252631729;"EnhA"
701;187,640479436363;33,9247961185672;"EnhB"
702;-297,633843739904;-440,306428735709;"Prom"
702;213,978663638757;432,511951141404;"EnhA"
702;83,6551801011469;7,7944775943049;"EnhB"
703;-224,546960547453;-170,550622850632;"Prom"
703;99,0661413157011;132,638203186458;"EnhA"
703;125,480819231752;37,912419664174;"EnhB"
704;-243,144308352556;-9,68158668016628;"Prom"
704;-190,491161594024;78,0314027897236;"EnhA"
704;433,63546994658;-68,3498161095574;"EnhB"
705;-345,702989838758;-293,692595768389;"Prom"
705;17,6568338656806;333,401036021534;"EnhA"
705;328,046155973077;-39,7084402531453;"EnhB"
706;-211,767349989114;-162,768396453613;"Prom"
706;-161,853888115669;287,613081704485;"EnhA"
706;373,621238104784;-124,844685250872;"EnhB"
707;-335,718652792475;-104,177784843496;"Prom"
707;-232,590439771551;219,4333712045;"EnhA"
707;568,309092564026;-115,255586361004;"EnhB"
708;165,524814608801;-361,308334803603;"Prom"
708;-653,748833319689;966,785972409078;"EnhA"
708;488,224018710889;-605,477637605474;"EnhB"
709;-118,146094879448;-66,0066588254235;"Prom"
709;-113,417434211988;139,221098558104;"EnhA"
709;231,563529091437;-73,21443973268;"EnhB"
710;-73,0498612855126;-230,635323601533;"Prom"
710;-156,414093733746;413,356679479279;"EnhA"
710;229,463955019258;-182,721355877746;"EnhB"
711;-324,923930781281;-193,536717045482;"Prom"
711;50,1922545279067;173,562011927478;"EnhA"
711;274,731676253374;19,9747051180041;"EnhB"
712;-330,632598350674;-81,6390300994434;"Prom"
712;-120,925690638595;118,25957182438;"EnhA"
712;451,558288989269;-36,620541724936;"EnhB"
713;-308,342058345764;-388,418304496367;"Prom"
713;-188,576293713628;607,300035831818;"EnhA"
713;496,918352059391;-218,881731335451;"EnhB"
714;-522,360132158896;-85,8657628962514;"Prom"
714;-166,486165638129;109,396297372965;"EnhA"
714;688,846297797025;-23,5305344767137;"EnhB"
715;-420,594899710794;-207,355764463147;"Prom"
715;-11,2399012195005;210,214141980537;"EnhA"
715;431,834800930295;-2,85837751739016;"EnhB"
716;-292,728325708308;-140,145249856194;"Prom"
716;-1,07224601804948;136,076199372733;"EnhA"
716;293,800571726357;4,06905048346106;"EnhB"
717;-221,954316730134;-105,331721466416;"Prom"
717;-137,412058577247;187,320163101416;"EnhA"
717;359,366375307381;-81,9884416349996;"EnhB"
718;-811,926110315023;-551,851554061822;"Prom"
718;327,002733487029;405,790828654836;"EnhA"
718;484,923376827994;146,060725406987;"EnhB"
719;-226,627346338971;-181,844532982466;"Prom"
719;-42,8015978803739;237,205543530524;"EnhA"
719;269,428944219345;-55,3610105480575;"EnhB"
720;-282,285541387007;-210,316167315287;"Prom"
720;-82,3230001934972;290,310442788129;"EnhA"
720;364,608541580504;-79,9942754728417;"EnhB"
721;-236,508607187443;-2,0704437968101;"Prom"
721;-119,646534122151;24,244207066737;"EnhA"
721;356,155141309594;-22,1737632699268;"EnhB"
722;-173,642199763072;-179,18386230514;"Prom"
722;-101,075340454427;281,852732169119;"EnhA"
722;274,717540217499;-102,668869863979;"EnhB"
723;-167,039770275425;-120,807630193282;"Prom"
723;-126,782852869128;215,395969625064;"EnhA"
723;293,822623144553;-94,5883394317826;"EnhB"
724;-364,995303297702;-121,507648123897;"Prom"
724;-130,981327280567;174,159746007768;"EnhA"
724;495,976630578269;-52,6520978838713;"EnhB"
725;-735,770963065272;-283,627895416185;"Prom"
725;106,481692910802;174,907299882809;"EnhA"
725;629,28927015447;108,720595533376;"EnhB"
726;-440,739505550347;-71,8099917082111;"Prom"
726;-208,471000800908;133,936060694567;"EnhA"
726;649,210506351255;-62,126068986356;"EnhB"
727;-210,94205691995;-115,270495668678;"Prom"
727;12,9798211011147;110,010586806337;"EnhA"
727;197,962235818836;5,25990886234091;"EnhB"
728;-342,073342992182;-123,27036819949;"Prom"
728;-164,707227629197;202,998648312078;"EnhA"
728;506,780570621379;-79,7282801125879;"EnhB"
729;-209,192115566613;-35,6656263493257;"Prom"
729;-202,724088899289;130,790486318772;"EnhA"
729;411,916204465902;-95,1248599694459;"EnhB"
730;-252,94808467641;-209,880803689252;"Prom"
730;-21,0920920156569;258,015893214007;"EnhA"
730;274,040176692066;-48,1350895247557;"EnhB"
731;-21,8675662085106;-17,4601109769912;"Prom"
731;-25,155939605711;35,9219027387606;"EnhA"
731;47,0235058142216;-18,4617917617694;"EnhB"
732;-899,605054848495;-592,510819564681;"Prom"
732;287,284586379731;469,306413105446;"EnhA"
732;612,320468468765;123,204406459235;"EnhB"
733;-220,469594020813;-88,7378721030654;"Prom"
733;-67,3913882574581;119,949111986343;"EnhA"
733;287,860982278271;-31,2112398832772;"EnhB"
734;-324,593009515197;-233,09587063313;"Prom"
734;-31,7626920209345;281,874832511693;"EnhA"
734;356,355701536131;-48,7789618785628;"EnhB"
735;-190,880119642017;-96,9481563136892;"Prom"
735;-57,8275664372986;132,49118829397;"EnhA"
735;248,707686079315;-35,543031980281;"EnhB"
736;-289,88792340805;-221,022622381418;"Prom"
736;-99,0560724397801;314,472075888145;"EnhA"
736;388,943995847831;-93,4494535067272;"EnhB"
737;-213,740268775027;-253,256026483203;"Prom"
737;-193,565502268417;437,280612817713;"EnhA"
737;407,305771043444;-184,02458633451;"EnhB"
738;-291,861161442148;-166,375922387707;"Prom"
738;-168,944174822268;279,088491645368;"EnhA"
738;460,805336264417;-112,712569257661;"EnhB"
739;-157,809928061741;-73,6417267051156;"Prom"
739;-134,240787250397;154,253199573903;"EnhA"
739;292,050715312138;-80,6114728687876;"EnhB"
740;-762,355832442862;-97,586086215069;"Prom"
740;-146,248966377997;59,2043119300655;"EnhA"
740;908,604798820858;38,3817742850036;"EnhB"
741;-321,54552726896;-130,037229636882;"Prom"
741;-90,302864084381;170,831968844992;"EnhA"
741;411,848391353341;-40,7947392081102;"EnhB"
742;-260,917183264162;-187,978020336861;"Prom"
742;-41,8905880367261;237,69285712105;"EnhA"
742;302,807771300888;-49,7148367841887;"EnhB"
743;-159,700193981312;-73,4404176204324;"Prom"
743;-114,016125534328;140,878478290591;"EnhA"
743;273,71631951564;-67,4380606701583;"EnhB"
744;-335,891918073871;-59,4648362733727;"Prom"
744;-181,49223559387;123,046569767628;"EnhA"
744;517,384153667741;-63,5817334942554;"EnhB"
745;-277,625515528806;0,37887365555644;"Prom"
745;-153,964023685061;32,8735456583686;"EnhA"
745;431,589539213867;-33,252419313925;"EnhB"
746;-293,416750168838;-111,328684986048;"Prom"
746;-38,7357337678944;118,00410618623;"EnhA"
746;332,152483936733;-6,67542120018281;"EnhB"
747;-446,885693138045;-76,9666324178781;"Prom"
747;-153,527427015201;105,583344631684;"EnhA"
747;600,413120153246;-28,6167122138061;"EnhB"
748;-171,202593018605;-226,165423443732;"Prom"
748;53,8757892006373;253,07519594887;"EnhA"
748;117,326803817967;-26,9097725051384;"EnhB"
749;-308,228760139465;-166,216474788289;"Prom"
749;-83,3331642017611;221,574139003702;"EnhA"
749;391,561924341226;-55,3576642154134;"EnhB"
750;-306,602749261317;-58,8743660800442;"Prom"
750;-112,214270863268;85,4819919328753;"EnhA"
750;418,817020124585;-26,607625852831;"EnhB"
751;-378,117027203954;-128,23206687825;"Prom"
751;-138,759770686645;185,733841862417;"EnhA"
751;516,876797890599;-57,5017749841671;"EnhB"
752;-187,210604452717;-170,588402178507;"Prom"
752;90,7625918839477;146,352068757685;"EnhA"
752;96,4480125687693;24,2363334208219;"EnhB"
753;-109,955695777686;-157,579205223145;"Prom"
753;-160,706759690093;302,502690584486;"EnhA"
753;270,662455467779;-144,923485361342;"EnhB"
754;-315,122370513272;-9,95110852557234;"Prom"
754;-167,399372316498;47,653203203851;"EnhA"
754;482,521742829769;-37,7020946782787;"EnhB"
755;-105,710792395822;-354,265524335659;"Prom"
755;21,6666791401311;472,495075241123;"EnhA"
755;84,0441132556906;-118,229550905464;"EnhB"
756;-446,318067616418;58,5763496119846;"Prom"
756;-808,304069877363;320,332602010583;"EnhA"
756;1254,62213749378;-378,908951622568;"EnhB"
757;-78,684628840133;-183,138838860496;"Prom"
757;-75,5900665902629;293,122413929388;"EnhA"
757;154,274695430396;-109,983575068892;"EnhB"
758;-630,004777037683;-78,0657451801051;"Prom"
758;-509,655792935344;288,51966606668;"EnhA"
758;1139,66056997303;-210,453920886574;"EnhB"
759;-350,007071133418;-302,367634608543;"Prom"
759;197,153791882388;232,586587262622;"EnhA"
759;152,853279251029;69,7810473459215;"EnhB"
760;-366,189387383386;-122,22607095267;"Prom"
760;-62,2803101298743;131,930795069654;"EnhA"
760;428,469697513261;-9,70472411698429;"EnhB"
761;-164,031373286246;-65,6904411486874;"Prom"
761;-213,929519627646;191,264529973542;"EnhA"
761;377,960892913892;-125,574088824854;"EnhB"
762;-223,548782482163;-97,3161635636532;"Prom"
762;22,970793544933;75,0528737319697;"EnhA"
762;200,57798893723;22,2632898316835;"EnhB"
763;-145,136260707884;-57,7034861003685;"Prom"
763;5,04773358270111;47,0149584431285;"EnhA"
763;140,088527125183;10,68852765724;"EnhB"
764;-90,6587140729227;-10,7955077495779;"Prom"
764;-29,5671521963629;13,4945926572073;"EnhA"
764;120,225866269286;-2,69908490762944;"EnhB"
765;-83,9464893956484;-125,426153705144;"Prom"
765;-177,204994952133;272,43385889325;"EnhA"
765;261,151484347781;-147,007705188106;"EnhB"
766;-19,5876719448184;-245,003860447172;"Prom"
766;-262,917395704039;512,809655115204;"EnhA"
766;282,505067648857;-267,805794668032;"EnhB"
767;-312,362313654421;-118,070505341763;"Prom"
767;-133,738305720853;182,86731370215;"EnhA"
767;446,100619375275;-64,7968083603869;"EnhB"
768;-300,000076163522;-296,907746862295;"Prom"
768;-36,7817642085806;382,456612934225;"EnhA"
768;336,781840372103;-85,5488660719304;"EnhB"
769;-912,673386407828;-263,367637772011;"Prom"
769;-146,00102131859;263,642281086243;"EnhA"
769;1058,67440772642;-0,274643314232226;"EnhB"
770;-251,833966703323;-285,788278955859;"Prom"
770;29,46648774938;335,908921632989;"EnhA"
770;222,367478953943;-50,1206426771291;"EnhB"
771;-302,867469166418;-323,670911810253;"Prom"
771;-113,626506870599;468,424881002679;"EnhA"
771;416,493976037017;-144,753969192426;"EnhB"
772;-434,673465033904;-270,364917767106;"Prom"
772;37,6820812279335;267,118577953125;"EnhA"
772;396,991383805971;3,24633981398184;"EnhB"
773;-400,537017624094;-114,047728681043;"Prom"
773;-68,3247895805984;116,153776811492;"EnhA"
773;468,861807204693;-2,10604813044853;"EnhB"
774;-188,807080815109;-75,1976596554576;"Prom"
774;41,8330788948478;39,2813002778677;"EnhA"
774;146,974001920262;35,9163593775899;"EnhB"
775;-243,67322878471;-203,589158132341;"Prom"
775;-53,4891731612342;271,334378012072;"EnhA"
775;297,162401945944;-67,7452198797309;"EnhB"
776;-531,798814840442;-397,947643932393;"Prom"
776;174,200139425024;343,344410464255;"EnhA"
776;357,598675415418;54,603233468138;"EnhB"
777;-713,767361915849;-324,728655345114;"Prom"
777;195,625884976997;183,279622674163;"EnhA"
777;518,141476938851;141,449032670951;"EnhB"
778;-101,947586073154;-20,6024260849065;"Prom"
778;-170,693803532506;113,370104709869;"EnhA"
778;272,641389605659;-92,7676786249628;"EnhB"
779;-284,171639499012;-40,6505032314874;"Prom"
779;-69,8634079966092;37,8278524767632;"EnhA"
779;354,035047495621;2,82265075472417;"EnhB"
780;-322,030223408505;-24,9141148909731;"Prom"
780;-305,528342088305;154,068777694933;"EnhA"
780;627,55856549681;-129,15466280396;"EnhB"
781;-306,819473804932;-184,497891736596;"Prom"
781;-97,2304701042355;256,909121826404;"EnhA"
781;404,049943909167;-72,4112300898079;"EnhB"
782;-291,314486288734;-47,0920228517651;"Prom"
782;-201,448573018935;127,827201733113;"EnhA"
782;492,763059307669;-80,7351788813476;"EnhB"
783;-337,194299352905;-305,780920909763;"Prom"
783;24,0580761860768;348,726757736144;"EnhA"
783;313,136223166828;-42,9458368263809;"EnhB"
784;-35,4709928445266;-6,8426424326877;"Prom"
784;-26,9298382547078;18,6630896693462;"EnhA"
784;62,4008310992345;-11,8204472366585;"EnhB"
785;-114,089282565427;-157,823124542815;"Prom"
785;-151,988267974382;296,460907198592;"EnhA"
785;266,077550539809;-138,637782655776;"EnhB"
786;-285,818135842849;-136,270248454372;"Prom"
786;64,469691192024;91,0483139592512;"EnhA"
786;221,348444650825;45,221934495121;"EnhB"
787;-192,240728341025;-101,171622759541;"Prom"
787;-4,89235010032573;105,136615209047;"EnhA"
787;197,133078441351;-3,96499244950621;"EnhB"
788;-379,596095872836;-217,553086083494;"Prom"
788;17,5941115345005;216,143906927978;"EnhA"
788;362,001984338335;1,40917915551655;"EnhB"
789;-271,857032724039;-207,024981677217;"Prom"
789;-44,2538988770509;264,112839187335;"EnhA"
789;316,11093160109;-57,0878575101178;"EnhB"
790;-324,157270626651;-166,229747928959;"Prom"
790;-177,72507708631;277,0523840055;"EnhA"
790;501,882347712961;-110,822636076541;"EnhB"
791;-341,996578437934;-261,342814605865;"Prom"
791;-52,1475132043124;331,352065136715;"EnhA"
791;394,144091642246;-70,0092505308502;"EnhB"
792;-344,364398406207;-388,212919716148;"Prom"
792;230,455289150876;336,612363635825;"EnhA"
792;113,909109255331;51,6005560803234;"EnhB"
793;-248,224858743211;-183,169188674534;"Prom"
793;-260,180411815674;370,250929502101;"EnhA"
793;508,405270558884;-187,081740827567;"EnhB"
794;-388,743478082905;-183,360929328126;"Prom"
794;-106,131455591361;242,272427350826;"EnhA"
794;494,874933674266;-58,9114980227005;"EnhB"
795;-136,24444562835;-123,707550580784;"Prom"
795;-83,1301140745805;199,233778242331;"EnhA"
795;219,374559702931;-75,5262276615468;"EnhB"
796;-324,731293151644;-100,779690028945;"Prom"
796;-137,186149823963;157,328624163597;"EnhA"
796;461,917442975607;-56,5489341346517;"EnhB"
797;-208,254186358451;-135,454112724207;"Prom"
797;-119,559892050831;222,619363931776;"EnhA"
797;327,814078409282;-87,1652512075688;"EnhB"
798;-242,291112700788;-116,771297890771;"Prom"
798;9,11895863779874;107,48128746201;"EnhA"
798;233,172154062989;9,29001042876116;"EnhB"
799;-115,41299392377;-18,9556729966495;"Prom"
799;-22,4447407826145;15,174015065577;"EnhA"
799;137,857734706384;3,78165793107242;"EnhB"
800;-100,182046614978;-135,552670003779;"Prom"
800;-163,872927416035;274,989143380578;"EnhA"
800;264,054974031013;-139,436473376798;"EnhB"
801;-350,999449062096;-129,990697478784;"Prom"
801;-467,477790870543;400,121639105897;"EnhA"
801;818,477239932639;-270,130941627113;"EnhB"
802;-474,284584509262;-334,541509307283;"Prom"
802;132,37875114701;291,270703036129;"EnhA"
802;341,905833362253;43,2708062711549;"EnhB"
803;-377,246347348283;-336,211855847449;"Prom"
803;120,777766609411;322,931255016706;"EnhA"
803;256,468580738872;13,2806008307427;"EnhB"
804;-312,728971596617;-301,707403141269;"Prom"
804;59,7572440198465;326,067742913192;"EnhA"
804;252,97172757677;-24,3603397719235;"EnhB"
805;-94,8013912310799;-55,1386302381833;"Prom"
805;-76,9750550756144;106,061303250618;"EnhA"
805;171,776446306694;-50,9226730124343;"EnhB"
806;-168,677125688395;-257,758583002214;"Prom"
806;26,2460607513191;316,420983810965;"EnhA"
806;142,431064937076;-58,6624008087508;"EnhB"
807;-351,543167923156;-45,9741764330807;"Prom"
807;-278,424455658222;160,736527313575;"EnhA"
807;629,967623581378;-114,762350880494;"EnhB"
808;-172,130954648527;-250,228809659319;"Prom"
808;-57,2254537853886;357,033723134252;"EnhA"
808;229,356408433915;-106,804913474933;"EnhB"
809;-270,692222268287;-106,106690498347;"Prom"
809;-13,3322610321754;99,740065992346;"EnhA"
809;284,024483300462;6,36662450600083;"EnhB"
810;-329,083152817919;-199,655567745421;"Prom"
810;-44,4810809538553;240,674011187286;"EnhA"
810;373,564233771775;-41,0184434418654;"EnhB"
811;-170,474454295348;-239,499662040502;"Prom"
811;119,221597175477;231,54389433947;"EnhA"
811;51,2528571198705;7,95576770103139;"EnhB"
812;-316,850344456205;-135,57332140831;"Prom"
812;-11,4162283295313;130,499603928668;"EnhA"
812;328,266572785736;5,07371747964167;"EnhB"
813;-646,250696327869;-236,42610056581;"Prom"
813;-31,4393280754075;213,555382317336;"EnhA"
813;677,690024403277;22,8707182484733;"EnhB"
814;-352,445355866814;-502,42541599023;"Prom"
814;77,9028714928801;594,671916267497;"EnhA"
814;274,542484373933;-92,2465002772678;"EnhB"
815;-221,501638866387;-62,9697557341629;"Prom"
815;-142,24735964712;129,46256911959;"EnhA"
815;363,748998513507;-66,4928133854267;"EnhB"
816;-293,064540015954;-242,751387647767;"Prom"
816;-31,9254110137058;303,023840166926;"EnhA"
816;324,98995102966;-60,2724525191585;"EnhB"
817;-493,732028062793;-83,7924255977805;"Prom"
817;-57,4486791639741;44,6658789428409;"EnhA"
817;551,180707226767;39,1265466549395;"EnhB"
818;-366,885450479643;-141,153275529008;"Prom"
818;38,4368661505028;95,9934133111747;"EnhA"
818;328,44858432914;45,159862217833;"EnhB"
819;-69,9508725139726;-26,4313598208192;"Prom"
819;-4,8239174415804;25,2144417939257;"EnhA"
819;74,774789955553;1,21691802689349;"EnhB"
820;-237,211767172872;-239,035410079732;"Prom"
820;-130,531747590584;372,041599792423;"EnhA"
820;367,743514763456;-133,006189712691;"EnhB"
821;-553,378451754936;-169,449488407564;"Prom"
821;-55,1550077440543;153,025795263862;"EnhA"
821;608,533459498991;16,4236931437026;"EnhB"
822;-358,183979368355;-146,465956035306;"Prom"
822;-28,7071717797706;147,63238262911;"EnhA"
822;386,891151148125;-1,16642659380435;"EnhB"
823;-96,9947724612879;-245,555314047172;"Prom"
823;-77,4458708341565;379,990755298777;"EnhA"
823;174,440643295444;-134,435441251605;"EnhB"
824;-154,944747730036;-57,8973119818329;"Prom"
824;-222,019089355816;187,167298660658;"EnhA"
824;376,963837085852;-129,269986678825;"EnhB"
825;-129,384886747335;-116,048297913198;"Prom"
825;-121,282237670074;213,637372561823;"EnhA"
825;250,667124417409;-97,5890746486246;"EnhB"
826;-76,0734819092129;-139,972304325066;"Prom"
826;-92,8305159545142;242,358841180242;"EnhA"
826;168,903997863727;-102,386536855176;"EnhB"
827;-616,017791112933;-439,761095092212;"Prom"
827;169,115940454346;387,632242855091;"EnhA"
827;446,901850658587;52,1288522371217;"EnhB"
828;-77,1011597942584;-146,899533864636;"Prom"
828;-169,542823533723;300,104587037116;"EnhA"
828;246,643983327981;-153,20505317248;"EnhB"
829;-237,466194194851;-129,816012926458;"Prom"
829;-35,9890896027464;155,582961939567;"EnhA"
829;273,455283797597;-25,7669490131084;"EnhB"
830;-424,164765566171;-40,3110743137553;"Prom"
830;-111,927180433626;31,9295723191434;"EnhA"
830;536,091945999797;8,38150199461201;"EnhB"
831;-376,511528075648;-183,580143283909;"Prom"
831;-103,920065013537;243,976811312743;"EnhA"
831;480,431593089186;-60,3966680288336;"EnhB"
832;-285,467426309128;-267,346211566429;"Prom"
832;-46,7819949024571;349,450801836293;"EnhA"
832;332,249421211585;-82,1045902698633;"EnhB"
833;-590,960057147647;-215,182996624132;"Prom"
833;-13,2661873199127;184,13324312016;"EnhA"
833;604,22624446756;31,0497535039724;"EnhB"
834;-282,620191673061;-144,401155773023;"Prom"
834;48,8619699239322;113,245995682991;"EnhA"
834;233,758221749129;31,1551600900316;"EnhB"
835;-254,963438271965;-259,767813976239;"Prom"
835;15,1924642445363;306,671949051674;"EnhA"
835;239,770974027429;-46,9041350754348;"EnhB"
836;-398,217888978123;-174,312147380496;"Prom"
836;-85,6009795061086;214,250001079151;"EnhA"
836;483,818868484231;-39,9378536986548;"EnhB"
837;-450,556549545342;-468,625065507205;"Prom"
837;-7,44808335613955;577,184185088558;"EnhA"
837;458,004632901481;-108,559119581353;"EnhB"
838;-670,514983848424;-316,250342212936;"Prom"
838;132,292369079216;220,511685190827;"EnhA"
838;538,222614769208;95,7386570221083;"EnhB"
839;-231,144771809973;-6,43170377695338;"Prom"
839;-209,756625630828;88,1288908977997;"EnhA"
839;440,901397440801;-81,6971871208464;"EnhB"
840;-329,211215639318;-418,490191808845;"Prom"
840;181,645555117241;414,180398989565;"EnhA"
840;147,565660522077;4,30979281927991;"EnhB"
841;-187,085811786072;-160,757432537029;"Prom"
841;-192,899672917166;309,740882495782;"EnhA"
841;379,985484703239;-148,983449958753;"EnhB"
842;-339,718881610929;-591,269929880791;"Prom"
842;237,169835282007;625,793027576391;"EnhA"
842;102,549046328921;-34,5230976956009;"EnhB"
843;-536,887051589145;-210,180458632293;"Prom"
843;47,8134559709205;150,965160060988;"EnhA"
843;489,073595618225;59,2152985713053;"EnhB"
844;-333,802007207831;-142,189610441087;"Prom"
844;-112,956907084166;199,725552363323;"EnhA"
844;446,758914291996;-57,5359419222366;"EnhB"
845;-389,926286454317;-331,431371810687;"Prom"
845;-11,6525802350235;396,048721154627;"EnhA"
845;401,578866689341;-64,6173493439399;"EnhB"
846;-163,14477702449;-133,280984038756;"Prom"
846;-66,2363960859443;196,346541248107;"EnhA"
846;229,381173110434;-63,0655572093511;"EnhB"
847;-194,025220720175;-143,40463739797;"Prom"
847;8,47122275460328;157,169752660205;"EnhA"
847;185,553997965571;-13,7651152622349;"EnhB"
848;-883,035695949144;-614,056756965936;"Prom"
848;218,969271696486;546,831894638359;"EnhA"
848;664,066424252658;67,2248623275765;"EnhB"
849;-53,1888444791566;-4,89877927959739;"Prom"
849;-28,2636626563204;12,6831417227535;"EnhA"
849;81,452507135477;-7,78436244315616;"EnhB"
850;-671,902132807607;-278,299369036164;"Prom"
850;204,249594957125;120,53114539469;"EnhA"
850;467,652537850483;157,768223641474;"EnhB"
851;-308,105827229603;-303,250897101521;"Prom"
851;72,26355323901;321,511419641512;"EnhA"
851;235,842273990593;-18,2605225399913;"EnhB"
852;-30,3208715635165;-13,1148962583068;"Prom"
852;-28,9428925800778;30,1200466351884;"EnhA"
852;59,2637641435943;-17,0051503768816;"EnhB"
853;-250,842534644409;-24,4661778392706;"Prom"
853;-44,8712136002352;6,44312844912276;"EnhA"
853;295,713748244645;18,0230493901479;"EnhB"
854;-1016,12810219963;-592,24468041863;"Prom"
854;437,415131205911;348,56001077337;"EnhA"
854;578,712970993724;243,68466964526;"EnhB"
855;-303,988705040253;-209,313491595091;"Prom"
855;-31,4715257357454;252,124952975225;"EnhA"
855;335,460230775999;-42,8114613801344;"EnhB"
856;-13,3030691813462;-59,9068301654666;"Prom"
856;-170,068999789363;189,656815346849;"EnhA"
856;183,372068970709;-129,749985181383;"EnhB"
857;-447,420718000456;6,45744526369892;"Prom"
857;-223,824000626774;29,352240323509;"EnhA"
857;671,24471862723;-35,8096855872078;"EnhB"
858;-365,94363935882;-162,588710476831;"Prom"
858;-99,5786905506811;213,435314500897;"EnhA"
858;465,522329909501;-50,8466040240663;"EnhB"
859;-451,086337894808;-195,834933462296;"Prom"
859;-257,811413500889;341,019154909174;"EnhA"
859;708,897751395697;-145,184221446878;"EnhB"
860;-192,455067242102;-290,246571139086;"Prom"
860;-53,5249151733082;407,722288320044;"EnhA"
860;245,97998241541;-117,475717180958;"EnhB"
861;-494,171687000205;-143,914248467791;"Prom"
861;-492,233692702654;403,205203744769;"EnhA"
861;986,405379702859;-259,290955276978;"EnhB"
862;-426,587629767919;-144,120440335314;"Prom"
862;-8,64916393334211;116,198205869926;"EnhA"
862;435,236793701261;27,9222344653884;"EnhB"
863;-467,024989523033;-106,251163834638;"Prom"
863;-44,489328367926;74,9423705099819;"EnhA"
863;511,514317890959;31,3087933246562;"EnhB"
864;-123,317780308152;-84,4494728788865;"Prom"
864;-90,0985423754838;150,007097009294;"EnhA"
864;213,416322683636;-65,5576241304078;"EnhB"
865;-150,087665607019;-109,214958150709;"Prom"
865;-147,246365866585;215,355169690986;"EnhA"
865;297,334031473604;-106,140211540277;"EnhB"
866;-547,834125465721;-307,007795558778;"Prom"
866;216,512457146463;182,310012382908;"EnhA"
866;331,321668319258;124,69778317587;"EnhB"
867;-651,413376602531;-37,5414308729316;"Prom"
867;-491,733732381627;214,110872931142;"EnhA"
867;1143,14710898416;-176,56944205821;"EnhB"
868;-372,204289691489;-112,364233351147;"Prom"
868;-141,310861711331;165,826546585539;"EnhA"
868;513,51515140282;-53,4623132343922;"EnhB"
869;-211,53157815438;-274,239031343782;"Prom"
869;-15,6264408072622;356,636433751976;"EnhA"
869;227,158018961642;-82,397402408194;"EnhB"
870;-131,999286749093;-181,584416076537;"Prom"
870;-22,5176763427712;245,58727013622;"EnhA"
870;154,516963091864;-64,0028540596835;"EnhB"
871;-233,526325044391;-106,158357941814;"Prom"
871;-271,108977202764;269,553629476386;"EnhA"
871;504,635302247155;-163,395271534572;"EnhB"
872;-152,029170261208;-91,3733227490729;"Prom"
872;-9,5615726375473;103,06744067536;"EnhA"
872;161,590742898755;-11,6941179262876;"EnhB"
873;-247,66680679413;-55,9627412688077;"Prom"
873;-59,5842170434155;61,714064782426;"EnhA"
873;307,251023837546;-5,75132351361828;"EnhB"
874;-295,95208527834;-247,142894006673;"Prom"
874;-8,07740564732449;293,767615213973;"EnhA"
874;304,029490925665;-46,6247212073;"EnhB"
875;-528,507247570064;-129,413860911468;"Prom"
875;21,459457332222;53,0817201691065;"EnhA"
875;507,047790237843;76,3321407423612;"EnhB"
876;-234,831372957023;-157,905557245858;"Prom"
876;-123,468590640455;251,363099381984;"EnhA"
876;358,299963597479;-93,4575421361258;"EnhB"
877;-215,082551766916;-163,439057542702;"Prom"
877;-56,124966103256;221,662797517125;"EnhA"
877;271,207517870172;-58,2237399744234;"EnhB"
878;-331,471373079184;-55,2384943846532;"Prom"
878;-140,141041023956;92,08691800063;"EnhA"
878;471,61241410314;-36,8484236159768;"EnhB"
879;-238,831252265304;-168,58192713426;"Prom"
879;-183,655481910106;303,491071904748;"EnhA"
879;422,48673417541;-134,909144770488;"EnhB"
880;-347,624895694261;-316,277944556424;"Prom"
880;101,403645392628;313,072129028351;"EnhA"
880;246,221250301633;3,20581552807332;"EnhB"
