image_ID;DAPI_ID;DAPI_volume;nFC1;nFC2;nFC3;MNN_D_FC1FC2;MNN_D_FC1FC3;MNN_D_FC2FC3;ID_FC1;ID_FC2;ID_FC3;xFC1;yFC1;zFC1;xFC2;yFC2;zFC2;xFC3;yFC3;zFC3
S2_Ivana-Field-01-Airyscan3DProcessed;1;19412.802752;46;35;41;0.800027300212878;1.11972303028693;0.328959921505226;7;3;5;1107.41660452399;1616.78722346508;23.9005717126523;1106.46042120552;1618.93972403776;18.2258533042847;1108.3097412481;1619.27777777778;15.9383561643836
S2_Ivana-Field-01-Airyscan3DProcessed;1;19412.802752;46;35;41;0.629901293980661;0.701406564936393;0.596878626855804;8;8;15;1253.72607260726;1824.48184818482;20.1245874587459;1261.19800483676;1811.95737605804;21.8219467956469;1257.53790087464;1807.51603498542;20.7706511175899
S2_Ivana-Field-01-Airyscan3DProcessed;1;19412.802752;46;35;41;0.706543072070519;1.02548605708986;0.557370743089221;11;4;2;1747.20825852783;1988.15888689408;20.9569120287253;1731.97352647353;1984.74175824176;18.5969030969031;1734.90265486726;1988.14336283186;14.5309734513274
S2_Ivana-Field-01-Airyscan3DProcessed;1;19412.802752;46;35;41;0.230142538440697;0.634032005924795;0.509302428180181;12;5;11;2191.06379310345;2146.04827586207;21.4172413793103;2186.00208877285;2144.08825065274;20.8720626631854;2188.29502572899;2145.37135506003;16.9622641509434
S2_Ivana-Field-01-Airyscan3DProcessed;1;19412.802752;46;35;41;0.823793959586309;0.375066901569299;0.879080403971666;14;7;12;1001.79489559165;1947.70997679814;23.861252900232;1005.88844858332;1927.57023974638;23.4798890429958;1008.95966135458;1948.83814741036;22.1633466135458
S2_Ivana-Field-01-Airyscan3DProcessed;1;19412.802752;46;35;41;0.498373041938142;0.894916517587897;0.273234985812497;16;6;9;951.188727583262;1657.6024765158;25.2788215200683;947.128615702479;1654.42975206612;22.0377066115702;954.28672427337;1649.32128829537;19.4069128043991
S2_Ivana-Field-01-Airyscan3DProcessed;1;19412.802752;46;35;41;0.556037807582956;0.289238342939127;0.530592579131175;24;15;21;1719.42465156794;2546.3118466899;29.6668118466899;1727.03397260274;2557.89917808219;29.3715068493151;1717.40077274324;2550.12539515279;28.0094836670179
S2_Ivana-Field-01-Airyscan3DProcessed;1;19412.802752;46;35;41;0.678473405409665;0.794848227284609;0.454775755148116;27;16;23;2030.61869747899;2372.22023809524;34.6960784313725;2033.70605819051;2358.45635711439;32.0047827819849;2029.74442631865;2364.41653072322;29.4806960304513
S2_Ivana-Field-01-Airyscan3DProcessed;1;19412.802752;46;35;41;0.160686381114379;0.751555868610986;0.41949477883487;30;25;31;1561.96853932584;1343.41872659176;37.110861423221;1560.69111111111;1339.66111111111;36.9333333333333;1546.23037542662;1345.64419795222;34.2482935153584
S2_Ivana-Field-01-Airyscan3DProcessed;1;19412.802752;46;35;41;0.657673514644604;0.869431742458511;0.7301789701494;31;17;25;1916.54856550294;2427.39474593847;37.3919806429312;1909.12678571429;2439.72886904762;35.1220238095238;1909.80196198651;2437.31085223789;32.2127529123237
S2_Ivana-Field-01-Airyscan3DProcessed;1;19412.802752;46;35;41;0.662441028161881;0.804677116156999;0.297640559745292;36;26;35;2151.60307517084;2372.6486332574;38.9071753986333;2148.39500772002;2356.55892949048;39.5522388059701;2154.74813432836;2353.24020522388;40.1231343283582
S2_Ivana-Field-01-Airyscan3DProcessed;1;19412.802752;46;35;41;0.45311306486463;0.802503561741321;0.529065224613691;37;31;36;2330.81801385681;2180.63140877598;40.9565819861432;2329.76541353383;2176.26917293233;43.928320802005;2347.22925311203;2174.03526970954;38.2510373443983
S2_Ivana-Field-01-Airyscan3DProcessed;1;19412.802752;46;35;41;0.214742155870645;0.347497589960634;1.06193218072156;38;27;32;1064.25899788285;2758.27381792519;38.9266055045872;1062.12903225806;2757.86935483871;40.3298387096774;1067.05898681471;2764.41221374046;37.3629424011103
S2_Ivana-Field-01-Airyscan3DProcessed;1;19412.802752;46;35;41;0.234179498081322;0.241560767308581;2.41415084065017;42;33;41;2180.18250813155;2091.65341525117;49.6075171666064;2185.81866197183;2093.23591549296;49.5883802816901;2180.85836909871;2097.08369098712;48.8776824034335
S2_Ivana-Field-01-Airyscan3DProcessed;1;19412.802752;46;35;41;3.34115663983958;2.95759260249374;0.27010294985153;45;32;28;1313.65477057538;2205.05316824472;50.0524399126001;1283.67900552486;2129.92651933702;44.0966850828729;1277.95499618612;2176.89778794813;33.3928299008391
S2_Ivana-Field-01-Airyscan3DProcessed;2;1007.652128;1;2;0;NaN;NaN;NaN;NaN;NaN;NaN;NaN;NaN;NaN;NaN;NaN;NaN;NaN;NaN;NaN
S2_Ivana-Field-01-Airyscan3DProcessed;3;430.527328;1;1;1;0.45411572782251;1.12916130674774;0.817699602203395;1;1;1;281.053267435475;407.120812740253;42.3440417353103;286.141632653061;414.590612244898;44.3069387755102;302.974358974359;410.048155096936;47.3564727954972
S2_Ivana-Field-01-Airyscan3DProcessed;4;514.78448;1;2;2;0.51742728841299;0.796284982019506;0.557096243270476;1;2;2;1286.60508529128;853.83907306083;40.0756356614097;1294.9870382372;854.130913804277;37.2618276085548;1287.29329173167;862.469578783151;34.9539781591264
S2_Ivana-Field-02-Airyscan3DProcessed;1;12204.658368;30;26;22;0.43638883405629;4.40107543304673;4.55924881362157;7;4;3;1443.61151832461;1264.37591623037;20.257242582897;1441.15827523883;1271.06403304932;17.8964626904209;1549.74189985272;1277.78129602356;27.6115611192931
S2_Ivana-Field-02-Airyscan3DProcessed;1;12204.658368;30;26;22;1.9743254460413;2.1372918572977;0.467894130085921;11;12;14;1168.0509233352;1979.5987688864;29.9457190822608;1214.4294755877;1963.1609403255;31.0542495479204;1212.81007751938;1953.68313953488;33.7790697674419
S2_Ivana-Field-02-Airyscan3DProcessed;1;12204.658368;30;26;22;3.58552487759998;2.98309718126895;0.541705546557498;13;19;19;627.828571428571;1700.86571428571;26.9352380952381;645.691964285714;1645.04836309524;46.3139880952381;641.168766246751;1679.46150769846;46.9876024795041
S2_Ivana-Field-02-Airyscan3DProcessed;1;12204.658368;30;26;22;1.31066116609506;0.909942717952474;0.977482021702694;17;8;10;1325.66066997519;1809.87344913151;31.4522332506203;1308.29399412012;1830.77068458631;26.220075598488;1309.73330404218;1822.68760984183;28.6006151142355
S2_Ivana-Field-02-Airyscan3DProcessed;1;12204.658368;30;26;22;0.661484878958079;0.775950294529047;1.3915645049402;25;17;16;1218.58310120706;1390.64623955432;46.4131847725162;1222.04212990053;1374.55588063195;45.9514335868929;1212.93197674419;1389.65755813953;41.1186046511628
S2_Ivana-Field-02-Airyscan3DProcessed;1;12204.658368;30;26;22;0.258931741948496;0.577420296081356;0.570833860402633;28;20;18;1922.56162558294;1074.57495003331;50.6029313790806;1918.05250965251;1075.54208494209;49.3050193050193;1929.14057063326;1071.16562282533;47.0633263743911
S2_Ivana-Field-02-Airyscan3DProcessed;1;12204.658368;30;26;22;0.948937709092797;1.44711362798449;2.22453311825611;30;21;17;1807.82020802377;1180.46210995542;51.3291233283804;1830.84643644379;1175.2556943424;50.6598089639971;1778.4983713355;1177.5016286645;45.3338762214984
S2_Ivana-Field-03-Airyscan3DProcessed;1;674.419424;2;2;2;0.216040183681669;0.707692305337436;0.494118938976174;1;1;1;124.989898989899;328.141025641026;13.9265734265734;119.609989909183;328.616548940464;13.9162462159435;107.58129418162;330.36759108211;13.2876563349647
S2_Ivana-Field-03-Airyscan3DProcessed;1;674.419424;2;2;2;0.476634329729549;0.299814829569139;0.40329350670744;2;2;2;66.3250798722045;472.52875399361;23.9313099041534;77.8099644128114;470.867615658363;24.7046263345196;71.4607142857143;470.639285714286;22.4678571428571
S2_Ivana-Field-03-Airyscan3DProcessed;2;28932.423296;73;47;41;0.613452515127373;0.528486909795862;0.537902116881897;2;1;1;2554.70835277648;1551.32757816146;8.09892673821745;2550.54192546584;1565.98214285714;8.60093167701863;2546.2721791559;1557.69078380706;5.83290267011197
S2_Ivana-Field-03-Airyscan3DProcessed;2;28932.423296;73;47;41;0.652785703936928;1.6501202510838;1.8986832971366;6;2;3;474.175916582577;1314.32526067945;11.0423814328961;461.996492985972;1318.07164328657;8.12925851703407;503.331325301205;1341.39658634538;7.92670682730924
S2_Ivana-Field-03-Airyscan3DProcessed;2;28932.423296;73;47;41;0.200987910023612;0.696732185368691;0.532940861739564;7;5;6;751.590970480417;1063.14914142389;13.6175959868802;749.259484777518;1059.6112412178;12.8459016393443;741.524361948956;1058.74168600155;9.75638051044083
S2_Ivana-Field-03-Airyscan3DProcessed;2;28932.423296;73;47;41;0.439555297095122;0.672976357249168;0.73048975702875;31;17;16;986.422243713733;1724.47446808511;28.6148936170213;989.135885167464;1735.04401913876;28.244976076555;988.344883158743;1736.36744560838;25.25946817083
S2_Ivana-Field-03-Airyscan3DProcessed;2;28932.423296;73;47;41;0.776679425472306;0.81599471502189;0.422496476906212;37;10;11;1030.07470651014;1714.64567769477;25.8271077908218;1045.88727697182;1717.53576788394;22.7151909287977;1032.48849414614;1729.64150181671;21.936213161082
S2_Ivana-Field-03-Airyscan3DProcessed;2;28932.423296;73;47;41;0.588844564401797;0.710770762305078;0.431142721291142;43;21;18;830.287449392713;1133.90182186235;30.3785425101215;835.824396234138;1147.50266066312;30.6741711011052;840.972961186219;1146.04055822067;28.2747492368077
S2_Ivana-Field-03-Airyscan3DProcessed;2;28932.423296;73;47;41;0.596686246711992;0.648176840913038;0.398339502099702;45;20;19;1279.86334256694;818.076638965836;31.5872576177285;1267.68182836657;813.071028456195;29.5857046829487;1269.97225647349;822.272503082614;28.1214549938348
S2_Ivana-Field-03-Airyscan3DProcessed;2;28932.423296;73;47;41;0.380834186103277;0.783351955445816;0.542077243681006;46;29;25;1270.70302750173;2367.20799630229;35.1536861566905;1273.9115610016;2358.63292488013;35.8998401704848;1278.81405663596;2349.38485158649;35.2302968270215
S2_Ivana-Field-03-Airyscan3DProcessed;2;28932.423296;73;47;41;0.236237975866845;0.513442333052324;0.681838651587233;47;23;22;2592.07114754098;1503.04786885246;33.235737704918;2597.05184072126;1500.42712246431;32.7242674680691;2586.60607831677;1495.82232612507;30.6376388077148
S2_Ivana-Field-03-Airyscan3DProcessed;2;28932.423296;73;47;41;0.79388418928319;0.839129817237423;0.429050774854372;51;24;24;2059.25499431541;1175.09631313952;40.0776352119539;2070.98265204387;1176.76490528415;35.527816550349;2054.70976895014;1174.51074179165;34.2286177543575
S2_Ivana-Field-03-Airyscan3DProcessed;2;28932.423296;73;47;41;0.605521733879723;0.777228152769317;0.411529244240875;53;33;29;2855.67349350138;1166.9361953525;39.8239464356046;2864.1771321462;1154.88972196189;38.8453608247423;2864.27598072953;1156.09841706813;35.9263592567103
S2_Ivana-Field-03-Airyscan3DProcessed;2;28932.423296;73;47;41;0.317550718116517;0.533879166385271;0.743087217297842;56;42;39;2357.20996025251;1601.39116202946;44.3308393733926;2352.23993144816;1606.79348757498;45.1945158526135;2346.24783861671;1608.99615754083;44.2247838616715
S2_Ivana-Field-03-Airyscan3DProcessed;2;28932.423296;73;47;41;0.32827131298921;0.929222986992595;0.616214802888397;58;35;27;1836.72785768357;1663.13815291446;40.8769871309614;1837.49886449659;1657.58062074186;39.1657834973505;1838.64971751412;1652.0411622276;35.0718321226796
S2_Ivana-Field-03-Airyscan3DProcessed;2;28932.423296;73;47;41;0.799831749030365;1.31940325680124;0.757857008060111;59;34;28;1917.54586129754;1654.70469798658;42.072706935123;1899.48270944742;1661.38752228164;40.5368983957219;1896.26549865229;1663.76819407008;35.3537735849057
S2_Ivana-Field-03-Airyscan3DProcessed;2;28932.423296;73;47;41;0.697995213561655;0.643566717100286;0.307264661743853;60;36;33;2343.48962025316;918.848607594937;41.4921518987342;2360.12045454545;917.863636363636;40.0090909090909;2345.1821444594;908.653207716465;37.9690444145357
S2_Ivana-Field-03-Airyscan3DProcessed;2;28932.423296;73;47;41;0.537457265210955;0.805608504954383;0.28921020209867;65;38;37;1495.65789473684;2231;43.5385964912281;1495.01229508197;2241.81352459016;41.2674180327869;1490.15974985787;2246.55372370665;40.2376350198977
S2_Ivana-Field-03-Airyscan3DProcessed;3;1103.708256;2;3;1;1.9972086089439;1.24478484881175;0.87955631393662;1;1;1;1481.21879936809;318.616903633491;23.1358609794629;1466.24053224156;272.009211873081;20.3306038894575;1465.60877310176;293.966154531285;20.0440881763527
S2_Ivana-Field-03-Airyscan3DProcessed;4;1263.065664;2;2;2;0.460034471994534;0.748527878204741;0.476771439492113;1;1;1;2723.35112277632;2184.13298337708;23.0804899387577;2722.87883959044;2180.56612627986;19.9594709897611;2712.66729589429;2174.50920245399;19.658801321378
S2_Ivana-Field-03-Airyscan3DProcessed;4;1263.065664;2;2;2;0.105290910985354;0.481733127081762;0.518534374278427;2;2;2;2348.40750947296;2460.52325180847;22.8976920427144;2350.75274370562;2459.78050355068;23.1652679147837;2343.99847094801;2450.67660550459;21.368501529052
S2_Ivana-Field-03-Airyscan3DProcessed;5;623.158592;2;0;1;NaN;NaN;NaN;NaN;NaN;NaN;NaN;NaN;NaN;NaN;NaN;NaN;NaN;NaN;NaN
S2_Ivana-Field-03-Airyscan3DProcessed;6;797.344352;1;0;1;NaN;NaN;NaN;NaN;NaN;NaN;NaN;NaN;NaN;NaN;NaN;NaN;NaN;NaN;NaN
S2_Ivana-Field-03-Airyscan3DProcessed;7;688.4808;1;1;2;0.276645333777952;6.19152226745351;6.21135746042732;1;1;2;928.743706399757;2307.28662420382;35.1953290870488;929.649103139014;2309.94506726457;37.0011210762332;1080.49063670412;2284.80932924753;29.2914538644876
S2_Ivana-Field-04-Airyscan3DProcessed;1;2539.057472;5;6;4;0.609417159917166;0.455201676902455;0.419982580252861;1;1;1;1105.29508196721;1992.5956284153;22.048087431694;1092.73929376409;1997.55747558227;20.030803906837;1094.66112035496;1988.84248474764;21.6112035496395
S2_Ivana-Field-04-Airyscan3DProcessed;1;2539.057472;5;6;4;0.488527520516743;0.501951490984781;0.708172394558648;2;3;2;1334.63359106529;1706.34536082474;28.7878006872852;1324.81587448085;1699.51407475773;28.0816797415782;1341.91610738255;1696.14597315436;28.9706375838926
S2_Ivana-Field-04-Airyscan3DProcessed;1;2539.057472;5;6;4;0.222449829469849;0.457452291650862;0.533476450384367;4;5;4;920.910105393676;1917.57470551767;46.243335399876;924.95577746077;1916.8395149786;47.3131241084165;910.887573964497;1919.85749506903;44.8111439842209
S2_Ivana-Field-04-Airyscan3DProcessed;1;2539.057472;5;6;4;0.685488523769088;0.41414694220441;0.673743433751105;5;4;3;1601.99742157284;1880.24151267727;45.7645036527718;1591.15584415584;1890.90082644628;43.5053128689492;1600.33540372671;1881.48757763975;42.8664596273292
S2_Ivana-Field-04-Airyscan3DProcessed;2;3259.28064;7;8;8;0.3678326315361;0.913794902618215;0.968670215457868;1;1;1;1874.9619582164;2288.56470221391;19.0626753975678;1877.61708085404;2280.1606580329;19.812390619531;1887.59972202919;2296.73419041001;23.9735927727589
S2_Ivana-Field-04-Airyscan3DProcessed;2;3259.28064;7;8;8;0.374666428988063;0.718444298187619;0.404170761981915;6;7;5;1974.23672806067;2393.51968219574;47.3049837486457;1968.7993384785;2386.15876515987;47.8754134509372;1962.29755065014;2383.05624433021;44.9047475052918
S2_Ivana-Field-04-Airyscan3DProcessed;2;3259.28064;7;8;8;0.323331773488623;0.70020565989621;0.505969751556107;7;6;6;2593.12528216704;2511.3572234763;47.3126410835214;2593.49644932214;2504.3938024532;46.1446094254358;2588.60127591707;2496.96331738437;44.7767145135566
S2_Ivana-Field-04-Airyscan3DProcessed;3;1228.102176;3;2;3;0.376157062714189;0.370328376501035;0.388728259950466;2;1;2;284.912346842601;1742.82846371348;18.1753063147974;275.898828236639;1740.485281509;17.8028008002286;283.051005747126;1733.91666666667;17.694683908046
S2_Ivana-Field-04-Airyscan3DProcessed;3;1228.102176;3;2;3;0.693668531904489;0.973959365658585;0.287807030800042;3;2;3;478.680148105953;1939.31586442609;23.8427798348049;483.314129775622;1950.82989690722;20.3823529411765;486.882775119617;1954.55741626794;18.9497607655502
S2_Ivana-Field-04-Airyscan3DProcessed;4;990.891104;2;2;2;0.505516294279624;0.771288145468716;0.794896303979475;1;2;1;873.516096238563;1489.25889528973;19.2568620806506;877.260558339299;1478.50393700787;20.8224767358626;877.321663019694;1476.93161925602;15.1624726477024
S2_Ivana-Field-04-Airyscan3DProcessed;5;548.4416;4;0;1;NaN;NaN;NaN;NaN;NaN;NaN;NaN;NaN;NaN;NaN;NaN;NaN;NaN;NaN;NaN
S2_Ivana-Field-04-Airyscan3DProcessed;6;693.483168;0;1;1;NaN;NaN;NaN;NaN;NaN;NaN;NaN;NaN;NaN;NaN;NaN;NaN;NaN;NaN;NaN
S2_Ivana-Field-04-Airyscan3DProcessed;7;2482.528832;3;3;1;0.975263127511029;0.732824983060932;0.269252463195777;2;2;1;1953.54095701541;1675.38605028386;26.0612327656123;1966.77234042553;1674.06063829787;20.2223404255319;1961.37708018154;1673.491301059;21.3608169440242
S2_Ivana-Field-05-Airyscan3DProcessed;1;21644.892864;51;40;40;0.493288630854134;0.59864256353407;0.24417671388079;2;1;1;1145.51864218141;1615.85754034502;12.4418475236505;1156.68975069252;1617.93767313019;11.0727146814404;1155.61148036254;1622.12326283988;9.84108761329305
S2_Ivana-Field-05-Airyscan3DProcessed;1;21644.892864;51;40;40;0.408936732484596;0.560118475287178;0.649397851961112;3;5;3;853.266858789625;1259.84322766571;13.2495677233429;852.745286724273;1252.06952081697;15.1408091123331;864.286825726141;1252.64885892116;11.8827800829876
S2_Ivana-Field-05-Airyscan3DProcessed;1;21644.892864;51;40;40;1.21448000855877;1.4957662618978;0.487244118102356;4;6;6;1166.09873248833;1662.55637091394;13.4016010673783;1184.62028499581;1647.17267393127;18.6865046102263;1196.44394307532;1647.22283929191;17.8497049635543
S2_Ivana-Field-05-Airyscan3DProcessed;1;21644.892864;51;40;40;0.45376597396749;1.4892562865343;1.08656190686114;17;10;15;1385.19837587007;1796.77842227378;24.5272621809745;1383.46943231441;1807.03580786026;23.2340611353712;1391.43370455978;1832.94935910906;22.743853750788
S2_Ivana-Field-05-Airyscan3DProcessed;1;21644.892864;51;40;40;0.462017091019042;0.87239891230804;0.479167039413549;18;17;21;1778.81028595817;1686.90247545881;27.4287238583013;1788.05742369374;1683.14950853595;25.7672012415934;1798.41886409736;1687.90263691684;24.7155172413793
S2_Ivana-Field-05-Airyscan3DProcessed;1;21644.892864;51;40;40;0.511727294536769;2.14803413865067;0.404603829018541;19;20;7;1886.17934606669;2140.7898996439;26.5704111362901;1883.31554103123;2146.59658678286;29.7229484386347;1857.29961464355;2114.21290944123;16.0982658959538
S2_Ivana-Field-05-Airyscan3DProcessed;1;21644.892864;51;40;40;0.425261319698496;0.8053842171126;2.52967117870737;22;19;20;1549.37412424101;1708.36548341896;27.4198972442784;1540.10850111857;1709.46979865772;25.9642058165548;1533.58863328823;1707.00270635995;23.8700947225981
S2_Ivana-Field-05-Airyscan3DProcessed;1;21644.892864;51;40;40;0.385784053199389;0.229941868219908;0.70155272567415;30;27;33;1638.65209553853;2026.87291572781;34.6259576385759;1642.99092456041;2035.39648326716;34.9807146908678;1644.09308072488;2028.05848434926;34.2182866556837
S2_Ivana-Field-05-Airyscan3DProcessed;1;21644.892864;51;40;40;0.234865772200323;1.35209386311857;1.14063908380742;35;24;29;1326.64931992904;1064.51153163808;36.7995269071555;1323.36978710994;1068.81539807524;36.1481481481481;1301.67973856209;1078.05816993464;31.5653594771242
S2_Ivana-Field-05-Airyscan3DProcessed;1;21644.892864;51;40;40;0.50880511407177;0.766829091081959;0.315421897941651;37;21;30;1311.33647798742;1676.08071278826;36.2337526205451;1302.03167259786;1682.55338078292;34.5843416370107;1307.14632885212;1671.10082730093;31.081695966908
S2_Ivana-Field-05-Airyscan3DProcessed;1;21644.892864;51;40;40;0.425181022146799;0.90639792587445;0.500355596845758;41;34;34;1487.68449197861;735.828465651995;40.7696421225833;1495.94361334868;742.411392405063;40.4269275028769;1493.85278276481;751.91921005386;36.5655296229803
S2_Ivana-Field-05-Airyscan3DProcessed;1;21644.892864;51;40;40;1.94936637951037;2.70839680778206;0.666240185413462;44;39;38;1792.99634235552;1708.77542062911;44.1097293343087;1747.97189922481;1707.38565891473;49.4234496124031;1726.66202301635;1704.15263476681;47.7577225923683
S2_Ivana-Field-05-Airyscan3DProcessed;1;21644.892864;51;40;40;0.307638915539029;6.67615966053864;6.51735849279964;45;35;36;1836.1566951567;743.251424501424;43.3632478632479;1840.19467554077;747.859234608985;42.0349417637271;2002.90286975717;739.419426048565;41.6026490066225
S2_Ivana-Field-05-Airyscan3DProcessed;1;21644.892864;51;40;40;1.01550920200607;0.845521438519436;0.893131738412846;49;30;35;1777.49094437257;897.669469598965;45.006468305304;1770.87313628041;906.247711221554;38.4465079780277;1780.70168483647;910.495540138751;40.2943508424182
S2_Ivana-Field-06-Airyscan3DProcessed;1;10564.883392;18;16;16;3.39826976510302;0.303002525067766;3.46320056282746;1;5;2;1290.89322617681;571.252009184845;13.1377726750861;1338.40955284553;503.311991869919;18.4369918699187;1288.29651390521;569.202506854681;11.1907559733647
S2_Ivana-Field-06-Airyscan3DProcessed;1;10564.883392;18;16;16;0.731299685311068;1.86768132973744;1.97121065405158;11;8;13;416.267156862745;746.71875;33.2610294117647;402.637623762376;756.057708628006;31.0246110325318;425.820576131687;785.511934156379;40.1654320987654
S2_Ivana-Field-06-Airyscan3DProcessed;1;10564.883392;18;16;16;2.86587934290572;2.84156001156657;0.118405189909928;12;14;15;884.472660996355;660.821992709599;36.0768529769137;928.840688912809;703.877287405813;46.4219590958019;922.603728202045;715.109440769693;43.3355381840048
S2_Ivana-Field-06-Airyscan3DProcessed;1;10564.883392;18;16;16;0.507416457996682;0.551612906712079;5.94880149946188;15;11;12;266.782514450867;486.717485549133;43.735549132948;267.398320895522;494.120335820896;40.7975746268657;269.995923359152;495.529147982063;40.8471259682022
S2_Ivana-Field-06-Airyscan3DProcessed;1;10564.883392;18;16;16;5.87430824489646;7.17323119227852;0.671421626277736;18;13;6;1344.65966386555;882.302521008403;50.1614645858343;1219.53495762712;951.667372881356;40.6875;1209.737;819067;21652
S2_Ivana-Field-06-Airyscan3DProcessed;2;1141.425824;3;2;2;0.341090607630975;0.548036120808321;0.45296799077171;2;1;1;1951.31412639405;2116.99938042131;12.7304832713755;1950.74411113348;2109.04026575398;11.8713509160459;1948.84776663628;2113.8195077484;8.98860528714676
S2_Ivana-Field-06-Airyscan3DProcessed;2;1141.425824;3;2;2;0.506122701587331;0.532159952142774;0.266883636990183;3;2;2;2008.40934684685;1986.60135135135;21.5619369369369;2005.36896838602;1987.6418469218;18.0653078202995;2011.5410418311;1985.18310970797;17.8898973954223
S2_Ivana-Field-06-Airyscan3DProcessed;3;2191.696864;5;3;1;0.694827323549254;0.868474016619895;0.480290521270629;5;2;1;2879.84654731458;2917.94757033248;42.6540920716113;2863.72006841505;2917.36944127708;40.8169897377423;2867.44238683128;2918.15569272977;37.5631001371742
S2_Ivana-Field-06-Airyscan3DProcessed;4;885.500672;3;3;2;0.371619971399111;0.306664255837092;0.195082701022475;3;3;2;2824.97828232971;2004.4906219151;41.5982230997039;2824.2885583524;2007.00915331808;39.0508009153318;2822.01408450704;2003.17089201878;39.6136150234742
S2_Ivana-Field-07-Airyscan3DProcessed;1;6548.045728;17;11;11;0.404763987748291;0.433280276006037;0.115111905577803;5;1;6;1496.62911611785;1456.44974003466;25.4068457538995;1491.05531914894;1449.12595744681;24.2051063829787;1493.26031746032;1447.51428571429;23.9460317460317
S2_Ivana-Field-07-Airyscan3DProcessed;1;6548.045728;17;11;11;0.38319238868824;0.238200663720992;0.324838019549154;8;6;7;1751.44363480497;1241.6588084012;31.1243034719246;1742.78833865815;1240.96086261981;32.2803514376997;1747.53915453915;1237.42342342342;30.6930006930007
S2_Ivana-Field-07-Airyscan3DProcessed;1;6548.045728;17;11;11;0.661589157137582;1.91179245528237;0.557716095984308;9;10;8;2056.0109670987;1470.92987703556;42.727816550349;2048.6656920078;1470.06578947368;46.9546783625731;2031.6008353222;1447.01431980907;33.1807875894988
S2_Ivana-Field-07-Airyscan3DProcessed;1;6548.045728;17;11;11;0.506827000127188;1.03005671476863;2.2438004932699;11;9;9;1205.16658202133;1172.05992889792;42.5266632808532;1215.70537368746;1177.49660284126;41.2513897467573;1222.05;1187.47040816327;39.1387755102041
S2_Ivana-Field-07-Airyscan3DProcessed;2;1063.429248;5;2;3;0.476334022136967;0.806282730143406;0.851915187734627;2;1;1;986.614557485525;845.553349875931;20.206782464847;982.624640184226;850.833621185953;17.3782383419689;1003.53393425239;846.90243902439;17.1002120890774
S2_Ivana-Field-07-Airyscan3DProcessed;2;1063.429248;5;2;3;0.431632356129495;0.84696693098411;0.486346957903936;5;2;3;1120.18527508091;819.312297734628;29.7686084142395;1121.24582869855;811.454393770857;27.6774193548387;1117.60956690368;809.968972204266;24.3897866839043
S2_Ivana-Field-08-Airyscan3DProcessed;1;1146.755456;2;4;3;0.531731567959894;0.52279524356422;0.174297899347419;1;1;1;2037.61875547765;2271.18229623138;16.6879929886065;2024.69256884195;2268.73896642776;17.2342512259525;2025.04834329169;2268.55241716458;15.9945681694731
S2_Ivana-Field-08-Airyscan3DProcessed;1;1146.755456;2;4;3;0.234155848449038;1.68086096022374;1.59748249652539;2;3;2;2005.66846944294;1873.51487290427;25.7928610059492;2000.73886883273;1871.26714801444;25.1594464500602;2006.32346723044;1831.85729386892;24.2272727272727
S2_Ivana-Field-08-Airyscan3DProcessed;2;902.69424;3;1;2;0.453480623644701;0.798822508235943;0.635872123343196;3;1;2;1175.27183462532;2351.17312661499;25.3617571059432;1165.13789359392;2351.85884907709;23.9229098805646;1164.93199554069;2336.34113712375;22.9386845039019
S2_Ivana-Field-08-Airyscan3DProcessed;3;2802.649248;7;3;3;0.644663556815387;1.06095650882282;0.466325590872555;5;2;2;1872.30088037286;1410.1465561885;30.9886069394096;1864.68100237047;1418.90890619709;27.795462241788;1855.06841686555;1419.776849642;25.9272076372315
S2_Ivana-Field-08-Airyscan3DProcessed;4;2103.108;6;8;4;1.95747989024021;1.69567276873407;2.790892588594;1;3;4;2672.6891469406;1731.00401965163;15.7275569450648;2625.48196721311;1718.22513661202;15.231693989071;2668.58116591928;1770.69775784753;19.8143497757848
S2_Ivana-Field-08-Airyscan3DProcessed;4;2103.108;6;8;4;1.93985261369666;0.906801496102703;2.32080857024008;4;4;1;2580.21852517986;2286.81025179856;19.419964028777;2533.85789106145;2272.75349162011;20.0583100558659;2586.67562470533;2280.03583215464;13.5205091937765
S2_Ivana-Field-08-Airyscan3DProcessed;4;2103.108;6;8;4;0.401938760462115;0.381186641021538;0.166585079584417;5;5;3;2402.46890243902;2213.53780487805;20.45;2394.24457741212;2217.03889304413;19.1383694839192;2397.05635245902;2215.94979508197;18.3176229508197
S2_Ivana-Field-08-Airyscan3DProcessed;5;3283.491008;10;9;5;0.585295734039619;1.31561582370218;1.14835780633592;4;4;2;652.92868719611;1050.21609940573;34.2941653160454;663.493466424682;1040.48493647913;33.4963702359347;644.756973795435;1020.04437869822;31.3710904480135
S2_Ivana-Field-08-Airyscan3DProcessed;5;3283.491008;10;9;5;0.469447504056634;0.95567709712305;0.488738565773543;7;7;3;583.749269827005;1087.79532689283;41.9056391822062;588.282548476454;1089.27596952909;38.8417590027701;592.194720734507;1092.38982402448;35.6564651874522
S2_Ivana-Field-08-Airyscan3DProcessed;6;923.054944;2;2;1;0.380493849127697;9.22377659625449;9.55431207656368;2;1;1;920.026484018265;1787.400456621;24.1415525114155;914.628071636818;1781.70470637234;22.6055810079134;1071.41947926712;1960.50916104147;28.9845708775313
S2_Ivana-Field-08-Airyscan3DProcessed;7;340.637024;0;0;1;NaN;NaN;NaN;NaN;NaN;NaN;NaN;NaN;NaN;NaN;NaN;NaN;NaN;NaN;NaN
S2_Ivana-Field-08-Airyscan3DProcessed;8;55.233024;1;1;1;0.180386353579537;0.41740850948215;0.257366219693195;1;1;1;36.2589693411611;667.957599478147;17.9856490541422;39.0303183425973;666.797372410308;17.0247599797878;44.4463937621832;668.377517868746;16.1410006497726
S2_Ivana-Field-09-Airyscan3DProcessed;1;18773.377728;42;41;45;1.55701751572501;1.17429790289039;2.68311802920827;1;4;2;1176.08438384358;1353.96218163108;16.5294571649087;1139.77763881941;1340.2963981991;17.4444722361181;1198.20481927711;1370.52464403067;13.697699890471
S2_Ivana-Field-09-Airyscan3DProcessed;1;18773.377728;42;41;45;0.383999622016915;0.584393735287323;0.209861739876368;12;11;8;2428.81328125;2286.482421875;26.596484375;2424.74916013438;2287.53751399776;24.1298992161254;2420.99270072993;2287.53180396246;23.0834202294056
S2_Ivana-Field-09-Airyscan3DProcessed;1;18773.377728;42;41;45;0.379919712525878;1.66116511865587;1.339320498923;13;12;4;1428.69731051345;2005.90806845966;26.5799511002445;1423.79928315412;2011.85483870968;24.9928315412186;1423.6092519685;2026.93602362205;16.4517716535433
S2_Ivana-Field-09-Airyscan3DProcessed;1;18773.377728;42;41;45;0.732228593286685;0.348100081696199;0.944031269728265;14;14;9;840.806351665376;844.25755228505;29.138652207591;847.576424870466;834.134455958549;33.0435233160622;844.282988871224;843.137784843667;26.8818229994701
S2_Ivana-Field-09-Airyscan3DProcessed;1;18773.377728;42;41;45;0.383974226945297;0.600380791353708;0.241096478439401;16;15;13;844.117153284672;982.693430656934;29.9197080291971;851.613085621971;980.622778675283;28.3117932148627;853.577235772358;977.781113195747;26.9005628517824
S2_Ivana-Field-09-Airyscan3DProcessed;1;18773.377728;42;41;45;1.88586481617638;1.43827565002912;0.597349389406706;17;33;23;1626.11844431349;2114.92162639953;30.2504419563936;1602.95245170877;2084.2887568103;38.0633977216444;1592.57434944238;2110.27137546468;33.703531598513
S2_Ivana-Field-09-Airyscan3DProcessed;1;18773.377728;42;41;45;2.33834507854182;2.57176924101025;0.560178747704858;19;36;33;1844.37977339488;1810.99370541334;33.7771716323961;1858.84062927497;1775.16073871409;46.3105335157319;1801.53872718303;1768.638875185;40.1943759250123
S2_Ivana-Field-09-Airyscan3DProcessed;1;18773.377728;42;41;45;0.224746549054572;0.782172216478285;0.577174291152293;21;21;15;2686.28122998078;2334.38180653427;32.2914798206278;2685.31875525652;2334.55845248108;30.7106812447435;2682.04806491885;2332.57802746567;26.8614232209738
S2_Ivana-Field-09-Airyscan3DProcessed;1;18773.377728;42;41;45;0.48404164568938;0.592099572397561;0.459462234270841;25;27;24;1626.97879464286;2030.98251488095;35.1063988095238;1615.20781696854;2028.8770257388;35.6367969494757;1614.99377431907;2038.09649805447;33.6817120622568
S2_Ivana-Field-09-Airyscan3DProcessed;1;18773.377728;42;41;45;0.701092333670695;0.276200812399717;0.45933579222028;27;25;22;2038.1459655485;1768.05031731641;35.6237533998187;2045.55209452202;1753.18313641246;34.0247046186896;2041.51403601695;1763.86228813559;34.385063559322
S2_Ivana-Field-09-Airyscan3DProcessed;1;18773.377728;42;41;45;0.610988220181053;0.93787183038703;0.51108587434086;30;16;21;1010.1237006237;1371.43035343035;34.9449064449064;1004.12492616657;1370.90608387478;30.9341405788541;1002.47005988024;1356.20958083832;30.3423153692615
S2_Ivana-Field-09-Airyscan3DProcessed;1;18773.377728;42;41;45;0.303810577184366;0.519229339033181;1.27477356626694;31;28;29;1308.30795610425;1328.0701303155;39.4367283950617;1312.78784648188;1321.93745557925;39.40973702914;1307.60910746812;1322.60983606557;36.0779599271403
S2_Ivana-Field-09-Airyscan3DProcessed;1;18773.377728;42;41;45;0.804692040435659;0.964063906603669;0.15600055063532;33;22;20;2776.48137326516;2636.97589481373;36.3323593864134;2794.70768675568;2639.98700830025;34.0566582461205;2787.88835942818;2644.41456773315;30.6507828454731
S2_Ivana-Field-09-Airyscan3DProcessed;1;18773.377728;42;41;45;0.836715051888123;0.699765947947756;0.786898031109181;35;34;32;1241.66972898484;995.314653192467;42.5649977032614;1236.97521301317;1008.40898528273;38.1014717273431;1238.45508337816;1007.50457235073;39.0995158687466
S2_Ivana-Field-09-Airyscan3DProcessed;1;18773.377728;42;41;45;0.482478174161941;0.946144409389097;2.46066109401803;37;35;26;2784.6660899654;2233.16133217993;42.3646193771626;2794.86583184258;2227.42754919499;41.5277280858676;2791.10390070922;2228.23687943262;36.0156028368794
S2_Ivana-Field-09-Airyscan3DProcessed;1;18773.377728;42;41;45;0.291589938135854;0.552706494173965;0.483767782950298;40;37;39;1930.12765385649;2387.2668637463;49.7280300994356;1929.34470284238;2381.74263565891;48.3875968992248;1927.35373608903;2390.05723370429;45.9435612082671
S2_Ivana-Field-09-Airyscan3DProcessed;1;18773.377728;42;41;45;0.839629794172635;0.877771795732403;0.329106365762817;41;39;42;1772.4650094569;2062.3753039719;49.9462307484464;1781.1871886121;2081.04555160142;51.0875444839858;1758.47475728155;2047.49126213592;47.6553398058252
S2_Ivana-Field-09-Airyscan3DProcessed;1;18773.377728;42;41;45;0.922159704457097;1.06823003390984;1.69046750132669;42;38;41;1200.37074517019;1713.83900643974;50.804967801288;1206.31435963777;1691.58990944373;50.5002156101768;1204.84378947368;1689.00252631579;48.3086315789474
S2_Ivana-Field-09-Airyscan3DProcessed;2;2709.721952;7;9;9;0.98825548674709;2.74479379527421;2.39390846228462;1;3;3;21.6852882261295;1486.27598486535;18.8898286223014;43.1441202475685;1491.2157382847;15.6887709991158;55.7678391959799;1544.32060301508;22.7005025125628
S2_Ivana-Field-09-Airyscan3DProcessed;2;2709.721952;7;9;9;0.719975526259429;0.841587947478706;0.375189580529926;4;6;7;408.330690161527;1392.37885462555;46.2678414096916;414.833174451859;1375.6291706387;46.5734032411821;417.280828082808;1375.08550855086;43.99099909991
S2_Ivana-Field-09-Airyscan3DProcessed;2;2709.721952;7;9;9;0.292870607379874;0.409809441101742;0.577480047672115;5;7;8;82.6137381781981;1240.77401692384;47.3026381284221;81.7575075075075;1239.37837837838;49.3415915915916;92.2645914396887;1238.69747081712;46.5194552529183
S2_Ivana-Field-09-Airyscan3DProcessed;2;2709.721952;7;9;9;0.274841053354269;0.60323237339369;0.489000249325154;6;8;9;163.17040875072;1507.74611398964;50.8082901554404;168.230402181322;1503.11520109066;50.6932515337423;162.496015936255;1493.16334661355;51.8894422310757
S2_Ivana-Field-09-Airyscan3DProcessed;2;2709.721952;7;9;9;0.529153951604363;6.37716163163928;6.06148157870192;7;9;2;488.472160356347;860.017817371938;51.8775055679287;488.22877930477;872.860953920776;50.9741309620048;573.774611398964;936.736614853195;20.2478411053541
S2_Ivana-Field-09-Airyscan3DProcessed;3;888.978496;1;2;2;0.339236361947948;0.456569614149682;0.711152425488453;1;2;2;371.638831437435;2145.04343329886;45.385987590486;365.647890758352;2139.86978785662;46.2557912704218;370.128581925055;2153.15907421014;43.1337252020573
S2_Ivana-Field-10-Airyscan3DProcessed;1;8932.724192;25;17;21;0.467358354064064;1.00412119285616;0.619860911535168;4;2;3;2436.84597014925;287.151044776119;17.6537313432836;2440.27400362319;298.303894927536;17.8292572463768;2451.79821260583;306.477422389464;16.0103480714958
S2_Ivana-Field-10-Airyscan3DProcessed;1;8932.724192;25;17;21;0.729569399563443;0.708947978545286;0.543235172296789;8;5;9;1968.94885782475;544.141152403682;25.3358336174565;1980.2723900371;530.114202437732;26.1282458929518;1963.41989319092;536.172229639519;21.0974632843792
S2_Ivana-Field-10-Airyscan3DProcessed;1;8932.724192;25;17;21;0.646990188685074;0.892053044636412;0.139207766410617;10;3;8;2603.56201419398;1476.16458262927;25.6900980060831;2600.8179070646;1485.50547789951;21.999622213827;2603.909613542;1476.18556371766;19.31906739061
S2_Ivana-Field-10-Airyscan3DProcessed;1;8932.724192;25;17;21;0.523209541776578;0.609707177575128;1.00458056584683;12;6;10;2024.28291032149;523.948223350254;28.0988155668359;2020.67144136079;534.530886302596;26.1598030438675;2010.20100083403;523.868640533778;26.4320266889074
S2_Ivana-Field-10-Airyscan3DProcessed;1;8932.724192;25;17;21;0.42622722398898;0.507838019723917;0.598960973209234;13;7;11;2470.02095499828;728.415321195465;28.2274132600481;2462.03734939759;732.892168674699;26.6686746987952;2473.197945845;736.396825396825;25.5564892623716
S2_Ivana-Field-10-Airyscan3DProcessed;1;8932.724192;25;17;21;0.395698498651037;1.712438707817;0.493143789583757;14;14;20;2894.69202518363;392.130640083945;27.4270724029381;2897.56584821429;398.422991071429;29.4475446428571;2872.42682926829;416.605182926829;35.1890243902439
S2_Ivana-Field-10-Airyscan3DProcessed;1;8932.724192;25;17;21;0.234857352649468;0.915974149600056;0.880245656222398;17;12;12;2574.07670807453;1149.06894409938;31.9295031055901;2578.95867768595;1147.28612140211;31.1490453120547;2572.95758218452;1157.60127253446;25.8663838812301
S2_Ivana-Field-10-Airyscan3DProcessed;1;8932.724192;25;17;21;0.893169047827233;1.26596392642586;0.575204485272942;18;13;16;2600.29504132231;666.321074380165;33.9144628099174;2616.22141372141;656.106548856549;30.5265072765073;2614.75707280272;641.98679743493;29.8702376461713
S2_Ivana-Field-10-Airyscan3DProcessed;1;8932.724192;25;17;21;0.199687364918109;0.713210161280474;1.47858234694282;19;15;19;2270.66600331675;360.803980099502;36.110447761194;2273.33530183727;363.019028871391;35.0846456692913;2284.09870627695;360.855773838045;32.7604216578821
S2_Ivana-Field-10-Airyscan3DProcessed;1;8932.724192;25;17;21;0.702687719358343;0.776359106868322;0.54656053110016;21;4;18;2246.87772925764;287.213973799127;35.5633187772926;2240.69033018868;298.514386792453;32.151179245283;2238.58478081059;297.239040529363;31.4483043837883
S2_Ivana-Field-10-Airyscan3DProcessed;2;1384.114816;5;4;2;1.44766726191706;0.554928034280651;1.96691247220431;3;3;1;1520.19935483871;1837.64387096774;15.8696774193548;1488.18058132344;1820.99628942486;16.6518243661101;1531.3252240717;1842.66197183099;13.9852752880922
S2_Ivana-Field-10-Airyscan3DProcessed;3;2766.025024;5;4;7;0.692661878895108;0.410377524858048;0.250846557803469;2;2;6;1988.07250268528;2636.78490870032;22.6654135338346;1972.50262667345;2638.38671411625;20.5488900186409;1983.42693773825;2638.12452350699;20.0800508259212
S2_Ivana-Field-10-Airyscan3DProcessed;3;2766.025024;5;4;7;0.836775508202978;0.919511829281545;0.441999078672068;3;1;1;1804.26656626506;2618.45331325301;22.773343373494;1820.04457720588;2619.90027573529;18.8706341911765;1817.65845886443;2616.89397450753;17.4536500579374
S2_Ivana-Field-10-Airyscan3DProcessed;3;2766.025024;5;4;7;0.675469273337095;0.856244000600946;0.608215788580945;4;3;5;2430.23553719008;2727.6080283353;28.6658795749705;2419.65022421525;2730.53542600897;25.0008968609865;2432.40934065934;2730.49873203719;22.6377852916314
S2_Ivana-Field-10-Airyscan3DProcessed;3;2766.025024;5;4;7;0.74890250639948;2.56469351722307;2.26635356580829;5;4;3;2550.68404588113;2763.18039624609;29.4932221063608;2549.69195612431;2744.51523461304;29.1852528945765;2583.95263765884;2730.42934154794;16.9360800924143
S2_Ivana-Field-10-Airyscan3DProcessed;4;1406.96864;2;5;4;7.22056950427725;7.27750184739562;0.29410150573167;1;2;2;334.173913043478;1236.2597826087;17.7641304347826;214.789430561245;1100.88652191725;18.5100368701352;219.093053735256;1095.43184796855;19.197247706422
S2_Ivana-Field-11-Airyscan3DProcessed;1;1173.551008;4;2;3;1.0136877440965;0.645499069763578;0.757016652036176;4;2;3;791.039615846339;748.627851140456;19.9669867947179;802.3133640553;771.075049374589;19.0085582620145;785.810556760665;762.396240057845;18.0824295010846
S2_Ivana-Field-11-Airyscan3DProcessed;2;1159.048352;1;1;1;9.45601626694108;0.595331994416789;9.20879750818411;1;1;1;569.182624768946;2186.87356746765;20.2532347504621;468.256050955414;1973.52324840764;16.4133757961783;576.70502901354;2176.51547388781;18.0841392649903
S2_Ivana-Field-11-Airyscan3DProcessed;3;1172.057152;4;2;2;0.358104292662991;0.469244216943241;0.45270036921466;2;1;1;581.975848188614;2360.14088556642;11.8987924094307;590.870187018702;2360.38723872387;11.6160616061606;586.084745762712;2369.27422859626;10.1534115601912
S2_Ivana-Field-11-Airyscan3DProcessed;3;1172.057152;4;2;2;1.69727255484107;1.42200841329566;0.6337190758986;4;2;2;466.353896103896;2447.45315398887;18.3678107606679;462.877823408624;2406.32032854209;15.5616016427105;470.692958447375;2417.24135357054;13.1599900472754
S2_Ivana-Field-11-Airyscan3DProcessed;4;1866.46656;4;4;4;0.274736226062339;14.8550021140441;14.7033634367395;3;3;1;754.002252252252;1792.99774774775;23.0052552552553;760.240858772224;1793.53237168735;23.8118081180812;967.560288335518;2095.81585845347;15.9279161205767
S2_Ivana-Field-11-Airyscan3DProcessed;4;1866.46656;4;4;4;0.688551538319117;0.899566487984352;0.515726103412637;4;4;3;800.429663243372;1352.95939813709;31.6668258896585;813.061160151324;1364.58196721311;31.296973518285;814.458863443596;1363.49957591179;27.6480067854114
S2_Ivana-Field-11-Airyscan3DProcessed;5;511.66976;2;0;1;NaN;NaN;NaN;NaN;NaN;NaN;NaN;NaN;NaN;NaN;NaN;NaN;NaN;NaN;NaN
S2_Ivana-Field-11-Airyscan3DProcessed;6;447.95968;1;2;0;NaN;NaN;NaN;NaN;NaN;NaN;NaN;NaN;NaN;NaN;NaN;NaN;NaN;NaN;NaN
S2_Ivana-Field-11-Airyscan3DProcessed;7;542.178784;1;3;1;0.467418679147001;0.93715059011163;0.642866697558208;1;2;1;1344.42098914355;1256.58443908323;29.9071170084439;1333.70243902439;1252.34536585366;29.3580487804878;1325.08030888031;1260.78764478764;26.3250965250965
S2_Ivana-Field-11-Airyscan3DProcessed;8;2321.492096;8;6;5;1.19575573483499;0.457638545973437;1.01555742033591;2;1;2;2478.89859291606;1883.30664725861;12.9408054342552;2454.23678462211;1867.6120576671;11.1537789427698;2472.97691785472;1884.3849287169;10.1608961303462
S2_Ivana-Field-11-Airyscan3DProcessed;8;2321.492096;8;6;5;0.551611093168589;2.40460951254894;1.91815687465484;5;5;5;2378.22031122031;2263.73505323505;29.8095823095823;2382.97671136203;2265.59985885674;33.469301340861;2418.41729638959;2259.16204869857;42.5138539042821
S2_Ivana-Field-11-Airyscan3DProcessed;9;58.127328;0;0;0;NaN;NaN;NaN;NaN;NaN;NaN;NaN;NaN;NaN;NaN;NaN;NaN;NaN;NaN;NaN
S2_Ivana-Field-11-Airyscan3DProcessed;10;229.024544;1;0;1;NaN;NaN;NaN;NaN;NaN;NaN;NaN;NaN;NaN;NaN;NaN;NaN;NaN;NaN;NaN
S2_Ivana-Field-12-Airyscan3DProcessed;1;514.732288;1;2;1;0.726047932642057;3.07263092106502;3.03542382243809;1;1;1;2430.52345809172;1414.163943068;21.1597258829731;2420.74585387719;1399.76602420439;19.6871358135365;2486.88770999116;1368.66401414677;13.8558797524315
S2_Ivana-Field-12-Airyscan3DProcessed;2;5465.353824;13;12;12;1.09533768677798;0.460953981879029;1.25221112345793;2;4;1;574.461798839458;2352.03699226306;15.2016441005803;556.715447154472;2357.12127371274;20.980352303523;572.990286771508;2361.68732654949;13.4518963922294
S2_Ivana-Field-12-Airyscan3DProcessed;2;5465.353824;13;12;12;0.375873364903771;1.02469875104271;0.784228170980972;5;5;2;918.285362853628;2006.86674866749;23.4479294792948;911.548188653452;2005.17088174983;21.6401230348599;914.49921875;1991.848046875;17.61796875
S2_Ivana-Field-12-Airyscan3DProcessed;2;5465.353824;13;12;12;0.619634553515019;1.292540581398;0.746146856294522;7;6;4;1074.04424778761;2287.5212810788;22.0927096502318;1083.45452054795;2275.35424657534;21.5676712328767;1083.30635031403;2256.94207955338;20.7138869504536
S2_Ivana-Field-12-Airyscan3DProcessed;2;5465.353824;13;12;12;0.208396752451697;0.471765878942869;0.318977076738022;11;9;10;961.680285035629;2136.35344418052;35.3363420427553;957.347417840376;2136.26291079812;34.510172143975;956.568010075567;2139.39168765743;32.426322418136
S2_Ivana-Field-12-Airyscan3DProcessed;3;4762.40128;5;6;6;9.18379089669348;9.1420965611281;5.69883874249331;1;2;1;1785.72722429409;688.227490676612;20.3681406499734;1995.00796178344;780.097929936306;14.140127388535;1993.84253578732;778.616564417178;12.5224948875256
S2_Ivana-Field-12-Airyscan3DProcessed;3;4762.40128;5;6;6;0.505633837504188;0.9086393711733;0.238688631252133;3;4;3;2020.07134894091;1029.4370122631;38.0022296544036;2019.46075433231;1029.69266055046;34.3955147808359;2024.60364145658;1032.53851540616;31.7044817927171
S2_Ivana-Field-12-Airyscan3DProcessed;3;4762.40128;5;6;6;0.770335102797409;1.12176447912804;0.44408736975728;4;6;5;2078.26666666667;1010.64249084249;49.3567765567766;2073.33463035019;1006.62173429683;44.1634241245136;2088.0008363535;1007.10064120435;41.9107889601338
S2_Ivana-Field-12-Airyscan3DProcessed;3;4762.40128;5;6;6;6.07067636379345;2.84509724591169;0.666318751180231;5;1;6;2342.30623608018;610.433184855234;52.6837416481069;2293.40454545455;580.598701298701;12.5292207792208;2338.81069364162;540.351156069364;49.3591040462428
S2_Ivana-Field-13-Airyscan3DProcessed;1;1171.58048;2;1;2;0.954097308326339;1.03963752544507;0.178409030605778;2;1;2;539.51692852401;2036.5768975437;13.4266430626245;548.929268292683;2014.67804878049;13.680081300813;552.868258859784;2014.30816640986;13.0916795069337
S2_Ivana-Field-13-Airyscan3DProcessed;2;913.34096;2;0;1;NaN;NaN;NaN;NaN;NaN;NaN;NaN;NaN;NaN;NaN;NaN;NaN;NaN;NaN;NaN
S2_Ivana-Field-13-Airyscan3DProcessed;3;932.48176;3;3;1;0.186772576124004;0.853208426252015;0.670857428059181;1;1;1;941.24606017192;1730.611747851;13.3065902578797;941.114814814815;1728.55;12.1101851851852;938.479452054794;1724.5;7.52152641878669
S2_Ivana-Field-13-Airyscan3DProcessed;4;1114.373792;2;1;2;0.435745754660959;0.923614000149224;0.566627649868985;1;1;1;1170.54096004599;2228.2003449267;19.3549870652486;1179.28497409326;2231.36139896373;17.7331606217617;1181.29056754596;2235.67505995204;13.9208633093525
S2_Ivana-Field-13-Airyscan3DProcessed;5;2234.228864;5;3;2;0.596856877309988;0.567819752366569;0.401860057809904;4;2;2;1577.67817896389;952.449607535322;34.9667189952904;1581.3666343356;951.661493695441;30.8419010669253;1571.59788732394;953.338732394366;31.3105633802817
S2_Ivana-Field-13-Airyscan3DProcessed;6;946.617504;2;2;1;0.569199628231589;0.654125391205014;0.671406754789254;2;2;1;2318.79449294829;1134.62525184688;21.5889858965749;2316.19556714472;1122.55084745763;19.5697522816167;2310.60718232044;1136.78397790055;17.5917127071823
S2_Ivana-Field-15-Airyscan3DProcessed;1;12501.630176;29;25;17;1.15751455085128;2.65449641547065;1.65855241886668;4;4;2;896.976385104451;2437.71480472298;20.8437783832879;922.194826192401;2451.89975747777;20.7105901374293;962.073909171861;2445.80231522707;17.9741763134461
S2_Ivana-Field-15-Airyscan3DProcessed;1;12501.630176;29;25;17;0.328842763144582;0.924668981584666;0.668776099543386;9;7;7;1277.2406368461;1198.83851402578;29.3149355572403;1278.93787099327;1205.82231895528;28.1745152354571;1290.66893115942;1217.05072463768;27.9633152173913
S2_Ivana-Field-15-Airyscan3DProcessed;1;12501.630176;29;25;17;0.345189040091768;0.796783479525108;0.650220004027892;10;5;3;1851.41824069077;1762.16297895305;26.3032919589854;1854.17547918044;1770.33873099802;26.256444150694;1840.41530612245;1777.46972789116;24.4642857142857
S2_Ivana-Field-15-Airyscan3DProcessed;1;12501.630176;29;25;17;0.448779221479805;0.500606151750457;0.242974143627092;12;8;5;1393.43711521548;1313.85664028144;28.2409850483729;1393.50609756098;1323.16666666667;26.4522357723577;1393.40479876161;1319.55417956656;25.0572755417957
S2_Ivana-Field-15-Airyscan3DProcessed;1;12501.630176;29;25;17;0.899956844508446;1.09532893919513;0.833056870981689;20;14;9;625.364217252396;1217.98296059638;38.7113951011715;623.211400110681;1199.4288876591;35.1278361925844;629.0249851279;1213.49018441404;31.0648423557406
S2_Ivana-Field-15-Airyscan3DProcessed;1;12501.630176;29;25;17;2.0560525996579;0.617862227672494;2.68475916087655;23;18;12;1337.5988909427;1972.39987677141;40.0240295748614;1385.67905646891;1957.04574696212;37.2444603288063;1349.25943569073;1978.34701355808;37.6808354708685
S2_Ivana-Field-15-Airyscan3DProcessed;1;12501.630176;29;25;17;2.90413092717323;3.20357307506038;1.68877016610789;24;15;10;1666.1725196045;1920.45789294238;47.4057279236277;1601.44107071514;1927.54135037954;38.2321214542549;1644.19980879541;1973.52676864245;31.4588910133843
S2_Ivana-Field-15-Airyscan3DProcessed;1;12501.630176;29;25;17;0.248837264416209;0.984873369518787;1.03559478724397;25;24;14;798.218677494199;2511.27088167053;49.508120649652;792.024781341108;2510.95408163265;49.3695335276968;802.515552995392;2495.61866359447;44.2183179723502
S2_Ivana-Field-15-Airyscan3DProcessed;1;12501.630176;29;25;17;1.53759134152171;3.06169334772023;3.03212372192646;29;25;17;1456.49098196393;1733.26953907816;51.9078156312625;1418.32486187845;1737.62320441989;51.5027624309392;1444.45625511038;1808.67375306623;50.3932951757972
S2_Ivana-Field-15-Airyscan3DProcessed;2;1035.553344;1;2;2;0.487602880339867;7.71663374834406;7.78606591185928;1;2;1;1656.97863247863;145.804733727811;30.2652859960552;1651.44322344322;134.950549450549;30.3736263736264;1498.65199161426;249.375262054507;19.4898672257163
S2_Ivana-Field-15-Airyscan3DProcessed;3;7333.63904;19;18;16;1.10040634512465;1.40112479026025;0.111750341403518;4;4;2;2027.96129032258;548.543369175627;23.6860215053763;2000.84621993127;547.205326460481;22.4149484536082;2005.87685020722;545.508584961516;15.9662522202487
S2_Ivana-Field-15-Airyscan3DProcessed;3;7333.63904;19;18;16;0.612957608702727;0.693014958668407;0.927457419647434;9;3;4;2298.01965230537;842.239606953893;26.260015117158;2293.60042964554;850.241138560687;22.7459720730397;2291.15703125;850.42421875;22.3625
S2_Ivana-Field-15-Airyscan3DProcessed;3;7333.63904;19;18;16;0.284296182748311;0.644728680555414;0.633964774843358;10;9;8;2176.58841325064;746.069732264408;33.4465285130843;2174.43981874823;745.393089776267;31.5205324270745;2182.46868978805;748.826589595376;29.2316955684008
S2_Ivana-Field-15-Airyscan3DProcessed;3;7333.63904;19;18;16;0.622482332962415;0.561065891225651;0.47400704587308;11;6;5;2397.77829893684;576.186366479049;28.9749843652283;2403.20294985251;562.236873156342;30.1926253687316;2400.90556621881;567.457965451056;25.967754318618
S2_Ivana-Field-15-Airyscan3DProcessed;3;7333.63904;19;18;16;0.736592796613442;1.05622278852573;0.48868632412308;14;14;9;1704.03612716763;914.751445086705;39.8208092485549;1701.66721854305;902.282008830022;36.0088300220751;1699.55378739656;906.40356460853;32.7788033099936
S2_Ivana-Field-15-Airyscan3DProcessed;3;7333.63904;19;18;16;0.60712558678295;0.991987503093532;0.41440041661993;18;15;13;2486.18957475995;903.942112482853;46.4894375857339;2484.85714285714;904.932388222465;42.1788440567067;2485.24430523918;900.807517084282;39.4658314350797
S2_Ivana-Field-15-Airyscan3DProcessed;3;7333.63904;19;18;16;0.574588304122735;0.344485275364443;0.426643570721086;19;18;16;1913.30463917526;1499.50206185567;50.4546391752577;1902.62567811935;1490.43158529234;49.5497287522604;1910.3220478943;1496.43104872007;48.3195706028076
S2_Ivana-Field-16-Airyscan3DProcessed;1;8181.189408;20;13;13;0.321591192162276;0.601276652352861;0.528380493945027;7;2;2;2317.07617536203;1269.11089069629;24.0484030946241;2319.33455497382;1265.76178010471;22.0623036649215;2306.6125481563;1266.40671436434;21.0632911392405
S2_Ivana-Field-16-Airyscan3DProcessed;1;8181.189408;20;13;13;0.567981667616739;0.675700732658014;0.531026541899263;9;3;1;1157.3572234763;1436.64164785553;23.579006772009;1143.96331096197;1440.55838926174;22.8290827740492;1145.19063180828;1428.8427741467;21.079883805374
S2_Ivana-Field-16-Airyscan3DProcessed;1;8181.189408;20;13;13;0.241484476243412;0.661130333993492;0.59028137806883;14;4;5;965.407329842932;1681.60523560209;30.0261780104712;962.733307148468;1676.20699135899;29.9135899450118;974.209684037751;1669.21009437833;28.1731637258925
S2_Ivana-Field-16-Airyscan3DProcessed;1;8181.189408;20;13;13;0.217264931690106;0.426133821993944;0.414591540959105;15;6;6;1787.29075882795;1162.31404958678;35.0169045830203;1791.36128493951;1159.03504380476;34.5949103045473;1789.69792663477;1164.45295055821;32.1154704944179
S2_Ivana-Field-16-Airyscan3DProcessed;1;8181.189408;20;13;13;0.579166489781719;0.398548624199027;0.34181695003378;18;10;11;898.021533161068;1464.70111972438;43.4440137812231;884.623803503702;1465.24471735597;45.0050568900126;888.497996565541;1462.1951917573;43.0108757870635
S2_Ivana-Field-16-Airyscan3DProcessed;1;8181.189408;20;13;13;0.765758458941657;0.312511834441698;0.797148527969412;19;12;8;1492.7477525119;1262.98677948176;44.2892649391856;1475.53233830846;1267.41564902759;46.3197648123021;1488.75995807128;1261.38522012579;42.4250524109015
S2_Ivana-Field-17-Airyscan3DProcessed;1;12703.56528;29;26;23;0.548814593958121;0.43947758855164;0.631878022991838;1;1;4;1318.11020293123;1554.8190529876;18.5890642615558;1304.67312552654;1557.08129738837;19.047598989048;1315.534416826;1559.47227533461;15.8422562141491
S2_Ivana-Field-17-Airyscan3DProcessed;1;12703.56528;29;26;23;0.877721109666449;0.440655477841871;0.910744055902619;4;2;1;1363.93923240938;774.972281449893;20.1940298507463;1346.68421052632;761.430263157895;20.3688596491228;1361.61051062244;774.335818114051;17.122996645546
S2_Ivana-Field-17-Airyscan3DProcessed;1;12703.56528;29;26;23;0.628605289676256;0.865336595102499;0.862285568646892;5;7;5;1487.85183145139;1178.71853483889;25.3291104378959;1485.16632722335;1166.97623896809;22.4453496266124;1492.23193277311;1178.93613445378;19.2764705882353
S2_Ivana-Field-17-Airyscan3DProcessed;1;12703.56528;29;26;23;0.532365650386743;0.74387664442991;0.711026146041565;8;8;6;1113.72390243902;961.561951219512;26.6341463414634;1101.2755267423;961.924365207996;25.2928146947596;1114.72213114754;958.240983606557;21.4139344262295
S2_Ivana-Field-17-Airyscan3DProcessed;1;12703.56528;29;26;23;0.228775455731679;0.372529625598909;0.778396756147733;10;11;11;2121.30049875312;1995.24488778055;28.2339152119701;2123.50287356322;1998.22435897436;29.4787798408488;2115.99596774194;1992.21169354839;26.2258064516129
S2_Ivana-Field-17-Airyscan3DProcessed;1;12703.56528;29;26;23;0.899218571713892;0.799434101560123;0.443122435323149;11;10;9;1238.01464254953;1294.86046511628;29.9259259259259;1222.60926640927;1289.53359073359;25.5027027027027;1233.24977777778;1289.08977777778;24.6311111111111
S2_Ivana-Field-17-Airyscan3DProcessed;1;12703.56528;29;26;23;5.63786365501564;5.98536871324044;0.596165440065063;12;6;2;860.794573643411;986.468023255814;34.6996124031008;964.265027322404;1069.31693989071;21.0095628415301;955.873718294657;1086.97571505666;18.415002698327
S2_Ivana-Field-17-Airyscan3DProcessed;1;12703.56528;29;26;23;0.248742453115255;0.871726970926655;1.52611523428149;13;15;8;1515.58189015339;958.852548243444;33.0390895596239;1514.35676314235;964.151801535735;32.1777909037212;1514.69330949949;969.16113381001;27.5589887640449
S2_Ivana-Field-17-Airyscan3DProcessed;1;12703.56528;29;26;23;1.25822894490357;0.443073775653314;0.570585338052082;15;13;14;873.403787878788;1699.31439393939;34375;844.208571428571;1699.88785714286;31.0335714285714;881.400658616904;1705.12952799122;32.9484083424808
S2_Ivana-Field-17-Airyscan3DProcessed;1;12703.56528;29;26;23;0.307034423051983;0.411181172646822;0.677099703206789;16;17;13;930.128185328185;1700.3250965251;35.8247104247104;937.733980582524;1699.69902912621;35.5893203883495;932.051376146789;1704.17385321101;33.1573394495413
S2_Ivana-Field-17-Airyscan3DProcessed;1;12703.56528;29;26;23;1.03044137594694;0.698562550647921;0.446800272202789;17;14;17;1698.29698237227;1083.81655213624;40.9725126979385;1683.28433683308;1080.60767088065;35.0619241482751;1682.89519450801;1086.6;38.7588100686499
S2_Ivana-Field-17-Airyscan3DProcessed;1;12703.56528;29;26;23;0.518693220080557;0.591960937926598;2.6707854236217;19;22;20;622.502581755594;1852.41549053356;44.2956970740103;627.489571482746;1840.48047023132;44.5570724307926;629.65483234714;1840.1533530572;43.1005917159763
S2_Ivana-Field-17-Airyscan3DProcessed;1;12703.56528;29;26;23;2.89831221516104;0.299413571479132;0.221925130244317;22;21;23;1373.63283108644;1126.73830293418;46.1530531324346;1428.89603024575;1170.6011342155;41.4395085066163;1376.63456985004;1130.45540647198;44.5067087608524
S2_Ivana-Field-17-Airyscan3DProcessed;1;12703.56528;29;26;23;0.424278670656881;1.591164432022;1.25027848097261;25;24;21;1151.79411764706;1464.56158088235;50.5395220588235;1141.96864608076;1465.17624703088;49.4114014251781;1126.55723158829;1455.79414374445;42.1188997338066
S2_Ivana-Field-18-Airyscan3DProcessed;1;11326.705152;17;19;23;0.295902030301823;0.479918319457859;0.274350247367882;2;3;7;2482.78208307502;2786.65390576565;24.308896466212;2478.85392535393;2781.57464607465;23.2593307593308;2486.41672946496;2783.16880180859;21.197437829691
S2_Ivana-Field-18-Airyscan3DProcessed;1;11326.705152;17;19;23;0.476990390237305;0.706372114803286;0.422974266032984;5;2;5;2228.57796257796;1840.54707454707;21.4743094743095;2223.90304709141;1832.4143252869;19.3707954095766;2221.67211538462;1832.01923076923;17.5211538461538
S2_Ivana-Field-18-Airyscan3DProcessed;1;11326.705152;17;19;23;0.344860847123365;4.42152041207335;4.6878999211703;10;6;3;1113.24352100089;1070.22520107239;31.5437890974084;1104.64780958951;1069.88444291135;31.7074853397723;1191.67585446527;1134.81036383682;19.103638368247
S2_Ivana-Field-18-Airyscan3DProcessed;1;11326.705152;17;19;23;1.21357942927802;1.35940317244321;0.745021159918462;13;9;19;1550.38675295013;1270.76170536734;43.7000380662353;1555.47512437811;1252.96467661692;36.8318407960199;1536.89957805907;1252.57805907173;36.4582278481013
S2_Ivana-Field-18-Airyscan3DProcessed;1;11326.705152;17;19;23;0.286107138451026;0.890928411180505;0.657033075026747;14;13;22;2204.32380952381;2381.21523809524;40.8485714285714;2206.99141048825;2387.47513562387;40.2188065099458;2202.00783972125;2403.0531358885;39.7857142857143
S2_Ivana-Field-18-Airyscan3DProcessed;2;7864.552192;18;14;19;5.34553679905859;7.14059593408117;3.01157715939188;2;2;14;1209.66816952209;978.944995491434;20.585211902615;1081.00052493438;942.894488188976;19.9979002624672;1047.97103004292;941.254291845494;39.3229613733906
S2_Ivana-Field-18-Airyscan3DProcessed;2;7864.552192;18;14;19;0.498376030571293;0.841098974382483;0.653737408557994;4;5;4;622.91057120703;538.011372447661;31.8110622899974;634.956191588785;535.678154205607;32.4301985981308;638.721078779276;536.104329311568;27.8878637331441
S2_Ivana-Field-18-Airyscan3DProcessed;2;7864.552192;18;14;19;0.255482874646663;0.474179222814018;0.592843521048835;8;7;5;1344.80887372014;580.596416382253;30.2192832764505;1340.54362934363;584.703474903475;30.9034749034749;1344.23130363711;582.171230077646;26.8663669799755
S2_Ivana-Field-18-Airyscan3DProcessed;2;7864.552192;18;14;19;0.334794305984771;0.973103220952433;1.02841041555191;9;8;7;1418.73429454171;838.066941297631;35.5895983522142;1422.96208825357;830.845866998136;35.5351149782474;1429.48845166809;844.850869689193;29.6638152266895
S2_Ivana-Field-18-Airyscan3DProcessed;2;7864.552192;18;14;19;0.212929301129285;0.477272755544811;0.386982927790877;12;10;11;647.950721908349;723.094789704959;43.1942875078468;650.114312267658;723.603159851301;41.8122676579926;645.707028360049;731.580764488286;40.8850801479655
S2_Ivana-Field-18-Airyscan3DProcessed;2;7864.552192;18;14;19;0.0878594161223541;0.309812157506887;0.281973927026145;13;12;16;782.892678868552;1438.5354963949;46.169439822518;782.126606683805;1439.88303341902;46.6140745501285;780.739265390585;1445.60372478013;45.5059493016037
S2_Ivana-Field-18-Airyscan3DProcessed;3;525.26544;2;0;3;NaN;NaN;NaN;NaN;NaN;NaN;NaN;NaN;NaN;NaN;NaN;NaN;NaN;NaN;NaN
S2_Ivana-Field-20-Airyscan3DProcessed;1;16545.115552;47;28;31;0.391933159285029;0.749438475257714;0.416537349291095;2;1;1;1918.10092961487;2023.68857901726;11.8197211155378;1921.4700255102;2018.53698979592;9.64158163265306;1917.9257898604;2010.72226304188;7.95591476855254
S2_Ivana-Field-20-Airyscan3DProcessed;1;16545.115552;47;28;31;0.512940470038225;0.493559274660315;0.467732562716462;4;2;2;2414.51359832636;1894.50052301255;13.6391213389121;2412.9168190128;1888.27330895795;10.4689213893967;2413.86959328599;1899.92769528728;10.4783731439638
S2_Ivana-Field-20-Airyscan3DProcessed;1;16545.115552;47;28;31;0.203415601430201;0.475681689118126;0.380763839356008;14;8;10;1142.45498704663;1152.2289507772;20.5977979274611;1142.12030484486;1156.50843767011;19.8187261839956;1144.79931682323;1157.55422715628;23.5610589239966
S2_Ivana-Field-20-Airyscan3DProcessed;1;16545.115552;47;28;31;0.413910833939524;0.594752457580209;0.712510994966198;16;3;5;2467.14917127072;1989.61247040253;16.6929755327545;2470.07862981705;1998.9591280654;15.7395873880888;2466.42808988764;1998.22696629213;13.2365168539326
S2_Ivana-Field-20-Airyscan3DProcessed;1;16545.115552;47;28;31;0.500473577368673;0.937574134065322;0.53640685522308;19;5;4;1554.25501202887;573.174017642342;20.2117080994387;1545.27498121713;567.88317054846;18.2340345604808;1538.99973053085;582.313662085691;15.8490972783616
S2_Ivana-Field-20-Airyscan3DProcessed;1;16545.115552;47;28;31;0.255319798231674;0.592913516503171;0.495969991356382;25;13;9;1544.24907216495;2084.29113402062;26.2985567010309;1543.79960926598;2089.02790957298;25.0828914317611;1538.2651555087;2086.42857142857;22.4723247232472
S2_Ivana-Field-20-Airyscan3DProcessed;1;16545.115552;47;28;31;0.142232735670938;0.624667468988646;0.439765763634377;28;16;14;1686.68334475668;1586.68745716244;25.6223440712817;1687.76030368764;1584.6442516269;26.3947939262473;1682.0438034188;1573.30769230769;23.741452991453
S2_Ivana-Field-20-Airyscan3DProcessed;1;16545.115552;47;28;31;1.47493321191419;0.887376399386794;0.629207278337497;29;18;16;2049.73055934516;1859.07526148249;27.9467939972715;2019.60461215933;1838.6570230608;29.6410901467505;2031.52348993289;1849.02780441035;25.7392138063279
S2_Ivana-Field-20-Airyscan3DProcessed;1;16545.115552;47;28;31;0.472846786399854;0.762331442614543;0.835334261848953;32;11;15;1435.47451923077;942.453846153846;30.5274038461538;1436.1409801877;932.704483837331;28.6269030239833;1441.59426987061;936.6146025878;25.6478743068392
S2_Ivana-Field-20-Airyscan3DProcessed;1;16545.115552;47;28;31;0.509674952459715;0.905437491271787;0.642502054365892;37;19;19;1999.69069069069;2285.24491157825;37.8034701368035;1997.82405165456;2281.95722356739;34.3268765133172;2012.75782155272;2279.66570104287;32.7688296639629
S2_Ivana-Field-20-Airyscan3DProcessed;1;16545.115552;47;28;31;0.622969543667828;1.17266898599873;0.751173669663801;39;21;22;1879.75062255425;2124.89541088581;40.7388829598008;1867.82378378378;2131.8627027027;38.6832432432432;1865.43272080616;2128.61885002964;33.5074096028453
S2_Ivana-Field-20-Airyscan3DProcessed;1;16545.115552;47;28;31;0.375116441336079;0.958828541069031;0.742329438750917;40;20;25;1587.34177883347;2237.92821324888;43.2304038004751;1586.37346852556;2235.47063793832;40.6594845796367;1601.74910714286;2239.19732142857;37.76875
S2_Ivana-Field-20-Airyscan3DProcessed;1;16545.115552;47;28;31;0.422804947955821;0.876553866606402;0.565497244413067;42;22;26;2559.8112244898;1880.525;42.0380102040816;2553.66181689141;1873.09261887864;40.8034066713982;2551.7610619469;1871.40707964602;36.8298918387414
S2_Ivana-Field-20-Airyscan3DProcessed;1;16545.115552;47;28;31;0.218196408655816;0.652828796690596;0.512691985491188;43;27;31;2181.3919239905;1219.84893111639;45.6171021377672;2177.09531013616;1219.43589258699;44.6641452344932;2169.64659340659;1209.00527472527;44.6769230769231
S2_Ivana-Field-20-Airyscan3DProcessed;2;1136.24112;3;3;2;1.91956398611745;2.6143741468208;2.64798982502401;3;2;2;1131.18956521739;1912.00115942029;30.0028985507246;1156.35595475715;1908.19827012641;41.626746506986;1186.89714714715;1879.48798798799;26.9872372372372
S2_Ivana-Field-20-Airyscan3DProcessed;3;560.269248;3;3;2;0.131638728495379;0.0717759400016979;0.203262667535782;1;1;1;933.97390776699;2074.46783980583;13.9526699029126;931.86243902439;2073.78878048781;14.6473170731707;935.011509517486;2074.88313413015;13.5515714918105
S2_Ivana-Field-20-Airyscan3DProcessed;3;560.269248;3;3;2;0.48990322722213;0.517515942766691;0.363137355896903;3;3;2;932.587285044294;2102.2589890568;49.2584679520584;937.119926199262;2092.38099630996;50.8717712177122;934.725250278087;2089.79199110122;48.4816462736374
S2_Ivana-Field-21-Airyscan3DProcessed;1;3985.786112;12;10;9;0.706452099841905;0.745950033406786;1.21454209483902;2;1;1;2606.07859358842;2726.60289555326;14.4798345398139;2599.35868754661;2711.09992542878;13.0111856823266;2621.94640234949;2731.07342143906;11.988986784141
S2_Ivana-Field-21-Airyscan3DProcessed;1;3985.786112;12;10;9;0.261655223279361;0.806663240446785;0.427148953764801;3;3;4;2601.22073170732;2575.85304878049;21.2292682926829;2607.32580887886;2578.17682468021;21.3273137697517;2620.11263810294;2582.48746968472;21.91565615737
S2_Ivana-Field-21-Airyscan3DProcessed;1;3985.786112;12;10;9;0.466723967594584;0.567179154612064;0.546003604138739;4;2;3;2292.36987447699;2914.75815899582;22.836820083682;2287.08692852543;2907.47778493239;20.7134578235673;2294.84799186579;2911.4885612608;18.9588205388917
S2_Ivana-Field-21-Airyscan3DProcessed;1;3985.786112;12;10;9;0.427143430362664;0.346649676616359;0.481159331125657;8;5;6;2331.75;2804.63840399002;31.8619077306733;2338.62136363636;2811.32181818182;30.5172727272727;2330.26089663761;2812.23599003736;32.9744707347447
S2_Ivana-Field-21-Airyscan3DProcessed;1;3985.786112;12;10;9;0.222601980797699;1.41564374212894;1.21634085151855;9;6;5;2848.63909224012;2433.58857979502;31.7306002928258;2849.79376947041;2434.07102803738;30.181308411215;2841.11160714286;2435.24776785714;21.8616071428571
S2_Ivana-Field-21-Airyscan3DProcessed;1;3985.786112;12;10;9;0.428148203755508;0.728404614081559;0.353907469396766;11;7;7;2711.69602201651;2699.97623217413;45.8203652739555;2718.12985507246;2698.62550724638;43.4069565217391;2718.4454621149;2701.35636969192;41.0041631973356
S2_Ivana-Field-21-Airyscan3DProcessed;1;3985.786112;12;10;9;0.069292733460917;0.965422608037027;0.94484842768868;12;9;8;2445.04505928854;2540.9185770751;50.8600790513834;2446.24833110814;2539.76769025367;50.9966622162884;2445.31721470019;2522.66827852998;46.3481624758221
S2_Ivana-Field-21-Airyscan3DProcessed;3;1577.691136;3;3;4;0.46237329561269;0.922632304389421;0.673192693407423;1;1;1;1422.41796097172;873.732974910394;24.3767423337316;1429.6709610925;865.419221850039;23.3913939706261;1435.39826086957;869.79768115942;19.0463768115942
S2_Ivana-Field-21-Airyscan3DProcessed;3;1577.691136;3;3;4;0.521886484251039;0.828162213010087;0.569941360622278;2;3;2;1761.3209922251;878.325064790818;29.46908552388;1769.21197846568;880.888963660834;26.5921938088829;1760.72896749522;876.416347992352;23.5812619502868
S2_Ivana-Field-21-Airyscan3DProcessed;4;1729.061824;5;4;4;0.311200071919463;4.72393821194589;4.56721011843632;5;3;2;1367.16907216495;1653.89175257732;42.2463917525773;1370.67004048583;1657.61740890688;40.5708502024291;1307.05432937182;1722.32314657612;20.7691001697793
S2_Ivana-Field-21-Airyscan3DProcessed;5;585.280192;1;1;0;NaN;NaN;NaN;NaN;NaN;NaN;NaN;NaN;NaN;NaN;NaN;NaN;NaN;NaN;NaN
S2_Ivana-Field-21-Airyscan3DProcessed;6;2745.51424;6;5;7;0.284689009543021;0.497723696945137;0.32484901658914;1;1;1;734.251407129456;853.708255159475;20.8102720450281;738.449239366656;849.151816206147;19.8093759701956;734.009251471825;845.01850294365;18.2666105971405
S2_Ivana-Field-21-Airyscan3DProcessed;6;2745.51424;6;5;7;0.985555899618939;1.20307364083489;0.931372162328661;2;2;2;911.095699576015;993.705027256208;21.1941247728649;931.237079573421;984.985233798195;17.9950779327317;935.952920662598;1007.72362685266;18.4803836094159
S2_Ivana-Field-21-Airyscan3DProcessed;6;2745.51424;6;5;7;0.579667463492134;1.00188222007594;0.674021739781636;5;4;7;666.462663185379;931.161879895561;49.1154046997389;662.225244498778;940.931540342298;46.3071515892421;645.398791540786;941.291540785498;46.5430513595166
S2_Ivana-Field-21-Airyscan3DProcessed;8;4575.93696;9;9;7;0.953680200448663;0.604298722518198;0.671806936804025;3;3;4;2740.88445378151;1313.91351540616;24.999299719888;2726.25357607282;1323.25877763329;20.3302990897269;2736.09643483343;1318.10812390415;21.0847457627119
S2_Ivana-Field-21-Airyscan3DProcessed;8;4575.93696;9;9;7;0.710765428516173;1.22120602949862;0.456742688616562;4;2;2;2620.24942263279;1312.68533487298;24.7632794457275;2610.4846091535;1326.04414742811;22.9131227217497;2594.14210526316;1328.17675438596;23.8368421052632
S2_Ivana-Field-21-Airyscan3DProcessed;8;4575.93696;9;9;7;2.31475926223886;2.53142324951432;0.7563963911769;8;4;6;2338.22212978369;1322.82529118136;44.2445923460899;2348.83676807327;1290.67157343801;30.8364409551848;2335.96991150442;1298.48407079646;27.5663716814159
S2_Ivana-Field-21-Airyscan3DProcessed;9;1163.755936;3;3;2;0.087501109446967;0.612654236027342;0.879991784385026;1;2;1;213.454247391952;1371.5609538003;23.8977645305514;214.749615029258;1370.63412380659;23.469356328919;211.550856531049;1375.14025695931;19.6777301927195
S2_Ivana-Field-21-Airyscan3DProcessed;9;1163.755936;3;3;2;0.427076893687249;0.566242331486222;0.575011017897435;2;1;2;247.777562862669;1441.82978723404;21.3423597678917;240.889921372409;1433.93495353824;20.7548248749106;255.916996047431;1448.01976284585;18.5454545454545
S2_Ivana-Field-21-Airyscan3DProcessed;10;342.605312;1;1;0;NaN;NaN;NaN;NaN;NaN;NaN;NaN;NaN;NaN;NaN;NaN;NaN;NaN;NaN;NaN
S2_Ivana-Field-22-Airyscan3DProcessed;1;16295.135136;36;32;30;0.839695872476929;0.8455681402113;0.196797628018547;4;1;2;1131.9446935725;1617.177877429;17.4050822122571;1147.35308056872;1617.92733017378;13.3372827804107;1147.05836575875;1613.01653696498;13.3531128404669
S2_Ivana-Field-22-Airyscan3DProcessed;1;16295.135136;36;32;30;0.533661150559463;0.678834070428045;0.537830994469704;7;5;4;1301.50428186934;2117.60557866406;22.1264986542696;1304.25193107546;2106.53535353535;20.1491384432561;1297.47133757962;2103.90711252654;19.5063694267516
S2_Ivana-Field-22-Airyscan3DProcessed;1;16295.135136;36;32;30;0.339144372111504;0.861050465694873;0.304487007437392;8;4;3;1913.52971576227;1423.93281653747;20.3339793281654;1917.54077883909;1418.64217487142;18.8273328434974;1922.09502762431;1413.85303867403;15.4817679558011
S2_Ivana-Field-22-Airyscan3DProcessed;1;16295.135136;36;32;30;0.709234326108205;1.41791513428168;2.10187026196705;12;10;5;1075.53907229419;1196.2001671542;27.8027580442959;1068.84388551605;1179.88811795317;28.3353570396068;1050.35800807537;1177.24764468371;23.1668909825034
S2_Ivana-Field-22-Airyscan3DProcessed;1;16295.135136;36;32;30;0.25795695309783;0.973866474991652;0.8178104655068;13;9;6;1563.37424849699;885.690380761523;27.2204408817635;1558.48766206608;883.961522375575;26.1242158092848;1553.233148295;864.284694686757;25.6114195083267
S2_Ivana-Field-22-Airyscan3DProcessed;1;16295.135136;36;32;30;3.23973369817918;1.20394572293981;1.03994963015358;15;7;7;1821.06324404762;988.215773809524;29.703869047619;1886.64315600717;952.569037656904;20.7208607292289;1845.85614646905;981.776809067132;25.1883173496077
S2_Ivana-Field-22-Airyscan3DProcessed;1;16295.135136;36;32;30;0.226645086129075;0.238851416670594;0.207630178090564;22;20;17;2094.14205816555;1309.80872483221;38.4056674123788;2091.88521199586;1314.36608066184;37.6918304033092;2096.85508735868;1313.56628982528;37.3299075025694
S2_Ivana-Field-22-Airyscan3DProcessed;1;16295.135136;36;32;30;0.399247109917805;0.429503454170043;0.635226122996062;24;23;20;1705.41064474254;1338.00562527045;43.0917351795759;1699.98557377049;1346.1737704918;43.624262295082;1707.92437463642;1339.74229203025;40.1506689936009
S2_Ivana-Field-22-Airyscan3DProcessed;1;16295.135136;36;32;30;1.4925644752297;0.762643766318513;0.350615126285404;27;31;24;1142.32707253886;434.809585492228;47.4025259067358;1177.82;445.64;48.52;1160.60057163273;437.305466237942;46.021436227224
S2_Ivana-Field-22-Airyscan3DProcessed;1;16295.135136;36;32;30;0.419008090852161;0.42328410135497;0.956703120374203;28;25;25;1285.54257528557;731.91277258567;47.7040498442368;1283.32085241984;721.925313682533;47.0623381796455;1287.99529569892;726.010752688172;45.2943548387097
S2_Ivana-Field-22-Airyscan3DProcessed;1;16295.135136;36;32;30;0.225727204450281;0.913368100584449;0.841377653782422;31;30;22;2239.90245051838;943.227851083883;50.9408576814326;2240.26547956293;948.817482800486;50.7450424929178;2230.49363867684;939.643977947413;45.0852417302799
S2_Ivana-Field-22-Airyscan3DProcessed;1;16295.135136;36;32;30;4.63075235216969;4.42709197945772;0.354088230285485;32;32;29;1214.84189079055;1143.16381418093;50.4368378158109;1260.46278317152;1249.5501618123;50.9395900755124;1254.91150442478;1246.24376508447;49.2107803700724
S2_Ivana-Field-23-Airyscan3DProcessed;1;15482.285728;26;23;23;0.265736795293975;8.27368368186448;8.38553942044448;5;1;15;734.360781577111;216.130495464061;14.2805303558967;735.834353325173;216.577723378213;12.4341085271318;560.439268611232;314.300391815411;29.660426643448
S2_Ivana-Field-23-Airyscan3DProcessed;1;15482.285728;26;23;23;0.218450860334233;0.55196331226094;0.420844561006973;8;7;6;742.519485737244;2552.99919646444;21.0008035355564;747.846742543171;2552.05612244898;20.7876766091052;750.23887587822;2544.96330991413;18.6752537080406
S2_Ivana-Field-23-Airyscan3DProcessed;1;15482.285728;26;23;23;0.49984079877079;1.19403680438511;1.03015713597814;15;9;4;136.515570934256;2452.09642445213;28.7660899653979;128.11715210356;2442.88996763754;28.501402373247;132.623886639676;2437.37732793522;21.42995951417
S2_Ivana-Field-23-Airyscan3DProcessed;1;15482.285728;26;23;23;0.186980159952369;0.525043538020228;0.371450854361681;19;16;16;924.269516252879;474.334527770668;32.3831584335808;922.680375180375;478.352813852814;31.8737373737374;917.352195121951;481.085853658537;29.8458536585366
S2_Ivana-Field-23-Airyscan3DProcessed;1;15482.285728;26;23;23;0.605205746256038;0.711665993893535;0.185334350326363;21;21;21;860.672621921777;1082.45098985997;40.0463544181555;868.317673716012;1070.06737160121;41.2285498489426;872.67418899859;1070.58392101551;41.654442877292
S2_Ivana-Field-23-Airyscan3DProcessed;2;662.405184;1;2;3;0.500398941706395;1.02718019828266;1.03043118782766;1;1;1;1123.64885496183;945.608142493639;20.4437659033079;1126.96506137866;957.372049102927;19.6817752596789;1145.92063492063;942.968253968254;16.8702147525677
S2_Ivana-Field-23-Airyscan3DProcessed;3;886.994976;2;1;1;0.198730987438198;0.650171724843792;0.632390784722418;2;1;1;2492.31097134871;150.058001397624;29.6408106219427;2493.68597320725;145.307328605201;29.5055161544523;2502.79181184669;150.231707317073;26.0914634146341
S2_Ivana-Field-24-Airyscan3DProcessed;1;4029.672864;10;7;3;0.660019868443661;0.955184483330319;0.314142466881959;3;1;1;730.948467347845;1120.15215459796;18.5042203465127;734125;1109.72329545455;14.9653409090909;737.599557522124;1103.61283185841;13.9646017699115
S2_Ivana-Field-24-Airyscan3DProcessed;1;4029.672864;10;7;3;0.402459869714511;4.84531776793802;4.86693738491856;6;6;2;987.039878731343;885.431436567164;34.1009794776119;984.428108108108;876.082162162162;33.3448648648649;881.959484346225;928.360957642726;22.0184162062615
S2_Ivana-Field-24-Airyscan3DProcessed;1;4029.672864;10;7;3;0.65592687717686;0.657322997473683;0.637492825152426;9;7;3;644.143587123148;1439.65661727133;37.5053653551354;627.940163191297;1441.86491387126;37.1586582048957;637.699753896637;1452.61033634126;35.278917145201
S2_Ivana-Field-24-Airyscan3DProcessed;2;1413.36832;2;0;1;NaN;NaN;NaN;NaN;NaN;NaN;NaN;NaN;NaN;NaN;NaN;NaN;NaN;NaN;NaN
S2_Ivana-Field-24-Airyscan3DProcessed;3;60.739392;0;0;0;NaN;NaN;NaN;NaN;NaN;NaN;NaN;NaN;NaN;NaN;NaN;NaN;NaN;NaN;NaN
S2_Ivana-Field-24-Airyscan3DProcessed;4;142.030336;0;1;0;NaN;NaN;NaN;NaN;NaN;NaN;NaN;NaN;NaN;NaN;NaN;NaN;NaN;NaN;NaN
S2_Ivana-Field-25-Airyscan3DProcessed;1;3948.898464;11;8;8;0.597908091268505;0.590180222423191;0.174345805627039;7;2;2;1115.15163854954;1758.01434942796;23.3428349815784;1124.09120673527;1766.11038353601;20.8199251637044;1125.06748466258;1762.07099035933;20.444347063979
S2_Ivana-Field-25-Airyscan3DProcessed;1;3948.898464;11;8;8;0.991414588524838;1.00898286612168;0.349545346062513;9;7;4;689.111171073934;2543.06044252563;28.8335132218025;669.427890976449;2556.74358295845;30.6327070653612;666.965714285714;2555.13714285714;28.8635714285714
S2_Ivana-Field-25-Airyscan3DProcessed;1;3948.898464;11;8;8;0.538851922711944;0.428568357041541;0.274178087810543;10;5;5;938.571980676329;1971.02640901771;34.7500805152979;937.600750469043;1975.79249530957;31.1607879924953;932.558545797923;1969.74362606232;32.2431539187913
S2_Ivana-Field-25-Airyscan3DProcessed;1;3948.898464;11;8;8;0.234940742439608;0.660590713206372;0.442304828433041;11;8;8;1069.71292934934;2193.73610723262;39.7199106394862;1066.68755221387;2189.35254803676;39.0125313283208;1060.17375565611;2185.0407239819;36.7764705882353
S2_Ivana-Field-25-Airyscan3DProcessed;2;3722.092864;6;4;7;0.55744787570617;0.497533568480418;0.21488917052195;2;2;4;1614.54750593824;1757.62569279493;15.7046714172605;1626.11850768105;1763.475493782;17.1645940014631;1626.74500665779;1759.53595206391;16.1364846870839
S2_Ivana-Field-25-Airyscan3DProcessed;2;3722.092864;6;4;7;0.133111828844053;0.280674589829492;0.356349225511747;3;3;3;1763.98330708661;1278.2988976378;18.2818897637795;1766.62695547533;1277.44003208985;18.8046530284797;1765.04502973662;1277.90739167375;16.303313508921
S2_Ivana-Field-25-Airyscan3DProcessed;2;3722.092864;6;4;7;0.29819173573209;0.43351986621565;0.477147973062345;4;4;6;1306.78008433344;1403.70742783004;23.1813168991242;1313.58856861296;1406.57354028086;22.8950480413895;1310.15793413174;1398.04041916168;20.7245508982036
S2_Ivana-Field-25-Airyscan3DProcessed;3;959.671552;2;2;2;0.27979914564394;0.413890506272011;0.736492244368646;1;2;1;1309.44018583043;995.899341850561;12.6279519938057;1304.48404494382;991.065617977528;12.3420224719101;1315.95710571924;1001.00649913345;10.8548526863085
S2_Ivana-Field-25-Airyscan3DProcessed;3;959.671552;2;2;2;0.503477238509414;0.85633284762979;0.641928653804876;2;1;2;1289.51991614256;1135.90146750524;15.3270440251572;1288.55175292154;1141.23205342237;12.0809682804674;1306.42502142245;1137.15509854327;11.5912596401028
S2_Ivana-Field-25-Airyscan3DProcessed;4;1152.351872;1;2;1;3.68686113980914;4.0215185847634;0.364046984210115;1;2;1;2481.85729499468;749.48136315229;38.7188498402556;2487.6664442962;773.134756504336;13.3202134756504;2485.70720371805;778.004647560031;11.1959721146398
S2_Ivana-Field-26-Airyscan3DProcessed;1;1080.64544;5;3;1;1.13623418627665;0.851192794414565;0.588565896649434;4;2;1;1195.30701107011;1734.47626076261;22.639606396064;1216.98402555911;1717.19275825346;24.4073482428115;1208.66231155779;1718.96432160804;20.9773869346734
S2_Ivana-Field-26-Airyscan3DProcessed;2;947.261952;2;3;1;0.650589656408775;1.16643597363568;0.875952236325683;1;1;1;1990.96380558428;2005.21509824199;15.4850051706308;1991.49119275289;2021.45093105184;15.2526421741319;1972.8158490566;2024.78188679245;12.1267924528302
S2_Ivana-Field-26-Airyscan3DProcessed;3;978.975424;2;2;2;0.63140017555838;0.779183367075374;0.46005121780908;2;2;1;677.699398043642;939.308502633559;21.5402558314522;666.922530664945;930.543576500968;19.3983214977405;669.774803149606;935.629396325459;16.5658792650919
S2_Ivana-Field-26-Airyscan3DProcessed;4;1156.633408;3;2;2;0.608065516952602;0.912505251183593;0.373251965314987;1;1;1;1190.52608142494;1135.40648854962;16.5028625954198;1196.57458757459;1148.22288522289;14.9315549315549;1194.5793857366;1154.04528891202;12.9276418532015
S2_Ivana-Field-26-Airyscan3DProcessed;4;1156.633408;3;2;2;0.183822719392068;0.107540738863226;0.16545900385598;2;2;2;1041.14334124026;1042.19654354456;20.1972212809217;1037.26379201015;1043.74571972099;20.7444514901712;1040.99647577093;1044.83348017621;20.3409691629956
S2_Ivana-Field-27-Airyscan3DProcessed;1;478.878176;1;2;1;0.345926112348791;0.587750238543295;0.484476481345143;1;1;1;235.307692307692;2541.60832745236;14.4290755116443;228.730263157895;2547.20704334365;14.5510835913313;229.596091205212;2548.64060803474;11.1237785016287
S2_Ivana-Field-27-Airyscan3DProcessed;2;8206.214912;26;17;16;1.19281550842791;0.392832695446948;1.03542732987227;3;1;1;1932.41137123746;1000.91095317726;9.23829431438127;1934.65760266371;971.641509433962;7.73973362930078;1930.74282786885;996.975409836066;6.71209016393443
S2_Ivana-Field-27-Airyscan3DProcessed;2;8206.214912;26;17;16;0.558544580114669;1.86209977042256;2.29297723964232;4;2;7;1424.03774486383;739.021500238892;10.3392259913999;1416.66290420988;727.582367297132;11.2309334960342;1442.31533477322;774.259179265659;17.2872570194384
S2_Ivana-Field-27-Airyscan3DProcessed;2;8206.214912;26;17;16;0.354702043307089;0.777680487523787;9.28555125674538;8;6;2;782.033092037229;1675.68045501551;18.0372285418821;777.217887375782;1675.75634891424;15.9098270150902;786.006241331484;1662.09847434119;14.2281553398058
S2_Ivana-Field-27-Airyscan3DProcessed;2;8206.214912;26;17;16;0.574063208898951;2.23814755882964;0.690988791215837;10;8;3;1565.94382022472;918.460674157303;24.0025929127053;1568.7202711029;906.837338262477;21.731977818854;1599.63688946015;892.27763496144;13.6613110539846
S2_Ivana-Field-27-Airyscan3DProcessed;2;8206.214912;26;17;16;9.42600301940095;0.561641445485775;1.77346400503638;12;3;8;937.386301369863;706.915068493151;25.4283105022831;1142.45945945946;603.180801491146;10.5405405405405;934.427898763979;696.929958799294;22.737492642731
S2_Ivana-Field-27-Airyscan3DProcessed;2;8206.214912;26;17;16;0.29852034765228;0.649947993489842;0.49474898606536;13;9;9;495.940031152648;1664.27063862928;27.0891744548287;495.694456199746;1657.99492170969;25.9373677528565;500.252342286071;1660.60149906309;22.737663960025
S2_Ivana-Field-27-Airyscan3DProcessed;2;8206.214912;26;17;16;2.8304566126804;2.48477301688914;0.338295596338903;14;15;14;1125.12835820896;1804.05373134328;27.6738805970149;1060.00726832223;1801.50030284676;35.549969715324;1067.14249578415;1808.36003372681;33.9198988195616
S2_Ivana-Field-27-Airyscan3DProcessed;2;8206.214912;26;17;16;0.547737918147598;0.383028516091498;0.456854924983132;16;10;12;1567.78436516264;1632.03252885624;31.7770199370409;1581.23034437947;1631.69493177388;31.0428849902534;1574.29855293222;1634.34272658035;29.8834729626809
S2_Ivana-Field-27-Airyscan3DProcessed;2;8206.214912;26;17;16;0.682937352690341;1.13406843102734;0.480184892120972;17;13;11;967.603496326324;1871.05472510768;33.4307068659742;974.051154086089;1855.24641297567;33.3836556456644;978.689298043728;1845.87974683544;31.4689298043728
S2_Ivana-Field-27-Airyscan3DProcessed;2;8206.214912;26;17;16;0.334605218937814;0.605706544892541;0.496640648008307;19;11;10;902.109199205824;1289.95797485109;33.945400397088;907.388409371147;1286.55856966708;32.3662145499383;913.986235375086;1295.68134893324;31.817274604267
S2_Ivana-Field-27-Airyscan3DProcessed;2;8206.214912;26;17;16;0.308173520574799;0.543912035297257;0.456976559510761;23;12;13;1621.6840168244;1342.69663512093;34.9668769716088;1621.31290184312;1346.85126446635;33.1161594513502;1614.45020576132;1337.83209876543;31.9851851851852
S2_Ivana-Field-27-Airyscan3DProcessed;3;522.40608;2;2;1;0.466259891372947;0.342198427230594;0.126754418547483;1;1;1;646.521739130435;2498.55095108696;11.2445652173913;652.474664679583;2503.28837555887;8.72131147540984;651.024213075061;2501.51251008878;9.34624697336562
S2_Ivana-Field-27-Airyscan3DProcessed;4;1191.967168;4;2;0;NaN;NaN;NaN;NaN;NaN;NaN;NaN;NaN;NaN;NaN;NaN;NaN;NaN;NaN;NaN
S2_Ivana-Field-27-Airyscan3DProcessed;5;870.951424;2;2;1;0.142102365662883;0.446159532980205;0.448752524857086;2;2;1;2123.65590608951;899.119955979457;20.3987527512839;2122.55873493976;896.443524096386;19.8094879518072;2115.95390946502;904.688888888889;18.7308641975309
S2_Ivana-Field-27-Airyscan3DProcessed;6;791.753984;2;2;1;0.319481409011943;0.644906421317811;0.60719738697789;2;1;1;2089.76678269518;2304.76280457484;16.8219791148682;2083.96016674386;2300.48865215378;15.8402037980547;2093.06570247934;2301.83347107438;12.3913223140496
S2_Ivana-Field-27-Airyscan3DProcessed;7;3629.398528;12;6;5;5.57039516759992;5.72078653615515;0.380017091377451;3;1;1;2308.47344322344;1731.07783882784;10.760989010989;2203.11594202899;1821.93623188406;9.00289855072464;2203.52187226597;1827.21653543307;6.749343832021
S2_Ivana-Field-27-Airyscan3DProcessed;8;834.499456;0;2;0;NaN;NaN;NaN;NaN;NaN;NaN;NaN;NaN;NaN;NaN;NaN;NaN;NaN;NaN;NaN
S2_Ivana-Field-28-Airyscan3DProcessed;1;650.61472;2;2;1;0.664302686093679;0.542446698862893;0.190828263777044;1;1;1;966.639828234031;819.972624798712;12.9790660225443;981.356015779093;817.877712031558;10.8629191321499;976.772837510105;817.360549717057;10.5145513338723
S2_Ivana-Field-28-Airyscan3DProcessed;2;1291.367392;3;2;3;0.408627137221351;0.848043557013009;0.854052837451523;2;1;1;506.810499359795;1257.52069995732;14.0785317968417;498.999578947368;1251.43831578947;13.3583157894737;514.931695331695;1245.41965601966;9.67911547911548
S2_Ivana-Field-28-Airyscan3DProcessed;2;1291.367392;3;2;3;0.451943695616277;0.251906259767464;0.485157891082363;3;2;3;545.027184160905;1227.40351979887;20.6370207416719;543.900280898876;1236.30290262172;22.5997191011236;547.847763347763;1231.70274170274;19.5981240981241
S2_Ivana-Field-28-Airyscan3DProcessed;3;2445.407328;3;4;3;0.390263642348162;0.707230254042374;0.496943966754511;1;1;2;1369.49347939489;1011.81011997913;13.169014084507;1373.13038382655;1020.41078230296;12.3612657486083;1367.46841649841;1022.93250648976;9.28497259878858
S2_Ivana-Field-28-Airyscan3DProcessed;3;2445.407328;3;4;3;1.87042508324558;2.19721507167964;0.396419796812233;2;2;3;1430.23444753946;1028.1364902507;26.4577530176416;1443.44795241364;1004.8089681995;15.51155342027;1450.95043103448;1003.88200431034;13.6804956896552
S2_Ivana-Field-28-Airyscan3DProcessed;3;2445.407328;3;4;3;3.46430801065173;4.31553779985122;2.03548774648696;3;4;1;1273.88301182327;1243.88612321095;27.7772246421904;1222.90963855422;1312.00903614458;23.1536144578313;1216.47504159734;1306.64392678869;8.81281198003328
S2_Ivana-Field-28-Airyscan3DProcessed;4;3518.839968;4;5;3;0.232858290781169;0.778484756107746;0.633431402510726;1;1;1;1854.78708439898;1111.10294117647;26.7608695652174;1855.21494759228;1115.46513747532;25.666261582865;1861.80795957044;1113.12823752369;21.6070751737208
S2_Ivana-Field-28-Airyscan3DProcessed;4;3518.839968;4;5;3;0.689947456659439;0.509068568825418;0.906427601149896;3;3;2;1973.98334083746;933.965330932013;34.4002701485817;1984.78659476117;934.864406779661;30.5670261941448;1965.6761046761;925.858644358644;32.9090519090519
S2_Ivana-Field-28-Airyscan3DProcessed;4;3518.839968;4;5;3;0.216266143158004;0.494005381797643;0.65049099792142;4;5;3;2320.61846153846;679.386153846154;51.3515384615385;2318.16443594646;674.58604206501;51.2342256214149;2331.427456382;682.888888888889;49.9687786960514
S2_Ivana-Field-29-Airyscan3DProcessed;1;664.492192;2;1;1;0.615950349087776;1.07729111524859;0.492104657682312;2;1;1;21.6923076923077;993.02687673772;22.2298424467099;27.5611237661352;1006.54897494305;20.9574791192103;27.3702005730659;1016.89856733524;19.0578796561605
S2_Ivana-Field-29-Airyscan3DProcessed;2;2379.8096;4;3;2;0.137987541012017;0.505033573570657;0.42623079610639;1;1;1;198.132182197082;2449.7127121167;15.6746055373623;199.290456431535;2447.15871369295;15.100622406639;201.757819905213;2449.56018957346;12.2194312796209
S2_Ivana-Field-29-Airyscan3DProcessed;2;2379.8096;4;3;2;0.407962888626274;10.4573500709733;10.1195076396733;4;3;2;355.899595687332;2721.16778975741;45.0195417789757;350.526686807654;2729.77945619335;45.3041289023162;163.033496732026;2870.09558823529;17.9583333333333
S2_Ivana-Field-29-Airyscan3DProcessed;3;646.846368;1;2;0;NaN;NaN;NaN;NaN;NaN;NaN;NaN;NaN;NaN;NaN;NaN;NaN;NaN;NaN;NaN
S2_Ivana-Field-29-Airyscan3DProcessed;4;1657.861856;1;3;4;0.501445075538918;0.115314800056458;0.554819282403949;1;3;4;878.481280788177;2110.4078817734;16.1995073891626;888.72760511883;2116.38574040219;17.3577087141987;876.512113617377;2110.11695906433;16.7953216374269
S2_Ivana-Field-29-Airyscan3DProcessed;5;4622.263296;7;8;9;0.657028873854222;0.76267004445334;0.313251346818214;4;6;4;1393.87923416789;2349.9587628866;20.20029455081;1409.16958525346;2348.64792626728;18.5271889400922;1407.74911660777;2351.56254416961;16.4904593639576
S2_Ivana-Field-29-Airyscan3DProcessed;5;4622.263296;7;8;9;1.53369035200704;1.59524730411313;0.396414590982902;5;7;8;1474.5045751634;2789.85010893246;21.4265795206972;1441.29709565681;2774.79962696509;24.8177458033573;1441.37605633803;2768.1176056338;22.7267605633803
S2_Ivana-Field-29-Airyscan3DProcessed;6;782.2584;2;3;2;0.728740043982669;0.666615238524095;0.949945856059142;1;2;2;1313.04333455747;1219.45317664341;12.0414983474109;1308.02299185099;1202.54598370198;13.3463329452852;1319.94668117519;1212.42274211099;8.20130576713819
S2_Ivana-Field-29-Airyscan3DProcessed;7;1371.334496;1;3;1;0.341652448100527;0.818954309323459;0.510945130452672;1;2;1;2514.93571428571;2270.5762987013;19.4045454545455;2516.57329662767;2277.59669649002;18.0956641431521;2512.29426591052;2288.85381222432;16.8790170132325
S2_Ivana-Field-30-Airyscan3DProcessed;1;8975.607424;20;16;12;5.23655491345725;5.32908768015999;0.625518129476278;1;13;10;959.707487753674;632.191042687194;13.7330300909727;1028.04121725732;695.816640986132;39.9514637904468;1023.09969433341;705.896308488126;39.7604044204091
S2_Ivana-Field-30-Airyscan3DProcessed;1;8975.607424;20;16;12;1.09076081890864;0.721691110225582;0.438252384737635;2;5;2;794.149358582773;1225.5384850336;14.1087354917532;807.120122417751;1244.26396327467;18.3917368018363;779.71875;1231.078125;11.45
S2_Ivana-Field-30-Airyscan3DProcessed;1;8975.607424;20;16;12;0.465396294972288;0.828658571292561;1.55692054350901;4;4;3;2021.28869374314;517.539407244786;17.4232711306257;2028.00894854586;510.700223713647;15.5402684563758;2026.5274034142;505.945193171608;12.7520215633423
S2_Ivana-Field-30-Airyscan3DProcessed;1;8975.607424;20;16;12;0.499483669155977;0.677108851021866;0.273773677020363;5;7;5;2031.9715210356;739.075080906149;16.9401294498382;2033.53989935298;751.362329259525;17.3910855499641;2030.87686567164;755.699160447761;16.0834888059701
S2_Ivana-Field-30-Airyscan3DProcessed;1;8975.607424;20;16;12;1.50178873679317;1.67542493276397;2.26829490919143;6;1;1;753.112061591103;1459.02309666382;18.6663815226689;740.634889910477;1426.48463585773;14.6748124848778;737.907528156491;1432.13930053349;10.5826911677534
S2_Ivana-Field-30-Airyscan3DProcessed;1;8975.607424;20;16;12;0.581395676047069;2.77660099342794;0.68986655783245;11;9;6;1515.99686252139;341.368796349116;26.0387906446092;1517.68526785714;355.802455357143;26.1205357142857;1521.13678905688;404.18286537077;17.7264218862491
S2_Ivana-Field-30-Airyscan3DProcessed;1;8975.607424;20;16;12;0.423460134398779;0.392186008760196;0.660341757591278;15;10;9;861.972698412698;834.796825396825;32.5017989417989;869.462158374212;828.585143658024;31.3100911002102;861.48393494645;843.867909559699;31.4478381594605
S2_Ivana-Field-30-Airyscan3DProcessed;1;8975.607424;20;16;12;2.25867120721376;2.82149331549901;0.449827550732084;17;12;7;2684.29056603774;501.199245283019;38.7909433962264;2647.2890070922;534.096631205674;31.0336879432624;2637.25441696113;535.037691401649;27.2979976442874
S2_Ivana-Field-30-Airyscan3DProcessed;1;8975.607424;20;16;12;0.379598753435494;0.44899588612892;0.260501284355346;18;14;11;1337.7886405959;621.85878336437;44.6368715083799;1345.83924349882;623.654846335697;43.2960992907801;1342.35495829472;627.685820203892;42.2261353104727
S2_Ivana-Field-30-Airyscan3DProcessed;2;774.728416;2;2;0;NaN;NaN;NaN;NaN;NaN;NaN;NaN;NaN;NaN;NaN;NaN;NaN;NaN;NaN;NaN
S2_Ivana-Field-30-Airyscan3DProcessed;3;948.006304;3;3;0;NaN;NaN;NaN;NaN;NaN;NaN;NaN;NaN;NaN;NaN;NaN;NaN;NaN;NaN;NaN
S2_Ivana-Field-30-Airyscan3DProcessed;4;548.921632;1;3;2;0.112986449655658;0.321708032993556;0.421838792138545;1;2;2;536.100155279503;503.224378881988;19.8998447204969;536.981634527089;505.812213039486;20.1028466483012;530.011777301927;497.996788008565;19.7462526766595
S2_Ivana-Field-30-Airyscan3DProcessed;5;618.138752;1;1;1;5.73111563738682;5.55123567128554;0.318516731925539;1;1;1;1781.82727272727;1191.59090909091;36.1585858585859;1769.26012526096;1072.81252609603;13.548643006263;1763.22741433022;1077.18380062305;14.3520249221184
S2_Ivana-Field-30-Airyscan3DProcessed;6;410.568256;2;1;0;NaN;NaN;NaN;NaN;NaN;NaN;NaN;NaN;NaN;NaN;NaN;NaN;NaN;NaN;NaN
S2_Ivana-Field-30-Airyscan3DProcessed;7;163.147488;0;0;0;NaN;NaN;NaN;NaN;NaN;NaN;NaN;NaN;NaN;NaN;NaN;NaN;NaN;NaN;NaN
S2_Ivana-Field-30-Airyscan3DProcessed;8;54.809888;0;0;0;NaN;NaN;NaN;NaN;NaN;NaN;NaN;NaN;NaN;NaN;NaN;NaN;NaN;NaN;NaN
S2_Ivana-Field-31-Airyscan3DProcessed;1;3400.596864;7;9;4;0.125936362606727;0.445941968962928;0.511908862917375;1;3;4;1153.00935700576;2346.22504798464;14.0585412667946;1153.33377308707;2343.68139841689;14.5804749340369;1149.93270588235;2354.58964705882;12.1449411764706
S2_Ivana-Field-31-Airyscan3DProcessed;1;3400.596864;7;9;4;0.328667368712699;0.55081766585941;0.570223814230636;2;2;3;1083.15421558164;2375.89594450374;15.6040554962647;1084.00475264636;2369.22294232016;14.2559948152949;1084.71413612565;2378.58481675393;11.7712041884817
S2_Ivana-Field-31-Airyscan3DProcessed;2;1883.7784;4;4;1;0.68513047866715;0.796540140550286;0.808981032730928;4;3;1;1299.70227272727;300.62012987013;25.0902597402597;1309.74834437086;313.612214863871;23.700515084621;1301.06538461538;302.991538461538;19.4546153846154
S2_Ivana-Field-31-Airyscan3DProcessed;3;2639.983136;5;8;3;7.51118534709943;0.472444765928608;0.250767204576024;1;6;1;1650.76093088858;1126.30606488011;16.3631875881523;1800.90587649402;1018.17380478088;25.5109561752988;1654.06721433906;1131.14936519791;13.4339058999253
S2_Ivana-Field-31-Airyscan3DProcessed;3;2639.983136;5;8;3;0.495757874216012;0.668167153189992;7.60124152607588;3;3;3;1582.23236074271;1312.85941644562;19.337400530504;1575.88851351351;1323.32601351351;18.7792792792793;1573.08260869565;1324.72608695652;17.2282608695652
S2_Ivana-Field-31-Airyscan3DProcessed;5;630.834176;2;0;0;NaN;NaN;NaN;NaN;NaN;NaN;NaN;NaN;NaN;NaN;NaN;NaN;NaN;NaN;NaN
S2_Ivana-Field-31-Airyscan3DProcessed;6;51.440704;0;0;0;NaN;NaN;NaN;NaN;NaN;NaN;NaN;NaN;NaN;NaN;NaN;NaN;NaN;NaN;NaN
S2_Ivana-Field-31-Airyscan3DProcessed;7;1195.025664;3;2;1;0.166303547232683;0.562208761431574;0.511929437214421;1;1;1;1818.43440486533;2683.42137271937;17.0651607298002;1820.46466060182;2684.78866340098;16.1049685094472;1811.99424956872;2681.36227717079;13.5445658424382
S2_Ivana-Field-32-Airyscan3DProcessed;1;986.200768;0;1;0;NaN;NaN;NaN;NaN;NaN;NaN;NaN;NaN;NaN;NaN;NaN;NaN;NaN;NaN;NaN
S2_Ivana-Field-32-Airyscan3DProcessed;2;7740.768896;20;10;9;0.59760747082847;0.965614029998271;0.595143728944409;6;3;2;1608.99183006536;1376.06018518519;21.9044117647059;1615.79664363277;1376.69447186575;18.1085883514314;1610.69188696445;1365.48769371012;15.7228805834093
S2_Ivana-Field-32-Airyscan3DProcessed;2;7740.768896;20;10;9;0.151703957638497;0.390692318487839;0.557049793964295;8;6;5;1269.48413344182;1739.36777868186;21.3596419853539;1268.50667514304;1738.52447552448;20.340750158932;1276.20569210867;1743.97800776197;19.8219059939629
S2_Ivana-Field-32-Airyscan3DProcessed;2;7740.768896;20;10;9;0.400715250395303;0.175648971418352;0.38431979835453;10;4;7;961.937037037037;2067.53777777778;21.2844444444444;952.590494296578;2064.30456273764;20.8285171102662;966.22647702407;2066.59956236324;21.300875273523
S2_Ivana-Field-32-Airyscan3DProcessed;2;7740.768896;20;10;9;0.629801841128997;0.968460714657281;0.340068017917211;15;8;4;793.26405451448;2676.89011925043;26.7044293015332;796.596590909091;2668.9875;22.9318181818182;797.473925501433;2664.83954154728;20.8263610315186
S2_Ivana-Field-32-Airyscan3DProcessed;3;731.81024;2;1;1;0.276617697869101;0.382324266626631;0.290937937077607;1;1;1;1017.60914285714;871.291428571429;15.6054285714286;1019.85914396887;877.309727626459;14.8747081712062;1016.15517241379;875.384902143523;13.1728797763281
S2_Ivana-Field-32-Airyscan3DProcessed;5;919.782304;2;0;0;NaN;NaN;NaN;NaN;NaN;NaN;NaN;NaN;NaN;NaN;NaN;NaN;NaN;NaN;NaN
S2_Ivana-Field-32-Airyscan3DProcessed;6;2243.869376;2;6;6;0.702656942508211;0.866481420036563;0.549075384408978;1;2;3;2118.46984126984;53.5707936507937;14.2492063492063;2118.25007425007;36.6703296703297;12.8817938817939;2129.5082674335;39.4277498202732;10.7807332854062
S2_Ivana-Field-32-Airyscan3DProcessed;6;2243.869376;2;6;6;4.17999155531026;4.5008440143364;0.587892928673925;2;3;2;2060.30024213075;406.489104116223;25.3765133171913;2156.33075889859;413.515446608462;13.7743451981195;2158.34430379747;420.417721518987;10.1118987341772
S2_Ivana-Field-32-Airyscan3DProcessed;7;977.787328;1;0;2;NaN;NaN;NaN;NaN;NaN;NaN;NaN;NaN;NaN;NaN;NaN;NaN;NaN;NaN;NaN
S2_Ivana-Field-33-Airyscan3DProcessed;1;631.468096;0;1;1;NaN;NaN;NaN;NaN;NaN;NaN;NaN;NaN;NaN;NaN;NaN;NaN;NaN;NaN;NaN
S2_Ivana-Field-33-Airyscan3DProcessed;2;8213.082752;23;14;11;1.03888624388064;0.556202336716952;0.987194223191642;7;1;2;1644.8121761658;623.825129533679;13.7724525043178;1634.15301139447;644.310906131308;10.3765599565925;1644.99609756098;622.224390243902;9.82634146341463
S2_Ivana-Field-33-Airyscan3DProcessed;2;8213.082752;23;14;11;0.204184280053005;0.524489848126469;2.8835005665791;9;5;4;2135.5334358186;1049.12106072252;14.1337432744043;2132.37268380155;1051.74775851763;13.268679019725;2135.08507042254;1057.6276056338;11.2856338028169
S2_Ivana-Field-33-Airyscan3DProcessed;2;8213.082752;23;14;11;2.89245847841586;2.56812248373773;0.379689094627513;11;3;1;1162.71172693478;277.906387293004;16.794187225414;1228.30208333333;255.213235294118;10.9957107843137;1203.59739368999;322.934842249657;10.9190672153635
S2_Ivana-Field-33-Airyscan3DProcessed;2;8213.082752;23;14;11;0.362873348596999;0.563196622480784;0.692004099681781;13;8;5;911.047169811321;642.470268724986;19.9919954259577;904.85594639866;636.910106085985;18.9597989949749;908.389374090247;652.965065502183;17.419941775837
S2_Ivana-Field-33-Airyscan3DProcessed;2;8213.082752;23;14;11;6.60138102821018;4.69603992618069;2.17058794896259;19;10;6;1882.5010814708;982.519826964672;22.5717375630858;1920.32931726908;1143.02041499331;24.4879518072289;1906.90939597315;1096.08993288591;17.7140939597315
S2_Ivana-Field-33-Airyscan3DProcessed;2;8213.082752;23;14;11;0.584812316958981;1.37085646644521;0.983462634640262;21;11;9;1760.0252956636;720.489487516426;29.200394218134;1770.76618705036;712.526079136691;27.5107913669065;1784.89757709251;722.283039647577;22.4834801762115
S2_Ivana-Field-33-Airyscan3DProcessed;2;8213.082752;23;14;11;0.214328940560065;0.761556555976049;0.583702415174202;22;12;10;2091.58256172839;537.3125;30.4344135802469;2087.99409448819;537.708005249344;29.3031496062992;2083.45195107746;547.099592312172;26.3878858474083
S2_Ivana-Field-33-Airyscan3DProcessed;5;760.417952;0;2;1;NaN;NaN;NaN;NaN;NaN;NaN;NaN;NaN;NaN;NaN;NaN;NaN;NaN;NaN;NaN
S2_Ivana-Field-33-Airyscan3DProcessed;6;1078.807968;3;3;2;0.639681253101264;0.923305816105811;0.339557247542388;2;1;1;2388.62098138748;2440.78037225042;19.3986463620981;2377.85803571429;2437.84375;16125;2372.15266106443;2431.9068627451;15.5350140056022
S2_Ivana-Field-33-Airyscan3DProcessed;6;1078.807968;3;3;2;0.2265377741882;0.50397561028702;0.47294246227597;3;2;2;2275.69785407725;2322.55836909871;20.4562231759657;2271.92472627737;2320.17107664234;19.4607664233577;2279.03804347826;2324.16684782609;17.0157608695652
S2_Ivana-Field-33-Airyscan3DProcessed;7;421.134784;1;3;0;NaN;NaN;NaN;NaN;NaN;NaN;NaN;NaN;NaN;NaN;NaN;NaN;NaN;NaN;NaN
S2_Ivana-Field-33-Airyscan3DProcessed;8;314.756512;0;1;1;NaN;NaN;NaN;NaN;NaN;NaN;NaN;NaN;NaN;NaN;NaN;NaN;NaN;NaN;NaN
S2_Ivana-Field-34-Airyscan3DProcessed;1;1924.796384;2;4;4;0.407435358376368;0.71577857912433;0.443533647383742;1;1;1;1036.43935973733;1398.95998358301;12.9012928380874;1033.22071129707;1399.71234309623;10.1485355648536;1033.3;1390.15721393035;8.54129353233831
S2_Ivana-Field-34-Airyscan3DProcessed;1;1924.796384;2;4;4;0.318904608813757;0.627419872186476;0.520622919824319;2;4;3;790.473431174089;977.168775303644;24.1047570850202;784.136327817179;981.970055161545;23.9353821907013;787.736455463728;986.650443832262;20.6213651668197
S2_Ivana-Field-34-Airyscan3DProcessed;2;1189.16336;2;2;2;0.437526796230683;0.890476905334398;0.507870870281877;2;2;1;1007.67731526299;1804.76766698935;20.5543723781865;1013.18040089087;1797.07201187825;18.9858945805494;1011.21530644649;1787.48555096856;16.6744998412194
S2_Ivana-Field-34-Airyscan3DProcessed;3;2265.012736;4;5;6;0.530400685449937;0.767417524134332;0.299740712767461;1;3;3;1700.331799591;1926.22477845944;22.4083162917519;1697.27243793762;1928.12730744749;18.7622533418205;1690.78826838088;1928.30172760145;17.6902370429892
S2_Ivana-Field-34-Airyscan3DProcessed;3;2265.012736;4;5;6;1.07985453804268;0.964606883038937;0.455442719077674;2;5;6;1779.92931034483;2208.7099137931;26.4047413793103;1759.32417582418;2225.34958791209;27.8990384615385;1768.50399248473;2229.9445749178;26.4917801784876
S2_Ivana-Field-35-Airyscan3DProcessed;1;769.100416;4;1;1;0.554599087770014;0.776597603299163;0.645083759224221;1;1;1;130.82338902148;1166.25686157518;13.0626491646778;137.38093759702;1154.74635206458;11.8935113318845;144.306681270537;1165.46987951807;9.07776560788609
S2_Ivana-Field-35-Airyscan3DProcessed;2;2121.285152;8;3;3;1.16198318537904;1.36772052976696;0.233095056816049;8;1;3;1799.79263565891;1728.2257751938;29.2441860465116;1817.97945619335;1728.31299093656;22.7722054380665;1818.82618181818;1727.92072727273;21.1287272727273
S2_Ivana-Field-35-Airyscan3DProcessed;3;1642.420416;4;2;2;0.399244147405027;0.786601919263064;0.388586147303791;4;2;2;1331.11525029104;1140.64377182771;30.9365541327125;1331.59914255091;1145.35691318328;28.4265809217578;1331.67967332123;1149.0335753176;25.8575317604356
S2_Ivana-Field-35-Airyscan3DProcessed;4;639.69248;1;3;0;NaN;NaN;NaN;NaN;NaN;NaN;NaN;NaN;NaN;NaN;NaN;NaN;NaN;NaN;NaN
S2_Ivana-Field-35-Airyscan3DProcessed;5;2092.409088;6;4;2;0.487303147468227;0.521369857175533;0.398509324972386;4;2;1;2252.4262295082;708.935519125683;18.2628415300546;2250.67593328038;709.965845909452;14.8308181096108;2242.93933649289;705.084360189573;15.9582938388626
S2_Ivana-Field-36-Airyscan3DProcessed;1;5417.946016;10;17;9;0.666543961479086;0.513563527526753;0.629526634191866;1;1;1;867.825075834176;1572.02325581395;15.7755308392315;866.602631578947;1586.80631578947;13.6063157894737;869.620376831821;1572.23307745987;12.1437543614794
S2_Ivana-Field-36-Airyscan3DProcessed;1;5417.946016;10;17;9;0.424979280351748;0.448967962114702;0.335340984555247;2;3;3;672.412635379061;1865.28086642599;23.0272563176895;669.835119959163;1859.14497192445;20.6610515569168;667.887537993921;1855.08105369808;22.6808510638298
S2_Ivana-Field-36-Airyscan3DProcessed;1;5417.946016;10;17;9;0.365597501720275;0.482388171585162;0.771363626821129;3;5;2;1321.17932489451;1397.82067510549;22.8275316455696;1329.74901185771;1399.66897233202;22.0889328063241;1314.25777331996;1388.19107321966;22.2016048144433
S2_Ivana-Field-36-Airyscan3DProcessed;1;5417.946016;10;17;9;0.0813652984379357;0.26407829773851;0.31980355806755;4;7;6;685.831613508443;1661.97795497186;29.4094746716698;687.08081570997;1660.68731117825;29.1367069486405;682.923694779116;1661.10240963855;31.0843373493976
S2_Ivana-Field-36-Airyscan3DProcessed;2;860.0816;2;2;1;0.279033521773389;0.232634144431603;0.168422770991538;2;2;1;2449.68724279835;1229.71450617284;43.5838477366255;2456.52039832959;1228.93543205911;43.2502409251526;2453.92268565615;1225.73957273652;43.500508646999
S2_Ivana-Field-37-Airyscan3DProcessed;1;10082.249632;22;18;15;1.16097244633728;1.27087403757621;0.78697638523027;1;4;2;1864.81256694038;1080.25116029989;15.86129953588;1879.78497706422;1102.1370412844;19.2327981651376;1887.29363784666;1076.33849918434;9.54486133768352
S2_Ivana-Field-37-Airyscan3DProcessed;1;10082.249632;22;18;15;0.33760798617923;1.04780810055214;1.73051771717047;5;2;3;1935.60804597701;1067.58563218391;17.2241379310345;1938.0701754386;1060.83223684211;15.9603070175439;1933.90973630832;1054.28803245436;10.7941176470588
S2_Ivana-Field-37-Airyscan3DProcessed;1;10082.249632;22;18;15;0.574230065794965;0.418397723236484;0.536150632844762;9;6;6;1948.66711956522;1316.3410326087;23.7982336956522;1958.63911036509;1315.20856063785;26.731011330256;1955.20729813665;1308.20263975155;23.616847826087
S2_Ivana-Field-37-Airyscan3DProcessed;1;10082.249632;22;18;15;2.77939510278586;2.35819543456695;0.689953504187125;11;13;13;1485.44473684211;1252.24122807018;24.6561403508772;1478.3451986755;1246.50413907285;44.3369205298013;1479.2000998004;1253.73453093812;41.4001996007984
S2_Ivana-Field-37-Airyscan3DProcessed;1;10082.249632;22;18;15;0.405181225666988;0.999731500710426;0.871550141992329;15;9;8;2288.07892004154;1682.28262374524;39.6947040498442;2294.05745614035;1682.95153508772;37.3662280701754;2290.41986827662;1680.34467618002;32.6067508232711
S2_Ivana-Field-37-Airyscan3DProcessed;1;10082.249632;22;18;15;0.658949647709433;1.16942432588901;0.503837216077805;19;11;10;1695.70483711747;1769.23692003949;45.2063178677196;1688.80538617886;1783.60365853659;44.015243902439;1694.80383895131;1784.1877340824;38.0327715355805
S2_Ivana-Field-37-Airyscan3DProcessed;1;10082.249632;22;18;15;0.55172757998421;3.26291541701996;3.03470231344517;20;14;11;1864.97278911565;1655.68526077097;48.9727891156463;1863.36432465173;1651.97910357359;45.2047244094488;1790.73866446826;1660.26957955482;39.4006595218467
S2_Ivana-Field-37-Airyscan3DProcessed;2;2117.381056;6;4;2;0.640969293236474;0.656812125297215;0.343566317945034;1;1;1;606.404542228531;668.240596167495;13.2370475514549;596.694070571117;656.822480902146;11.6180429246999;603.76463963964;655.848536036036;10.2528153153153
S2_Ivana-Field-37-Airyscan3DProcessed;2;2117.381056;6;4;2;0.437382288237349;0.858250396250002;0.486991341232925;5;4;2;233.771306818182;521.571022727273;29.9498106060606;237.388841201717;521.839484978541;27.0025751072961;234.942692307692;528.301153846154;24.1384615384615
S2_Ivana-Field-37-Airyscan3DProcessed;3;1010.231264;2;2;0;NaN;NaN;NaN;NaN;NaN;NaN;NaN;NaN;NaN;NaN;NaN;NaN;NaN;NaN;NaN
S2_Ivana-Field-37-Airyscan3DProcessed;4;1013.742688;2;2;1;0.959797816977298;0.874531873062739;1.71295178083908;2;2;1;2058.11613351878;772.484005563282;22.586230876217;2072.83189655172;790.526724137931;24.2439655172414;2057.24193548387;756.295506912442;18.3951612903226
S2_Ivana-Field-38-Airyscan3DProcessed;1;1987.47472;5;5;2;0.18807417283594;0.628620358889349;0.612063173580331;5;4;1;176.153236758714;445.32888184699;38.1224535989135;180.354190260476;446.04020385051;37.5543601359003;174.25;440.07518115942;33.9257246376812
S2_Ivana-Field-38-Airyscan3DProcessed;3;788.107264;3;2;1;0.574435787003762;0.768551772827522;0.323575372102616;3;2;1;640.16512283528;1831.66935159082;46.1151832460733;646.625894988067;1823.45853221957;43.3001193317422;641.958707360862;1821.37163375224;41.5089766606822
S2_Ivana-Field-38-Airyscan3DProcessed;4;6843.871104;17;15;11;0.652325242136538;0.707858284062423;0.247209257750823;6;2;1;2192.61179361179;735.966830466831;29.9834152334152;2194.37772167876;728.587882612812;25.8589460397602;2195.41536539663;733.935665209244;25.0249843847595
S2_Ivana-Field-38-Airyscan3DProcessed;4;6843.871104;17;15;11;0.274082965415804;0.913981246458853;0.671634803953752;7;3;2;1411.27170868347;1026.96638655462;30.5868347338936;1405.56957227937;1026.83540877098;29.5018949648078;1398.0137075718;1031.48498694517;25.4288511749347
S2_Ivana-Field-38-Airyscan3DProcessed;4;6843.871104;17;15;11;0.547598294551568;0.940058367564615;0.231836724344917;8;6;4;1880.09462789552;732.136027599803;35.0677673730902;1867.67746797287;726.639788997739;34.5712132629992;1863.66251246261;722.547856430708;31.1256231306082
S2_Ivana-Field-38-Airyscan3DProcessed;4;6843.871104;17;15;11;0.163872989367459;0.5818607540288;0.673883989005432;9;5;6;1714.37291849255;697.327782646801;34.760736196319;1714.39991961415;698.140675241158;35.9079581993569;1721.90944498539;706.177215189873;32.2619279454723
S2_Ivana-Field-38-Airyscan3DProcessed;4;6843.871104;17;15;11;0.484549317036127;0.595094236914435;0.534111447617845;10;4;8;2334.46389496718;357.684901531729;40.4956236323851;2342.44867626568;364.819786344635;38.8773803994426;2343.52531301034;369.289602612956;39.8856831790964
S2_Ivana-Field-38-Airyscan3DProcessed;4;6843.871104;17;15;11;0.706812183161152;1.06846021415805;0.568030296104996;16;14;11;1474.19809322034;983.514830508475;51.9745762711864;1487.94010640124;994.147760425605;51.0559464561524;1448.93274853801;976.256335282651;50.6198830409357
S2_Ivana-Field-38-Airyscan3DProcessed;4;6843.871104;17;15;11;3.62180202865594;4.13784688056657;1.71767583184541;17;7;7;2245.61914460285;889.976578411405;52.1608961303462;2322.54598474652;909.742485419471;39.7397936294302;2330.09763617677;913.275436793422;36.4552929085303
S2_Ivana-Field-38-Airyscan3DProcessed;5;693.597632;1;1;2;0.501710178933118;0.594962464969151;0.566918312419269;1;1;1;2075.50756369427;2645.65246815287;27.5919585987261;2071.70507166483;2657.58985667034;27.7635060639471;2078.05584016393;2654.4943647541;24.2530737704918
S2_Ivana-Field-39-Airyscan3DProcessed;1;640.91552;2;2;2;0.490513274844342;0.671373449805336;0.278248794438498;1;1;1;973.601423487544;399.233096085409;22.9297153024911;974.444654683065;390.173131504257;20.5808893093661;975472;391.7645;18.6685
S2_Ivana-Field-39-Airyscan3DProcessed;1;640.91552;2;2;2;0.384562431866996;0.574358978532488;0.417368693789926;2;2;2;752.433669511249;318.027670028446;31.3320403413499;754.749652616952;309.181102362205;30.4842519685039;747.401669758813;309.464749536178;28.3692022263451
S2_Ivana-Field-39-Airyscan3DProcessed;2;6677.206592;22;12;8;1.26172652915528;1.52705934850909;0.398554481653809;20;9;6;1546.90039840637;1967.72908366534;40.605577689243;1526.62830418869;1944.93005286702;38.3159821065474;1522.36175298805;1943.90278884462;35.7601593625498
S2_Ivana-Field-39-Airyscan3DProcessed;3;225.965152;0;0;0;NaN;NaN;NaN;NaN;NaN;NaN;NaN;NaN;NaN;NaN;NaN;NaN;NaN;NaN;NaN
S2_Ivana-Field-40-Airyscan3DProcessed;1;5951.355648;14;14;11;1.39539761195423;1.4183248922803;0.632310779878377;1;2;1;1309.86915316417;1623.29776826659;13.067563436258;1342.52906596995;1634.33997387329;11.5460483344219;1334.27291666667;1646.046875;9.63645833333333
S2_Ivana-Field-40-Airyscan3DProcessed;1;5951.355648;14;14;11;0.226284482628046;0.659256145658436;0.483224187983021;5;4;4;1033.71729490022;1413.14634146341;13.2649667405765;1035.94989339019;1408.17697228145;12.8294243070362;1045.70918367347;1405.10495626822;10.9941690962099
S2_Ivana-Field-40-Airyscan3DProcessed;1;5951.355648;14;14;11;0.352947282805532;0.536036255917311;0.55226879024999;7;7;5;1864.99226069246;907.801221995927;14.2619144602851;1867.35190615836;900.789442815249;12.8879765395894;1867.58775029446;902;10.8910482921084
S2_Ivana-Field-40-Airyscan3DProcessed;1;5951.355648;14;14;11;0.533605880000256;0.817176934604062;0.28388919209449;8;8;8;604.842565597668;1265.22342963159;16.0686456400742;606.647957371226;1272.97371225577;13.0095914742451;596.462132175591;1281.15822479498;13.310178485287
S2_Ivana-Field-40-Airyscan3DProcessed;1;5951.355648;14;14;11;1.56012661252186;1.37979136060552;0.524357281513754;9;6;7;1773.53614281534;689.914837576822;18.5100965759438;1738.47329246935;683.353327495622;14.0035026269702;1749.734375;678.907291666667;12.1072916666667
S2_Ivana-Field-40-Airyscan3DProcessed;1;5951.355648;14;14;11;0.40604953592381;0.904856010738179;0.628534765009956;10;10;9;1853.15949960907;1435.15011727912;20.2032838154808;1862.68253968254;1435.38412698413;19.2010582010582;1859.4381270903;1444.68283166109;14.6231884057971
S2_Ivana-Field-40-Airyscan3DProcessed;1;5951.355648;14;14;11;0.639757836063251;1.09146571990535;0.75229148292619;11;9;10;1413.98141263941;1286.29739776952;23.0384138785626;1425.96055753262;1280.72004744958;20.4638196915777;1422.90205223881;1269.44076492537;17.4626865671642
S2_Ivana-Field-40-Airyscan3DProcessed;1;5951.355648;14;14;11;0.695567596466317;0.953628907830019;0.358720683974764;12;12;11;1774.7498960499;1384.15862785863;26.8839916839917;1775.64316905802;1389.73175296319;22.1846537741734;1773.67401574803;1384.99212598425;20.0834645669291
S2_Ivana-Field-40-Airyscan3DProcessed;2;854.8512;2;2;0;NaN;NaN;NaN;NaN;NaN;NaN;NaN;NaN;NaN;NaN;NaN;NaN;NaN;NaN;NaN
S2_Ivana-Field-40-Airyscan3DProcessed;3;923.16336;3;2;4;0.41735250039471;0.634795241703518;0.48501460492873;2;1;2;2750.1905094208;804.216329378925;22.595952547104;2740.15764631844;801.497797356828;22.8539962240403;2741.22495313476;794.93293063945;19.9573005623828
S2_Ivana-Field-40-Airyscan3DProcessed;4;1021.41312;3;3;2;0.290812151520081;0.424480526374849;0.350815195111056;3;3;2;388.451888341544;1683.94975369458;29.3911330049261;383.771694214876;1687.23760330579;28.1088154269972;384.310746064339;1679.58726899384;26.8932238193018
S2_Ivana-Field-40-Airyscan3DProcessed;5;814.780288;1;1;1;13.1435154297557;13.5397451032323;0.651762778542248;1;1;1;917.958445555983;1951.89188149288;16.9215082724125;1052.51143257116;1652.13205786281;17.8040130657956;1059.65606190886;1644.63026655202;14.2106620808255