image_ID;DAPI_ID;DAPI_volume;nFC1;nFC2;nFC3;MNN_D_FC1FC2;MNN_D_FC1FC3;MNN_D_FC2FC3;ID_FC1;ID_FC2;ID_FC3;xFC1;yFC1;zFC1;xFC2;yFC2;zFC2;xFC3;yFC3;zFC3
S3_Ivana-Field-01-Airyscan3DProcessed;1;897.248352;6;3;6;0.503644489549101;0.764562592766271;0.421597784564188;1;1;1;858.126262626263;1989.30858585859;18.4313131313131;865.821288515406;1983.70420168067;16.0767507002801;860.740010655301;1976.29834842834;14.5007991475759
S3_Ivana-Field-01-Airyscan3DProcessed;1;897.248352;6;3;6;0.267367301472536;0.792563299062302;0.526785976978748;3;2;3;698.758383772289;2014.47063634876;44.0438409946017;699.262255878836;2013.87724192906;42.1470705460343;701.901799485861;2013.30694087404;38.4642673521851
S3_Ivana-Field-01-Airyscan3DProcessed;2;450.21536;3;3;2;0.587193966263395;1.25541016753024;0.731752042381999;2;3;2;951.184916201117;2854.6938547486;20.6720670391061;965.371794871795;2852.15654520918;19.8744939271255;976.930747922438;2843.02181440443;16.7759695290859
S3_Ivana-Field-01-Airyscan3DProcessed;3;1002.279488;5;3;3;1.00927295031002;0.190674430016892;0.935589649208108;3;2;2;1241.72716273442;2601.03629764065;28.2062915910466;1243.52857142857;2616.37032967033;22.5043956043956;1244.19655857048;2605.08074123097;28.3540701522171
S3_Ivana-Field-01-Airyscan3DProcessed;3;1002.279488;5;3;3;0.283388270679499;0.72040637855039;0.740847482396547;5;3;3;1286.12118780096;2511.68298555377;35.0642054574639;1285.94360218314;2507.59793814433;33.4111582777441;1288.18973941368;2524.86563517915;31.6083061889251
S3_Ivana-Field-01-Airyscan3DProcessed;5;661.34768;2;1;3;0.36839161489953;3.76014425768533;3.62694679883414;1;1;1;853.368539832995;1521.37463326563;26.9611825772963;851.893866898652;1516.27794693345;24.8103523270987;844.659482758621;1429.4224137931;31.9560344827586
S3_Ivana-Field-01-Airyscan3DProcessed;6;2204.119456;8;4;9;3.04936329201003;3.02413262648953;0.187495178699919;1;2;2;1413.32884615385;1711.99423076923;15.4282051282051;1489.49462616822;1709.03247663551;15.0626168224299;1488.69613259669;1710.29518547751;13.7932123125493
S3_Ivana-Field-01-Airyscan3DProcessed;6;2204.119456;8;4;9;0.416427153004359;0.28616990034334;0.310582341530729;5;4;6;1535.91886608016;1564.8137829912;35.6515151515151;1533.9323334496;1571.82525287757;37.775723753052;1529.78993666432;1567.0197044335;36.496833216045
S3_Ivana-Field-01-Airyscan3DProcessed;8;323.276128;2;1;2;0.818155870945972;0.735185964969677;0.13248368974937;2;1;1;1574.2557396686;845.855260531044;43.7945697744061;1587.04026705612;852.131441685792;39.6000417275193;1584.3326162947;853.489378865286;39.982791072869
S3_Ivana-Field-01-Airyscan3DProcessed;10;502.540192;2;3;2;1.89416720339196;0.275778466382548;2.05561850985257;2;3;2;2474.84286337844;1034.74247053688;34.2832824094282;2516.27473426002;1016.4341782502;30.3385118560916;2469.51295731707;1035.5137195122;33.0533536585366
S3_Ivana-Field-01-Airyscan3DProcessed;12;422.73728;2;2;2;0.58980069623767;0.540492571261384;0.337901107398703;1;1;1;647.184145334434;2408.83071841453;22.6077621800165;633.895217624933;2402.44169801182;22.6023643202579;637.287272727273;2403.71954545455;20.4222727272727
S3_Ivana-Field-01-Airyscan3DProcessed;12;422.73728;2;2;2;0.41746461483926;0.42605860766548;0.366480795291241;2;2;2;653.138225255973;2392.41296928328;33.240614334471;659.202709014479;2399.34656702475;31.8388603456329;655.491750931346;2392.99840340607;30.2772751463544
S3_Ivana-Field-01-Airyscan3DProcessed;13;1270.297504;4;2;2;0.574476343656387;0.71217904467161;0.233004323757636;1;1;1;1087.06695938529;633.711306256861;20.354006586169;1081.94508118434;635.210124164279;16.5444126074499;1083.50482093664;639.989669421488;15.7038567493113
S3_Ivana-Field-01-Airyscan3DProcessed;14;687.333696;4;3;4;0.229454598273485;0.711506789507428;0.759632069202903;1;1;3;2117.82786885246;2051.15612802498;33.2166276346604;2123.44016227181;2051.14198782961;32.8776200135227;2115;2035.74049027895;30.8131868131868
S3_Ivana-Field-01-Airyscan3DProcessed;14;687.333696;4;3;4;0.137490330424882;0.568561183770665;0.667139965933112;2;2;4;2220.66161087866;2102.0010460251;35.1511506276151;2222.71497197758;2099.43634907926;35.4398185214839;2220.57530402245;2115.80542563143;36.1188026192703
S3_Ivana-Field-01-Airyscan3DProcessed;15;498.481312;2;1;1;0.511757342862841;0.859657436015057;0.474110526271047;1;1;1;2382.51333946642;2483.09843606256;25.2677092916283;2381.11121365944;2474.63774803876;22.555145362252;2378.48152424942;2478.11970746728;19.4064665127021
S3_Ivana-Field-01-Airyscan3DProcessed;16;806.255072;3;2;4;0.325111358496518;2.77953995873323;2.80255725849571;1;1;2;2840.34811616954;1451.50078492936;16.8638147566719;2837.80011968881;1450.57869539198;14.6744464392579;2785.44053156146;1415.9584717608;23.5677740863787
S3_Ivana-Field-01-Airyscan3DProcessed;16;806.255072;3;2;4;0.304604706174927;5.22656416178549;5.33613582993104;3;2;4;2917.87351231663;1448.82424577913;37.5023526155549;2917.33428435568;1448.95387541607;35.3323823109843;2823.94511149228;1372.45025728988;51.5506003430532
S3_Ivana-Field-01-Airyscan3DProcessed;17;684.899264;1;3;0;NaN;NaN;NaN;NaN;NaN;NaN;NaN;NaN;NaN;NaN;NaN;NaN;NaN;NaN;NaN
S3_Ivana-Field-01-Airyscan3DProcessed;18;366.860032;1;3;3;0.543618734959244;0.818323441544066;0.297444639970703;1;3;1;712.713707865169;1213.8408988764;30.1168539325843;718.906204906205;1215.04329004329;26.6774891774892;722.721396731055;1218.92719167905;25.2303120356612
S3_Ivana-Field-01-Airyscan3DProcessed;19;372.810592;4;2;2;0.279277245467279;0.531147559770784;0.53056195398668;2;1;2;2158.05435305435;651.6632996633;30.4372294372294;2157.53273998729;655.745708836618;28.8258105530833;2145.07686980609;652.212950138504;29.6492382271468
S3_Ivana-Field-01-Airyscan3DProcessed;19;372.810592;4;2;2;0.382209105514293;2.83624557938538;2.5897867509989;3;2;1;2086.62933753943;502.68690851735;41.9826498422713;2079.45076586433;504.188913202042;40.2326768781911;2075.26648096565;483.055710306407;22.7883008356546
S3_Ivana-Field-01-Airyscan3DProcessed;20;772.140992;4;2;2;0.68165629258039;0.269874613908528;0.845256354135175;4;2;1;2397.79246047831;155.648966355898;30.2265910012161;2404.89174800355;150.664892043774;34.4176279207335;2392.84561093957;151.902955447728;29.4697838553154
S3_Ivana-Field-01-Airyscan3DProcessed;23;433.227872;3;4;2;0.600315725091421;0.499105120571951;0.203033129283366;1;2;1;311.799835255354;416.579901153213;32.7092257001647;303.669164882227;426.051391862955;30.3286937901499;308.116611295681;423.867774086379;30.0136212624585
S3_Ivana-Field-01-Airyscan3DProcessed;24;282.72832;2;1;1;0.215882330399973;0.527224516847895;0.332206326040939;1;1;1;864.388665325285;2527.04896042924;41.1874580818243;868.547108673978;2525.74451645065;40.2779162512463;871.206903854299;2523.90448962304;38.0923337568827
S3_Ivana-Field-01-Airyscan3DProcessed;25;86.200128;0;1;0;NaN;NaN;NaN;NaN;NaN;NaN;NaN;NaN;NaN;NaN;NaN;NaN;NaN;NaN;NaN
S3_Ivana-Field-01-Airyscan3DProcessed;26;68.212256;0;0;0;NaN;NaN;NaN;NaN;NaN;NaN;NaN;NaN;NaN;NaN;NaN;NaN;NaN;NaN;NaN
S3_Ivana-Field-02-Airyscan3DProcessed;1;6517.246624;28;22;24;0.410754641780117;0.789713320851649;0.410747160445827;1;3;2;472.071056062581;1673.71382007823;11.2249022164276;477.573958333333;1668.59791666667;9225;485.182101977107;1668.73257023933;7.25494276795005
S3_Ivana-Field-02-Airyscan3DProcessed;1;6517.246624;28;22;24;1.78124642445129;0.856638001431451;1.15067471685338;5;4;5;716.532723434201;1455.33427163969;18.9507389162562;733.155950095969;1414.89203454894;16.5412667946257;715.33138515488;1437.27001753361;15.6820572764465
S3_Ivana-Field-02-Airyscan3DProcessed;1;6517.246624;28;22;24;0.243913149366938;0.43586303728398;0.338883014225593;7;9;6;1176.29017857143;2417.71986607143;18.0825892857143;1174.27131147541;2411.96639344262;18.1032786885246;1177.34447539461;2409.94243268338;15.9229340761374
S3_Ivana-Field-02-Airyscan3DProcessed;1;6517.246624;28;22;24;1.00813954414204;0.616131710535241;0.803588621036719;8;10;8;664.09336713139;1337.22010984368;20.7494719053654;680.014453477868;1318.91960252936;22.7046070460705;678.703532136653;1335.42385639838;19.4533873769543
S3_Ivana-Field-02-Airyscan3DProcessed;1;6517.246624;28;22;24;3.41253565494271;3.23776305064856;0.309961785233022;12;18;20;573.906184486373;1996.10220125786;24.5471698113208;624.304459691252;1959.51629502573;41.2066895368782;624.275443510738;1958.30625583567;39.077497665733
S3_Ivana-Field-02-Airyscan3DProcessed;1;6517.246624;28;22;24;0.345655846003425;0.426275620750677;0.301993106083079;16;11;14;324.64979757085;1631.05313765182;30.8800607287449;323.852256186317;1639.30494905386;30.1834061135371;331.322739480752;1638.22694717995;29.6821844225604
S3_Ivana-Field-02-Airyscan3DProcessed;1;6517.246624;28;22;24;0.34446527631627;0.659777967692447;0.333124365652112;26;21;23;1190.92587601078;2443.62601078167;51.288409703504;1194.41815856777;2440.27109974425;49.2538363171356;1200.79339622642;2437.56132075472;47.9330188679245
S3_Ivana-Field-02-Airyscan3DProcessed;2;544.124896;2;2;2;0.771137900519178;0.963576926512131;0.28747407629125;1;2;1;400.931647940075;918.027777777778;28.7862047440699;395.115433673469;910.762755102041;23.9623724489796;399.528155339806;908.754368932039;22.4466019417476
S3_Ivana-Field-02-Airyscan3DProcessed;3;941.283616;4;1;2;0.500569843218389;0.651934897869666;0.544588155926841;1;1;1;1258.60700496415;971.485934914506;14.5603971318257;1269.06432644334;967.206165359943;13.0235210263721;1261.20883361921;970.339193825043;9.97512864493997
S3_Ivana-Field-02-Airyscan3DProcessed;4;341.823552;2;2;0;NaN;NaN;NaN;NaN;NaN;NaN;NaN;NaN;NaN;NaN;NaN;NaN;NaN;NaN;NaN
S3_Ivana-Field-02-Airyscan3DProcessed;5;584.701824;3;1;0;NaN;NaN;NaN;NaN;NaN;NaN;NaN;NaN;NaN;NaN;NaN;NaN;NaN;NaN;NaN
S3_Ivana-Field-02-Airyscan3DProcessed;6;2716.676256;14;12;8;0.23023866755587;0.419975996199363;0.393346121958067;4;5;4;1625.83467525497;2566.32420826624;20.8362855609232;1624.67371601208;2564.83444108761;19.2827794561934;1624.6826608506;2563.85932388222;17.9389312977099
S3_Ivana-Field-02-Airyscan3DProcessed;6;2716.676256;14;12;8;0.391529805642177;0.7361565266175;0.192139740894414;5;4;5;1467.21456922718;2345.08475367733;20.5108568760215;1461.91194455768;2337.02812882185;20.0342437831227;1454.90434142752;2331.66813833701;21.2752023546726
S3_Ivana-Field-02-Airyscan3DProcessed;6;2716.676256;14;12;8;0.491180693362814;0.864181074043546;0.544214675434478;7;6;3;1648.64311550518;2060.76489028213;24.0520858451893;1640.79113924051;2066.86881472957;21.994246260069;1635.7722107438;2059.23553719008;19.1136363636364
S3_Ivana-Field-02-Airyscan3DProcessed;7;1925.096096;8;6;3;0.306852975911787;0.858280019736781;0.553680305286734;1;1;1;1861.02948681599;1278.69492486532;19.3484547774312;1862.16491056114;1281.23180592992;17.3055623621661;1864.92297734628;1283.88478964401;13.504854368932
S3_Ivana-Field-02-Airyscan3DProcessed;7;1925.096096;8;6;3;0.466586841689247;1.81268395269682;1.74866316549867;4;4;3;2181.08455666471;1669.89489136817;28.1984732824427;2176.54335260116;1678.58051197358;26.3914120561519;2215.46406388642;1698.45430346051;26.0594498669033
S3_Ivana-Field-02-Airyscan3DProcessed;8;343.86576;1;1;2;2.21943163633286;3.07892931394429;1.20275428707795;1;1;1;2036.1849137931;713.683620689655;13.8081896551724;2004.73954703833;758.710801393728;11.5509581881533;2006.89035087719;784.472807017544;15.9385964912281
S3_Ivana-Field-02-Airyscan3DProcessed;9;1621.017888;5;5;6;0.467059318932416;2.36230380546122;2.25413065820153;2;2;6;2322.72877846791;1169.95790200138;25.9730848861284;2333.13191990577;1164.93404004711;26.4575971731449;2315.96843177189;1123.35947046843;36.1578411405295
S3_Ivana-Field-02-Airyscan3DProcessed;9;1621.017888;5;5;6;0.786457249920846;1.01471440099758;0.256756753938393;4;3;4;2619.48977423639;865.649136786189;33.4826029216467;2627.58559153999;855.927627230668;29.1824190350297;2630.64214992928;850.710042432815;28.5671852899576
S3_Ivana-Field-02-Airyscan3DProcessed;11;1092.777728;1;3;5;0.226399689614166;0.301078367602649;0.46996888187502;1;2;4;2690.42345132743;1262.95796460177;27.6429203539823;2692.62016098122;1260.97546952856;29.0214641625144;2689.59915164369;1259.01590668081;25.8260869565217
S3_Ivana-Field-02-Airyscan3DProcessed;12;485.067744;2;2;3;0.448386435985206;0.728785204918718;0.602371903489957;1;1;1;1278.72486772487;563.549382716049;25.1728395061728;1272.38574748257;561.956622773044;22.5708752904725;1284.08573461402;554.375311277126;20.9441479900391
S3_Ivana-Field-02-Airyscan3DProcessed;12;485.067744;2;2;3;1.8925632070325;0.570761062595152;1.89052293123429;2;2;3;1226.45733407697;486.522030117122;48.4383714445064;1257.834576711;518.179370742783;43.9036652611093;1233.89668174962;478.053921568627;45.9385369532428
S3_Ivana-Field-02-Airyscan3DProcessed;14;402.872736;3;1;2;0.0634292529339802;0.319684016775637;0.259903745915388;3;1;1;414.259279933017;445.811610382361;36.8375662852358;413.863076220904;445.792332268371;36.3989046097672;414.637995824635;445.225052192067;34.5628392484342
S3_Ivana-Field-02-Airyscan3DProcessed;15;402.873184;1;1;1;0.268230515814266;0.527127320228166;0.448310041169083;1;1;1;2807.35407816483;31.1316907391674;42.0911214953271;2801.3380239521;28.3928143712575;42.4134730538922;2799.78092217614;26.7296901683337;39.2781166138082
S3_Ivana-Field-02-Airyscan3DProcessed;16;396.949952;2;3;3;0.539157563097718;0.671871023887809;0.252975888618252;1;1;1;1390.0857648099;681.372236958444;33.5919540229885;1402.10597689603;675.276745354093;33.5339025615269;1403.54941860465;673.359496124031;31.8620801033592
S3_Ivana-Field-02-Airyscan3DProcessed;16;396.949952;2;3;3;0.293511164773783;0.670394436581071;0.379891609157565;2;2;2;1597.09603302818;644.096033028182;44.246634356489;1598.72634597005;643.571519592227;42.2080280344059;1599.87685290764;644.417616875713;39.5253705815279
S3_Ivana-Field-03-Airyscan3DProcessed;1;65.269792;0;0;0;NaN;NaN;NaN;NaN;NaN;NaN;NaN;NaN;NaN;NaN;NaN;NaN;NaN;NaN;NaN
S3_Ivana-Field-03-Airyscan3DProcessed;2;789.637408;4;3;3;0.695850931854253;0.901870330823907;0.460216278029721;4;3;3;156.176411543287;2751.34579673777;26.4609786700125;170.030796048809;2747.60604299826;23.651365485183;165;2746.06725297465;20.7278841179514
S3_Ivana-Field-03-Airyscan3DProcessed;3;515.05328;3;1;1;0.425641678053254;0.706761113041943;0.292241253152293;2;1;1;1070.75155925156;2633.90228690229;24.237525987526;1064.47741622147;2633.91549295775;21.7819329771734;1058.80236486486;2632.35641891892;20.545045045045
S3_Ivana-Field-03-Airyscan3DProcessed;4;711.51136;4;1;1;5.88253714333545;1.38209041301295;6.92528013348346;2;1;1;1621.35323076923;1945.03076923077;20.8221538461538;1755.74568288854;2003.40763997907;17.2255363683935;1589.22046589018;1956.61397670549;19.3327787021631
S3_Ivana-Field-03-Airyscan3DProcessed;5;303.932384;2;1;1;0.456052985841623;0.789960332932591;0.482660502894214;1;1;1;1707.16449885233;2373.35807192043;37.7490436113236;1708.10111223458;2364.40141557128;35.7512639029323;1711.1894127378;2367.18031430935;32.5144747725393
S3_Ivana-Field-03-Airyscan3DProcessed;6;763.632352;2;2;2;0.839813048196719;0.687507473590406;0.400330801801643;1;2;1;1822.17931438617;1591.78376794609;21.0424846176384;1827.44814582024;1572.54934003771;19.1671904462602;1820.2750929368;1582.87732342007;16.8778544875199
S3_Ivana-Field-03-Airyscan3DProcessed;6;763.632352;2;2;2;0.484329780014989;0.711637965228145;0.596419855848796;2;1;2;1822.9844789357;1679.64818920916;20.0768662232077;1817.2213176827;1690.29685725104;20.0876561908368;1817.08363636364;1693.53064935065;17.3818181818182
S3_Ivana-Field-03-Airyscan3DProcessed;7;665.759808;2;1;2;0.731829950907658;0.577001661091187;0.182509300665951;1;1;2;2013.90458937198;323.26268115942;24.1980676328502;2016.17261297995;337.565409446143;21.0033978933062;2014.60547504026;335.658615136876;22.0998389694042
S3_Ivana-Field-03-Airyscan3DProcessed;8;515.616192;2;3;3;0.333677379419572;0.349965456948674;0.251454477192197;2;2;2;2306.16033519553;1408.86648044693;17.5251396648045;2303.10467882633;1415.46153846154;18.6946867565424;2307.90256709452;1417.4235705951;17.6785297549592
S3_Ivana-Field-03-Airyscan3DProcessed;9;358.899072;3;1;1;0.143366590216891;0.405858636477567;0.267516932253403;3;1;1;2413.14700854701;842.918328584995;39.5059829059829;2414.0281595709;842.174656386188;38.5363727790815;2416.07270486753;842.937769562539;36.7301293900185
S3_Ivana-Field-03-Airyscan3DProcessed;11;899.500224;2;3;4;0.623997951600553;0.876784542517984;0.284574040933323;2;3;3;2682.29137356535;2377.79007774898;37.5349870418364;2677.70662460568;2384.10094637224;33.6750788643533;2672.27838258165;2385.71539657854;32.4447900466563
S3_Ivana-Field-03-Airyscan3DProcessed;12;703.259648;4;2;1;0.292701088648264;2.18794143827706;2.1132836161151;4;2;1;2695.75442522889;512.133875890132;26.7296032553408;2695.12791991101;507.375973303671;25.1512791991101;2744.6598220397;489.308692676249;24.1868583162218
S3_Ivana-Field-03-Airyscan3DProcessed;13;367.034528;2;1;2;0.660633257232848;0.726889735105885;0.638650622718428;2;1;2;582.153277931671;1035.14773776547;18.6435826408126;578.285647498831;1050.99625993455;17.9074333800842;583.749447635882;1043.94697304463;14.1237295625276
S3_Ivana-Field-03-Airyscan3DProcessed;14;788.159904;4;4;3;2.96729942755388;0.0673523620656484;2.96864045499405;2;2;3;1371.55229263266;371.471921689851;28.9747552807831;1442.67176186645;377.060337892196;23.1625100563154;1371.20113717129;370.619758351102;28.5721393034826
S3_Ivana-Field-03-Airyscan3DProcessed;14;788.159904;4;4;3;1.38905131130434;0.404014358192535;1.33046521167472;3;4;2;1277.47177700348;138.480836236934;31.8829268292683;1307.36419125127;122.386571719227;33.969481180061;1280.53102429416;134.027577150361;29.4446815495732
S3_Ivana-Field-03-Airyscan3DProcessed;15;836.028928;3;5;3;0.046255004734285;0.222523328631473;0.22229516121272;1;3;2;2264.70096153846;248.862019230769;31.0254807692308;2264.67971808927;247.786217697729;30.9044635865309;2265.70406056435;246.289745354439;32.4053682037164
S3_Ivana-Field-03-Airyscan3DProcessed;15;836.028928;3;5;3;0.327424808349372;0.725727744921662;0.461779278533078;3;5;3;2495.06499682942;355.270767279645;39.792327203551;2500.12218649518;355.217041800643;37.9533762057878;2498.3754027927;355.896348012889;34.6987110633727
S3_Ivana-Field-03-Airyscan3DProcessed;16;445.69952;2;2;2;0.299278402423407;0.404566319863857;0.345685379473368;1;1;1;2509.81220657277;2853.28899321857;29.0027821248479;2506.0852520224;2848.33167392657;30.1985065339141;2504.10531697342;2845.88650306748;27.898773006135
S3_Ivana-Field-03-Airyscan3DProcessed;16;445.69952;2;2;2;3.34133533013346;2.91273440213277;0.504418826394343;2;2;2;2508.98513625103;2759.91824938068;33.0123864574732;2565.66037735849;2712.18616352201;44.0314465408805;2553.79928315412;2716.26583034648;43.6594982078853
S3_Ivana-Field-03-Airyscan3DProcessed;17;379.037344;2;3;3;0.469008901618768;0.808344326709172;0.341670171779409;1;1;1;685.906774639542;712.130357495556;20.0424649417341;689.839531680441;709.792011019284;16.9579889807163;691.439175257732;708.058762886598;14.6123711340206
S3_Ivana-Field-03-Airyscan3DProcessed;17;379.037344;2;3;3;0.259650998821875;0.407763600511137;0.200652291046576;2;2;2;738.183738796415;624.137003841229;29.0435339308579;738.122242647059;628.382352941176;27.640625;742.238424326192;630.407740152039;27.0608154803041
S3_Ivana-Field-03-Airyscan3DProcessed;18;410.556832;1;1;1;0.295298177129895;0.32343077405883;0.211729171811365;1;1;1;849.692959392346;1286.04791118902;25.3783231083845;856.536794766967;1284.50122649223;24.7224039247751;854.00493624023;1285.55779514603;23.4290415466886
S3_Ivana-Field-03-Airyscan3DProcessed;19;357.34832;1;2;3;0.0854534192259629;0.192514234614187;0.132595451172693;1;2;3;2104.63742107012;796.776337653706;38.2525756065138;2103.90469483568;797.408920187793;37.7084507042253;2105.63631436314;799.40487804878;37.1365853658537
S3_Ivana-Field-03-Airyscan3DProcessed;20;433.127072;2;2;2;0.342610682832309;0.728591223080236;0.457910549690289;1;1;1;409.987195373812;2118.26641883519;19.2945064023131;411.219512195122;2121.7739440809;17.0898274836407;416.537392455328;2117.66909331569;14.4414295168762
S3_Ivana-Field-03-Airyscan3DProcessed;20;433.127072;2;2;2;0.442219297213401;0.455174889325255;0.499674753388076;2;2;2;363.948410870567;2230.9728235836;31.464302164901;373.524418073939;2226.69374714742;32.4628023733455;371.874158815612;2230.8630551817;29.1315612382234
S3_Ivana-Field-03-Airyscan3DProcessed;21;370.83984;2;3;3;1.16974677444282;1.54829118857152;0.382138981722223;1;1;1;1042.17786407767;115.477281553398;24.5968932038835;1034.21232876712;130.304305283757;17.7641878669276;1030.84567581564;133.902123252201;15.4256861729674
S3_Ivana-Field-03-Airyscan3DProcessed;21;370.83984;2;3;3;0.419441889763988;0.494757735487028;0.361077916963239;2;3;3;1049.84562737643;184.260836501901;29.7422053231939;1052.81055308328;192.520661157025;28.1023521932613;1048.46985705407;187.49968924798;26.3542573026725
S3_Ivana-Field-03-Airyscan3DProcessed;22;452.458944;2;3;3;0.0943214958139507;0.811803408049817;0.71847874638633;1;2;2;1495.59463432562;1185.84527747152;34.2061742006615;1495.04758800522;1185.82855280313;33.5508474576271;1490.90325342466;1188.47089041096;28.6147260273973
S3_Ivana-Field-03-Airyscan3DProcessed;23;460.806528;2;2;1;0.240004676060716;3.20285879749835;3.30435712903943;2;2;1;1693.81224818695;1072.73207091056;28.6817082997583;1695.81404790905;1067.99756394641;29.5659764514819;1615.45527800161;1085.88557614827;31.51893634166
S3_Ivana-Field-03-Airyscan3DProcessed;24;392.85344;2;0;0;NaN;NaN;NaN;NaN;NaN;NaN;NaN;NaN;NaN;NaN;NaN;NaN;NaN;NaN;NaN
S3_Ivana-Field-03-Airyscan3DProcessed;25;342.112512;1;0;0;NaN;NaN;NaN;NaN;NaN;NaN;NaN;NaN;NaN;NaN;NaN;NaN;NaN;NaN;NaN
S3_Ivana-Field-03-Airyscan3DProcessed;26;77.288064;0;1;0;NaN;NaN;NaN;NaN;NaN;NaN;NaN;NaN;NaN;NaN;NaN;NaN;NaN;NaN;NaN
S3_Ivana-Field-03-Airyscan3DProcessed;27;397.9472;2;2;2;0.727478449693114;0.835321805483614;0.379861399722842;1;1;1;452.859284332689;1459.48017408124;29.4666344294004;438.532567049808;1450.47796934866;27.5613026819923;443.72091886608;1446.46774193548;25.5987292277615
S3_Ivana-Field-03-Airyscan3DProcessed;27;397.9472;2;2;2;0.242380236710074;1.93521851736523;1.69706810619624;2;2;2;408.506996770721;1335.61033369214;34.7707212055974;411.840615690169;1339.80883813307;33.9637537239325;428.270935960591;1374.03000447828;28.5503806538289
S3_Ivana-Field-04-Airyscan3DProcessed;1;715.696128;4;6;4;4.255750218305;1.20164125183534;0.770609514733407;3;6;4;1167.80271493213;2899.79728506787;25.6009049773756;1162.23895946763;2815.27404718693;43.994555353902;1164.3436123348;2870.60792951542;27.373247897477
S3_Ivana-Field-04-Airyscan3DProcessed;1;715.696128;4;6;4;1.35203036845126;1.12239687221314;3.21261249486616;4;5;3;1018.53075396825;2845.09722222222;35.2023809523809;1051.21739130435;2836.57786561265;34.8529644268775;1038.46422205246;2832.25006366183;30.9169849758085
S3_Ivana-Field-04-Airyscan3DProcessed;2;1075.015648;6;2;3;3.1913380080858;0.572913207444664;3.34773568044552;1;1;1;1095.95109717868;607.55736677116;16.3968652037618;1016.28262141603;606.543592744295;15.2083089526039;1099.38512763596;608.645948945616;12.4361820199778
S3_Ivana-Field-04-Airyscan3DProcessed;2;1075.015648;6;2;3;0.374349008695979;0.287771103193954;0.347115577119033;4;2;3;1398.56956303365;687.292315419387;46.2857860371673;1400.78644888082;687.140350877193;48.8832425892317;1396.70779220779;681.526901669759;47.3942486085343
S3_Ivana-Field-04-Airyscan3DProcessed;3;868.582176;4;1;2;0.284211854719018;0.612668034811839;0.456742911586109;1;1;1;1687.13022508039;361.452572347267;24.1784565916399;1688.78696658948;358.654316903738;22.3734700628515;1685.82169268694;365.954806902219;20.012325390304
S3_Ivana-Field-04-Airyscan3DProcessed;4;1670.45984;6;8;6;0.411852544439144;0.937770701813359;0.990731278755186;1;2;1;2621.84824679057;473.313661621;14.2050201187967;2623.80040322581;463.286290322581;14.5725806451613;2642.74413004214;473.916917519567;11.1727874774232
S3_Ivana-Field-04-Airyscan3DProcessed;4;1670.45984;6;8;6;0.46873684397014;0.486433125302429;0.144445606812416;2;4;5;2485.36913664174;800.730795377294;24.7328348062542;2496.78166838311;801.338825952626;25.4727085478888;2496.6461038961;804.876623376623;25.2694805194805
S3_Ivana-Field-04-Airyscan3DProcessed;4;1670.45984;6;8;6;0.321386586164672;0.693721203212242;0.5085325875258;3;5;2;2609.77985377742;530.464662875711;28.9220146222583;2604.55884773663;532.568724279835;27.2839506172839;2608.70366492147;542.61832460733;25.4005235602094
S3_Ivana-Field-04-Airyscan3DProcessed;4;1670.45984;6;8;6;0.15111882293289;0.697158886389958;0.819215267802164;5;6;6;2839.70491803279;849.784956605593;33.5014464802314;2841.23393316195;851.058269065981;34.4190231362468;2842.11936758893;850.558102766798;28.5747035573123
S3_Ivana-Field-04-Airyscan3DProcessed;5;600.662944;2;5;2;0.138364436179298;0.681282531948757;0.696463435518055;1;2;1;2889.9067357513;1112.5317357513;29.8477979274611;2887.0794246404;1113.02313946216;30.3996247654784;2880.47664789665;1105.4511427625;26.3365352765816
S3_Ivana-Field-04-Airyscan3DProcessed;5;600.662944;2;5;2;0.261549265152891;2.25508338849668;2.09765819070571;2;3;2;2736.21663778163;1119.79072790295;34.7281195840555;2742.75505350773;1119.75386444709;34.743162901308;2772.48747763864;1162.94007155635;34.4516994633274
S3_Ivana-Field-04-Airyscan3DProcessed;6;347.145568;3;2;2;0.271787573082467;0.313348705896962;0.184948408479316;2;1;1;20.3728163613123;818.206646783127;22.2296548785684;14.3849449204406;815.121787025704;22.484700122399;13.3469860896445;816.945904173107;21.3075734157651
S3_Ivana-Field-04-Airyscan3DProcessed;6;347.145568;3;2;2;0.366772441231514;0.358458945731955;0.311297270007685;3;2;2;166.132994923858;898.068020304569;28.205076142132;157.169950738916;897.613793103448;27.6679802955665;162.063994374121;896.345991561181;25.9774964838256
S3_Ivana-Field-04-Airyscan3DProcessed;7;297.02176;2;2;2;2.27859692213949;1.10451783219428;2.55016905707893;1;1;1;682.198811096433;2211.03500660502;26.5726552179657;657.184144818976;2213.74531835206;11.9706616729089;698.936205468103;2190.87075393538;24.086164043082
S3_Ivana-Field-04-Airyscan3DProcessed;7;297.02176;2;2;2;1.20861285758959;0.468818676823969;1.43544925046634;2;2;2;587.894917844861;2198.79594956057;32.4188001528468;564.960922235248;2218.12387651426;33.4658069558421;586.148054145516;2192.41370558376;29.6548223350254
S3_Ivana-Field-04-Airyscan3DProcessed;8;356.817888;3;3;2;2.8543494275809;2.91442530770259;0.153255481121867;1;1;2;1588.07046332046;639.426640926641;11.4343629343629;1542.47216073557;589.303422441682;17.8264941256598;1538.94706448508;590.71896053898;17.9692011549567
S3_Ivana-Field-04-Airyscan3DProcessed;8;356.817888;3;3;2;1.77078291483867;1.89295830946972;0.135473234107999;2;2;1;1773.11321948134;707.058191018343;22.1296647691335;1729.53305497564;708.979123173278;19.9749478079332;1726.78645833333;710.108723958333;19.509765625
S3_Ivana-Field-04-Airyscan3DProcessed;9;988.821792;5;3;3;0.995269478931245;1.15145105967949;1.17484230852516;1;1;1;1724.31527093596;2680.23448275862;11.7231527093596;1741.00347222222;2663.25126262626;13.7869318181818;1715.42042186002;2653.01581975072;10.8815915627996
S3_Ivana-Field-04-Airyscan3DProcessed;9;988.821792;5;3;3;4.52081790643302;4.09363325368536;0.558610700564448;2;3;3;1634.37381751602;2791.4549893195;20.9685688129387;1537.51076923077;2777.29401709402;37.1073504273504;1538.14492202358;2786.80410802587;30.8330163560289
S3_Ivana-Field-04-Airyscan3DProcessed;9;988.821792;5;3;3;0.290369885570134;0.526520497135465;0.957574446416653;5;2;2;1700.83998508019;2581.76240208877;26.9198060425214;1693.61894861895;2581.58954558955;26.7130977130977;1699.79518977828;2586.7425779782;23.4513340849305
S3_Ivana-Field-04-Airyscan3DProcessed;10;627.380992;3;2;2;0.444611344613908;0.541302720354195;0.176058490308201;2;1;1;2411.61963775024;2439.90943755958;33.6825548141087;2413.33506493507;2441.2658008658;30.5688311688312;2410.12639942217;2439.66052726616;29.8403755868545
S3_Ivana-Field-04-Airyscan3DProcessed;10;627.380992;3;2;2;0.653035546095391;0.745443701400008;0.619371602360817;3;2;2;2542.7874632713;2398.30754162586;36.7316356513222;2540.15646258503;2382.41198979592;35.9787414965986;2550.68820224719;2387.36329588015;33.060393258427
S3_Ivana-Field-04-Airyscan3DProcessed;11;323.25216;1;1;1;0.320614199833943;0.333700774160347;0.44071282676205;1;1;1;276.136219640971;471.525871172122;40.674762407603;274.280911680912;476.335042735043;42.42849002849;270.133879781421;475.671220400729;39.5182149362477
S3_Ivana-Field-04-Airyscan3DProcessed;12;1728.89024;7;6;5;0.335131220709575;0.598929899509251;0.874517554218877;7;6;5;762.600199071002;1600.19243530192;49.5617120106171;754.949968730457;1603.5641025641;49.718574108818;775.393553223388;1603.16491754123;47.5074962518741
S3_Ivana-Field-04-Airyscan3DProcessed;13;1329.405056;3;3;7;0.288634823971202;0.464803750306285;0.350421802925366;1;1;3;1656.96993210475;1484.23496605238;17.4796314258002;1655.52566735113;1477.1651510707;17.4866529774127;1663.13465101915;1475.15812229771;16.3866584311303
S3_Ivana-Field-04-Airyscan3DProcessed;13;1329.405056;3;3;7;0.552707331341038;0.490715030463086;0.511116822942472;2;2;4;1523.6956300813;1518.54573170732;33.6905487804878;1535.56995033113;1512.45322847682;34.7131622516556;1533.17101922379;1517.83405875952;31.4735219441422
S3_Ivana-Field-04-Airyscan3DProcessed;15;561.407392;3;2;3;0.583852487963891;0.665119213943256;0.270169417834877;1;2;2;2570.17271407837;1682.99564586357;29.059022738268;2564.81373019683;1680.96063370139;25.2237157945271;2570.66015625;1678.90546875;24.45625
S3_Ivana-Field-04-Airyscan3DProcessed;16;737.254784;6;3;3;0.309029793826195;2.18220177780815;2.39362926261907;2;1;2;223.298174442191;2512.95436105477;16.4604462474645;230.977941176471;2513.78400735294;16.4200367647059;190.610834371108;2493.78393524284;27.6737235367372
S3_Ivana-Field-04-Airyscan3DProcessed;17;802.992064;3;3;2;0.238821314105342;0.489411256389809;0.437395134566531;3;3;1;2118.43291770574;238.146633416459;37.0256857855362;2112.9835548547;240.343320567695;37.3289029060599;2111.49266113593;240.620931716656;34.2348436502872
S3_Ivana-Field-04-Airyscan3DProcessed;18;743.049888;4;5;6;1.55039745642313;1.84824744719154;1.50707509883015;1;1;1;431.589314194577;253.555821371611;15.3548644338118;430.357566179376;280.983405768471;23.1718688265508;466.936259143156;275.198537095089;21.1907001044932
S3_Ivana-Field-04-Airyscan3DProcessed;18;743.049888;4;5;6;0.799783125942737;1.14571986991515;0.42716184520221;2;2;4;529.469437652812;364.173186634067;41.2318663406683;533.701957940537;367.797679477883;35.7454677302393;531.539437896645;375.574342701723;33.7477334542158
S3_Ivana-Field-04-Airyscan3DProcessed;18;743.049888;4;5;6;0.13414192864843;0.265495608949298;0.19373768608179;3;3;5;551.925542916236;231.363391933816;44.0471561530507;554.339673913043;229.604891304348;43.6114130434783;555.921578677601;232.316760635572;42.5576627370579
S3_Ivana-Field-04-Airyscan3DProcessed;19;500.444672;0;0;2;NaN;NaN;NaN;NaN;NaN;NaN;NaN;NaN;NaN;NaN;NaN;NaN;NaN;NaN;NaN
S3_Ivana-Field-04-Airyscan3DProcessed;20;307.48032;2;1;2;2.81203932444216;0.661074411473377;2.88852139974624;1;1;1;2814.3498273878;1763.81875719217;14.9499424626007;2871.87973704563;1802.86620262954;11.9829853054911;2813.52965747703;1760.72347535505;10.3174603174603
S3_Ivana-Field-04-Airyscan3DProcessed;21;92.365056;0;0;0;NaN;NaN;NaN;NaN;NaN;NaN;NaN;NaN;NaN;NaN;NaN;NaN;NaN;NaN;NaN
S3_Ivana-Field-04-Airyscan3DProcessed;22;129.627904;0;0;0;NaN;NaN;NaN;NaN;NaN;NaN;NaN;NaN;NaN;NaN;NaN;NaN;NaN;NaN;NaN
S3_Ivana-Field-04-Airyscan3DProcessed;23;58.1728;0;0;0;NaN;NaN;NaN;NaN;NaN;NaN;NaN;NaN;NaN;NaN;NaN;NaN;NaN;NaN;NaN
S3_Ivana-Field-05-Airyscan3DProcessed;2;552.33472;2;2;1;2.61513890528048;2.76488959521459;0.285232167415089;2;2;1;2002.39624183007;2655.07761437908;47.5032679738562;2015.89859499084;2630.64996945632;30.6114844227245;2011.58859381802;2632.2172398781;29.0513713539399
S3_Ivana-Field-05-Airyscan3DProcessed;3;1700.702752;7;5;10;0.531170290755356;1.02332499349783;0.641012390581932;2;1;1;2197.75087378641;2169.13417475728;26.2450485436893;2192.97133168927;2176.34926017263;23.367447595561;2189.66204869857;2169.68429890848;19.3123425692695
S3_Ivana-Field-05-Airyscan3DProcessed;3;1700.702752;7;5;10;0.385952915157884;0.779381744982066;0.577232008106097;3;3;6;2168.26185671039;2200.86402623613;32.228809283552;2174.71726755218;2204.72865275142;30.5028462998102;2168.62335526316;2204.59210526316;26.765625
S3_Ivana-Field-05-Airyscan3DProcessed;3;1700.702752;7;5;10;0.471271195345198;0.716221017860548;0.397392539176397;5;4;7;2651.34937712344;2401.36976217441;41.3137032842582;2652.37908256881;2389.68587155963;40.9959633027523;2643.93896236012;2385.71108850458;40.0200915564598
S3_Ivana-Field-05-Airyscan3DProcessed;3;1700.702752;7;5;10;0.336253912022314;0.589795586421003;0.421130731254428;6;5;8;2554.60685714286;2299.86285714286;44.1685714285714;2555.38569798402;2295.52757702548;42.1228604031951;2555.11599297012;2303.21353251318;40.0685413005272
S3_Ivana-Field-05-Airyscan3DProcessed;4;295.764896;1;1;1;1.17244005638776;3.61971192084409;4.03453499775655;1;1;1;681.719230769231;1568.49692307692;31.4492307692308;660.729502452698;1549.46250875964;29.3062368605466;706.711595639247;1602.10703666997;8.53022794846382
S3_Ivana-Field-05-Airyscan3DProcessed;5;1089.435872;3;1;4;0.248484610799386;0.474517151675022;0.259186697574026;3;1;4;1927.13197519929;1569.86005314438;34.3764393268379;1922.04517453799;1571.47535934292;33.4681724845996;1916.07348029392;1573.67802271209;33.814963259853
S3_Ivana-Field-05-Airyscan3DProcessed;6;919.00928;3;3;3;0.153504951207918;0.24627622833896;0.237075991481748;1;1;1;462.305483778352;2636.42578237152;15.3499856445593;465.077568134172;2639.07914046122;15.335429769392;467.779983457403;2633.97849462366;14.9511993382961
S3_Ivana-Field-05-Airyscan3DProcessed;6;919.00928;3;3;3;0.138957629802769;6.65539930764887;6.63733519077427;2;2;2;297.854280510018;2489.26958105647;34.643897996357;296.049162011173;2492.23184357542;34.6972067039106;146.557309756868;2426.2469213767;26.4556362488159
S3_Ivana-Field-05-Airyscan3DProcessed;6;919.00928;3;3;3;0.93983630221489;0.920451006711294;0.514699983674768;3;3;3;420.718942189422;2724.87699876999;41.530135301353;404.020140664962;2720.46515345269;36.9789002557545;415.290057518488;2716.55998356615;35.5994248151191
S3_Ivana-Field-05-Airyscan3DProcessed;7;357.66304;2;2;3;0.200941351208447;0.135483411750378;0.144206996607257;1;1;1;639.901953690304;2012.8509406657;17.7995658465991;638.580380750925;2008.8667371761;17.0111052353252;639.821773735077;2012.20409323479;16.8499147242752
S3_Ivana-Field-05-Airyscan3DProcessed;7;357.66304;2;2;3;0.346425317062893;0.645763147537986;0.687068440375414;2;2;3;641.331048663468;1860.78684030158;44.5243317340644;633.895437262357;1863.44296577947;43.5076045627376;644.945109078114;1857.83954961295;40.1083743842365
S3_Ivana-Field-05-Airyscan3DProcessed;9;389.34112;2;2;2;0.162660917555187;0.403365979543942;0.52127247287964;1;1;2;374.921719955899;1633.19845644983;23.6585814038956;376.592336349122;1632.29590207557;24.6860031931879;379.446022727273;1635.88541666667;21.2007575757576
S3_Ivana-Field-05-Airyscan3DProcessed;9;389.34112;2;2;2;0.0547249682972569;0.964670306644004;0.993582332991394;2;2;1;354.481991525424;1796.00423728814;25.1626059322034;353.28494943486;1796.41225461035;25.3117192147531;365.517337584695;1809.06496612196;20.3033080908729
S3_Ivana-Field-05-Airyscan3DProcessed;10;577.791648;2;1;2;0.340930707600668;0.675942338098988;0.413086368974918;1;1;1;414.867370353373;553.387333639284;25.6943552088114;412.415889744629;554.855695176328;23.4000810701257;405.318566775244;549.650162866449;21.85667752443
S3_Ivana-Field-05-Airyscan3DProcessed;11;408.995104;2;2;1;0.313914432274288;0.47913581320722;0.404144171809629;2;2;1;655.426352437065;956.332619175147;35.0064274236743;649.615215801024;954.39685442575;33.604608632041;657.27025462963;951.086805555556;31.9751157407407
S3_Ivana-Field-05-Airyscan3DProcessed;14;934.519936;5;5;2;0.355633381966626;0.668496518624643;0.55497330412171;1;1;1;2490.99618757148;759.254288982082;18.2051086542127;2490.25701943844;767.056155507559;17.0053995680346;2493.12028469751;761.226334519573;13.5024911032028
S3_Ivana-Field-05-Airyscan3DProcessed;14;934.519936;5;5;2;0.436680905433661;0.989778396754362;0.64808646372289;4;4;2;2532.32625749885;990.181356714352;34.3382556529765;2526.18108457069;993.767591994835;31.9725629438347;2530.11320754717;997.288784067086;27.5959119496855
S3_Ivana-Field-05-Airyscan3DProcessed;15;797.463968;4;2;4;0.239909214804212;0.82500702638099;0.752867219405595;1;1;2;425.692307692308;2169.24268689057;35.1830985915493;427.534055727554;2163.63673890609;34.8761609907121;432.150384193194;2165.49506037322;29.6899012074643
S3_Ivana-Field-05-Airyscan3DProcessed;15;797.463968;4;2;4;0.135608984318632;0.264957765823825;0.154130621424391;3;2;4;301.570534424651;2106.38083774675;44.4602792489167;302.501216545012;2105.78540145985;43.5445255474453;305.473365093114;2107.04200952793;42.9428323949762
S3_Ivana-Field-05-Airyscan3DProcessed;16;409.295264;2;2;2;0.217562215304668;0.97182893531997;0.904375725885721;1;1;1;730.423689449237;234.753483742535;26.3845388188454;727.292336448598;237.71214953271;25.4358878504673;739.90207893944;238.378728532691;20.0774329617355
S3_Ivana-Field-05-Airyscan3DProcessed;16;409.295264;2;2;2;0.487832372464894;0.864699904070297;0.521974040394845;2;2;2;707.492007104796;141.38188277087;32.1287744227353;714.235772357724;136.885700621712;29.5251076040172;711.962786259542;141.382633587786;26.0858778625954
S3_Ivana-Field-05-Airyscan3DProcessed;17;92.028832;1;0;0;NaN;NaN;NaN;NaN;NaN;NaN;NaN;NaN;NaN;NaN;NaN;NaN;NaN;NaN;NaN
S3_Ivana-Field-05-Airyscan3DProcessed;19;162.547168;0;0;0;NaN;NaN;NaN;NaN;NaN;NaN;NaN;NaN;NaN;NaN;NaN;NaN;NaN;NaN;NaN
S3_Ivana-Field-06-Airyscan3DProcessed;2;2328.953312;6;12;8;0.955287087088531;0.513776804888858;0.656497577045952;1;3;2;2628.52148997135;2809.72951289398;17.7719197707736;2610.01790355183;2824.64943690442;17.1097314467225;2625.32279427473;2820.37961973937;15.9352702414014
S3_Ivana-Field-06-Airyscan3DProcessed;3;417.867296;3;1;2;0.738125272161465;0.9530884367523;1.19848777844363;2;1;1;752.69322947873;1861.73816656681;21.1923307369682;764.514071294559;1866.90150093809;17.422138836773;766.331937799043;1872.76016746411;25.8014354066986
S3_Ivana-Field-06-Airyscan3DProcessed;4;353.648288;2;4;2;1.69590716049117;3.46087690680705;1.8858567065683;1;1;1;157.775541795666;1164.50154798762;10.68173374613;129.186252771619;1133.22062084257;10.3070953436807;84.8464673913043;1118.12364130435;11.8417119565217
S3_Ivana-Field-06-Airyscan3DProcessed;4;353.648288;2;4;2;1.97691920192846;2.5851949993261;2.63363190606255;2;2;2;114.152289669862;1282.7832800852;31.1613418530351;83.9770303527482;1288.55209187859;20.1000820344545;53.2177581357975;1268.15026114906;35.6777822418642
S3_Ivana-Field-06-Airyscan3DProcessed;5;580.711936;1;4;3;1.1273556376934;0.69226756996402;0.579234013529639;1;3;3;78.2148212226067;2263.06314878893;48.3728373702422;70.451950038236;2269.61585521285;40.8615855212847;68.3480746594922;2261.96485623003;44.3225155540609
S3_Ivana-Field-06-Airyscan3DProcessed;7;729.516256;1;1;0;NaN;NaN;NaN;NaN;NaN;NaN;NaN;NaN;NaN;NaN;NaN;NaN;NaN;NaN;NaN
S3_Ivana-Field-06-Airyscan3DProcessed;8;1643.981024;12;6;8;0.878684156819017;0.933499292564452;0.228762195955212;4;1;2;2263.18342245989;978.53743315508;22.4700534759358;2262.01346348031;961.005721979132;18.703130259172;2265.23534179951;963.127803296406;17.4968927316941
S3_Ivana-Field-06-Airyscan3DProcessed;8;1643.981024;12;6;8;0.903266067563053;0.627300882430559;0.447351914231256;5;2;5;1930.86204325131;703.9634601044;23.1364653243848;1914.11902956785;695.41546626232;19.5617892342684;1919.04772475028;705.19422863485;20.2108768035516
S3_Ivana-Field-06-Airyscan3DProcessed;8;1643.981024;12;6;8;0.703342597134537;0.318469311427224;0.386187403974323;7;3;8;2236.44101876676;537.672252010724;31.1253351206434;2241.28439716312;529.175177304965;26.9503546099291;2238.12266450041;533.6791226645;29.216896831844
S3_Ivana-Field-06-Airyscan3DProcessed;8;1643.981024;12;6;8;0.669901610741793;1.02909990864128;1.31692474424804;8;5;6;2393.5958986731;334.866706875754;32.3208685162847;2408.12687312687;341.98001998002;33.5574425574426;2401.62721021611;320.575147347741;26.6556974459725
S3_Ivana-Field-06-Airyscan3DProcessed;9;793.60288;2;3;5;0.261558468327783;1.16428410465372;0.918900796655024;1;2;1;366.279272151899;1597.27610759494;31.9759493670886;368.493693062369;1601.5175192712;30.7025227750526;368.84590443686;1620.73566552901;27.1080204778157
S3_Ivana-Field-06-Airyscan3DProcessed;11;386.104096;2;1;0;NaN;NaN;NaN;NaN;NaN;NaN;NaN;NaN;NaN;NaN;NaN;NaN;NaN;NaN;NaN
S3_Ivana-Field-06-Airyscan3DProcessed;12;330.942752;1;0;2;NaN;NaN;NaN;NaN;NaN;NaN;NaN;NaN;NaN;NaN;NaN;NaN;NaN;NaN;NaN
S3_Ivana-Field-06-Airyscan3DProcessed;13;566.534304;3;2;2;0.56768146791611;0.926208367360486;1.14471339700466;1;1;1;2826.47691247416;520.560303239145;19.7580978635424;2835.52813852814;524.068181818182;22.7160894660895;2832.48565776459;537.279920870425;15.515331355094
S3_Ivana-Field-06-Airyscan3DProcessed;13;566.534304;3;2;2;0.533844837666655;0.863484697932099;0.4111321103581;2;2;2;2877.15332536838;531.575467941059;30.1154918359219;2886.26467757459;528.320981713186;27.4889316650626;2885.35144671842;525.777346506704;24.6556104446013
S3_Ivana-Field-06-Airyscan3DProcessed;14;410.937408;3;2;2;0.482747028754511;0.542484974523474;0.797435495870809;1;1;1;2744.1567695962;2106.69881235154;26.0636579572447;2738.4001507159;2096.09947249435;26.180859080633;2735.07160867373;2114.59203227433;24.2773575390822
S3_Ivana-Field-06-Airyscan3DProcessed;14;410.937408;3;2;2;0.32260098854055;0.368070795968283;0.478673755336006;3;2;2;2785.36669699727;2140.25113739763;52.3666969972702;2786.19335855401;2144.96511139134;50.5119798234552;2778.83378746594;2135.71480472298;51.0445049954587
S3_Ivana-Field-06-Airyscan3DProcessed;15;81.066272;1;1;1;0.358100435430627;1.10596337104492;0.889523404930926;1;1;1;973.713995943205;29.6460446247465;37.6937119675456;967.349170005724;29.0406410990269;35.9032627361191;972.354330708661;19.1330708661417;30.3976377952756
S3_Ivana-Field-08-Airyscan3DProcessed;1;579.705728;2;2;2;0.164303068359015;0.268406468920495;0.217329810328472;1;1;1;260.58519068846;2099.24938088162;12.9660723130263;262.087031900139;2099.6359223301;11.879334257975;263.31368221942;2104.79382093317;12.218789407314
S3_Ivana-Field-08-Airyscan3DProcessed;2;419.673632;3;0;4;NaN;NaN;NaN;NaN;NaN;NaN;NaN;NaN;NaN;NaN;NaN;NaN;NaN;NaN;NaN
S3_Ivana-Field-08-Airyscan3DProcessed;3;551.782112;2;1;2;0.345134729890364;0.875086776680876;0.57079882870541;2;1;1;1861.28978328173;1873.53808049536;46.4829721362229;1865.61342042755;1873.09501187648;44.353325415677;1865.09050445104;1876.12413452028;40.3719090009891
S3_Ivana-Field-08-Airyscan3DProcessed;4;1110.140864;3;3;2;0.439012350771127;0.355816766337057;0.640278970932596;1;1;1;2162.89519782543;1190.18665055874;22.8695258230142;2163.89036996736;1199.71436343852;24.3998911860718;2161.96686061219;1192.15962560081;20.4055147988869
S3_Ivana-Field-08-Airyscan3DProcessed;4;1110.140864;3;3;2;0.296273409185084;0.531750286850552;0.361779185451882;2;2;2;2399.90312660174;1448.18939005638;23.3077908764736;2396.87136706136;1441.56243272336;22.9294940796555;2391.57259663033;1442.41848364718;20.849603567889
S3_Ivana-Field-08-Airyscan3DProcessed;5;959.165088;4;1;3;1.08748569551829;0.525336306227957;0.833669033975303;1;1;2;2636.20705521472;2372.19938650307;23.2791411042945;2660.87269482451;2374.10628594091;20.0579020424351;2640.12113174182;2372.63129973475;19.6993810786914
S3_Ivana-Field-08-Airyscan3DProcessed;6;528.792768;4;3;2;0.221383826881851;0.626116687118475;0.760156705061598;1;1;1;2433.75121555916;2571.6734197731;26.2787682333874;2428.99701848539;2570.59988073942;25.5295169946333;2433.50457620374;2579.54556307203;30.1436530043772
S3_Ivana-Field-08-Airyscan3DProcessed;6;528.792768;4;3;2;0.66138829086773;0.532219968174453;0.185231340283306;3;2;2;2370.78331822303;2621.62466001813;41.274705349048;2382.49122302158;2619.76690647482;37.9812949640288;2379.08344370861;2617.38013245033;38.5622516556291
S3_Ivana-Field-08-Airyscan3DProcessed;7;523.706848;3;3;1;0.562734642981609;0.85086923117439;0.621302799799198;2;1;1;2847.8017839445;2707.0089197225;13.9811694747275;2838.97652872143;2715.94749845584;12.171093267449;2834.46048891416;2705.06196702672;9.2802728823195
S3_Ivana-Field-08-Airyscan3DProcessed;8;201.12064;1;1;2;0.689382596799469;0.713048801362937;0.553859628678439;1;1;2;117.27267987487;1886.11053180396;30.9979144942649;125.021095152603;1872.78007181329;33.1979353680431;133.998996990973;1879.94583751254;30.9889669007021
S3_Ivana-Field-08-Airyscan3DProcessed;9;532.51856;3;0;0;NaN;NaN;NaN;NaN;NaN;NaN;NaN;NaN;NaN;NaN;NaN;NaN;NaN;NaN;NaN
S3_Ivana-Field-08-Airyscan3DProcessed;11;298.445952;2;1;0;NaN;NaN;NaN;NaN;NaN;NaN;NaN;NaN;NaN;NaN;NaN;NaN;NaN;NaN;NaN
S3_Ivana-Field-08-Airyscan3DProcessed;12;341.982144;2;2;2;0.202354813190752;0.363363907626809;0.180585500723933;1;1;1;670.912456228114;709.1028014007;16.1055527763882;670.631270010672;709.506937033084;14.667022411953;669.415635179153;712.29315960912;13.7133550488599
S3_Ivana-Field-08-Airyscan3DProcessed;12;341.982144;2;2;2;5.65451381824388;0.937698855663703;5.96222670494839;2;2;2;859.799110452187;738.576723498888;22.054114158636;758.03593642018;707.190739460954;48.6157567380788;863.688628158845;718.557761732852;18.7509025270758
S3_Ivana-Field-08-Airyscan3DProcessed;14;489.177248;1;1;3;0.267566512120924;0.63057397458274;0.373921865742273;1;1;2;1171.69647165259;1656.97964414958;35.3382086851628;1173.30543064684;1656.21549636804;33.4960221376686;1172.14780361757;1655.82480620155;30.8480620155039
S3_Ivana-Field-08-Airyscan3DProcessed;15;439.261088;1;2;2;0.0902211656234128;0.601215849718416;0.579830710756616;1;2;2;1462.11171366594;1192.48264642082;27.2104121475054;1464.03628318584;1193.35486725664;26.9849557522124;1459.82108433735;1196.58614457831;23.1313253012048
S3_Ivana-Field-08-Airyscan3DProcessed;16;365.30256;3;2;2;0.606207584489442;0.810515438854504;0.320318300622904;2;1;1;1659.51544799176;2722.62203913491;24.1647785787848;1663.36707746479;2723.07218309859;19.9788732394366;1665.88992470419;2716.34098243098;18.9705987809251
S3_Ivana-Field-08-Airyscan3DProcessed;17;691.918304;1;2;0;NaN;NaN;NaN;NaN;NaN;NaN;NaN;NaN;NaN;NaN;NaN;NaN;NaN;NaN;NaN
S3_Ivana-Field-09-Airyscan3DProcessed;2;611.257248;2;2;2;0.807433355355944;0.851536829392967;0.287505050949786;2;2;1;1452.59933333333;2501.76866666667;44.3166666666667;1437.92511013216;2511.08810572687;41.3850220264317;1440.18216840947;2507.76279581728;39.6824435883324
S3_Ivana-Field-09-Airyscan3DProcessed;3;1046.755584;6;4;5;2.02931464843431;1.84970449491933;0.280944467334134;1;2;1;1961.33121019108;1209.28430804864;28.0793283149971;1930.61953727506;1170.09554413025;30.8620394173093;1929.49919224556;1176.49596122779;30.1001615508885
S3_Ivana-Field-09-Airyscan3DProcessed;4;960.826272;3;4;3;0.281960655070311;0.26889423296427;0.0354605213804682;1;1;1;2471.82933528658;1964.79820545688;20.3503021424647;2471.65846994536;1965.05737704918;18.3382513661202;2470.91680719505;1964.75772906127;18.4474423833614
S3_Ivana-Field-09-Airyscan3DProcessed;4;960.826272;3;4;3;0.467377205932012;0.556507200131838;1.0079687504701;2;3;2;2322.66679403898;2052.25601834161;34.3240351547574;2330.29194729136;2048.52181551977;36.6175695461201;2314.01840490798;2052.00204498978;31.211145194274
S3_Ivana-Field-09-Airyscan3DProcessed;4;960.826272;3;4;3;0.699988094746168;1.1306968460871;1.54326193301768;3;4;3;2314.03079507279;2008.64109742441;42.1774916013438;2320.47370635255;1995.1384097602;44.7711400925536;2315.8164021164;2004.8873015873;34.1888888888889
S3_Ivana-Field-09-Airyscan3DProcessed;5;546.766304;2;2;2;0.240802724706282;0.434916924467531;0.384940278661697;2;2;2;2485.88329764454;2332.29835831549;24.3126338329764;2483.9869739479;2337.85771543086;24.689378757515;2481.83805418719;2338.38977832512;22.0135467980296
S3_Ivana-Field-09-Airyscan3DProcessed;6;805.122528;2;3;3;0.301345608810617;0.678778258082213;0.439128774091409;2;2;2;595.159652638611;842.060120240481;32.8690714762859;599.873763542157;842.15449835139;31.1902967498822;609.983346243222;846.250193648335;30.8353989155693
S3_Ivana-Field-09-Airyscan3DProcessed;8;920.381952;5;3;3;0.101173883719185;0.621725937581436;0.565271859748259;3;3;3;1821.7700228833;1795.42877574371;23.329233409611;1821.43359375;1793.0791015625;23.07958984375;1815.79650884744;1791.09756097561;19.4206121472979
S3_Ivana-Field-09-Airyscan3DProcessed;11;441.077952;3;2;2;0.106180839046606;0.324742966517051;0.226617844039067;1;1;1;1066.47446759789;1827.39569498512;38.037325395008;1065.63435550936;1827.84693347193;37.3295218295218;1065.53979238754;1826.78408304498;35.7397923875433
S3_Ivana-Field-09-Airyscan3DProcessed;12;323.626688;6;4;1;2.74172296550459;2.63856109126401;0.761803416355323;6;4;1;1261.35193133047;1433.2660944206;35.912017167382;1222.14828544949;1389.61260426321;46.0361445783133;1227.46459918081;1380.22586307782;41.5517846693973
S3_Ivana-Field-09-Airyscan3DProcessed;15;1071.94976;5;3;5;0.541349889745082;1.28559830503651;0.861717290186896;1;1;1;2211.43818139643;184.407562050568;25.621665506843;2212.85819793205;174.316100443131;23.0772314834353;2205.1493555724;171.724791508719;17.3775587566338
S3_Ivana-Field-09-Airyscan3DProcessed;15;1071.94976;5;3;5;0.141663073537729;0.56303118112234;0.661682112709937;4;2;3;1927.96548004315;86.8457389428263;42.4336569579288;1929.57415078708;83.7713338856669;42.6362883181442;1925.18570624648;92.755768148565;38.8711311198649
S3_Ivana-Field-09-Airyscan3DProcessed;15;1071.94976;5;3;5;0.765613975214916;1.11814081880228;1.01319143079795;5;3;4;1808.85865297493;112.162488674117;50.5412262156448;1790.96188630491;118.127260981912;49.6162790697674;1800.18975650714;114.199832073887;42.9706129303107
S3_Ivana-Field-09-Airyscan3DProcessed;16;554.801632;0;1;1;NaN;NaN;NaN;NaN;NaN;NaN;NaN;NaN;NaN;NaN;NaN;NaN;NaN;NaN;NaN
S3_Ivana-Field-09-Airyscan3DProcessed;17;431.620224;1;0;1;NaN;NaN;NaN;NaN;NaN;NaN;NaN;NaN;NaN;NaN;NaN;NaN;NaN;NaN;NaN
S3_Ivana-Field-09-Airyscan3DProcessed;18;459.404064;3;2;2;1.0153995032734;0.978574298680891;0.473619765299012;2;1;1;1871.22699386503;1060.1670074983;28.5691888207226;1871.28295819936;1034.83922829582;28.0827974276527;1874.77932855526;1037.78649566201;31.2033195020747
S3_Ivana-Field-09-Airyscan3DProcessed;18;459.404064;3;2;2;0.312732756136485;0.478485861384933;0.5197426675874;3;2;2;1850.73844812554;855.461203138623;43.3461203138623;1854.32554945055;858.831730769231;41.6105769230769;1847.41557128413;848.198179979778;40.8018200202224
S3_Ivana-Field-10-Airyscan3DProcessed;1;527.398368;3;2;1;3.56457581826812;2.36564605069524;2.5117643599931;2;1;1;493.579241071429;1112.30691964286;18.3303571428571;415.644939965695;1146.8910806175;10.926243567753;474.246921182266;1166.30541871921;14.2087438423645
S3_Ivana-Field-10-Airyscan3DProcessed;2;388.117184;1;1;2;2.58884211059091;2.26997180646071;0.479316465959731;1;1;1;344.108216432866;564.059719438878;14.623246492986;384.330156569095;614.057862491491;17.0340367597005;381.076377523186;607.109110747409;14.4042553191489
S3_Ivana-Field-10-Airyscan3DProcessed;3;1319.694208;3;2;4;0.46935803808698;0.542419352828705;0.313971936812341;1;1;1;762.152772677194;2459.14616232097;12.3694454645611;753.784558823529;2458.50441176471;10.0264705882353;758.931842966194;2454.10359869138;8.89258451472192
S3_Ivana-Field-10-Airyscan3DProcessed;3;1319.694208;3;2;4;0.633881428641988;0.688960240868977;0.30933972081835;2;2;2;948.533703190014;2448.78280166436;16.873786407767;951.203389830509;2459.15716486903;13.5372367745249;957.607431824993;2455.10038957147;13.1003895714714
S3_Ivana-Field-10-Airyscan3DProcessed;5;1407.495264;8;5;8;0.140754301010916;0.477916313939001;0.107863223753542;1;3;2;1122.71997430957;1134.71419396275;13.0456005138086;1126.07383966245;1134.33702531646;12.7610759493671;1130.67127403846;1133.95342548077;10.5069110576923
S3_Ivana-Field-10-Airyscan3DProcessed;5;1407.495264;8;5;8;0.4945912546502;0.521347396124986;0.365576758170912;2;2;3;1309.74935467217;1157.7656169334;11.442436757873;1302.62273755656;1160.94909502262;8.70248868778281;1304.3953125;1162.5046875;8.32890625
S3_Ivana-Field-10-Airyscan3DProcessed;5;1407.495264;8;5;8;0.404627008879339;0.583238987834716;0.633821922740057;4;4;4;1432.67014795474;1054.7502175805;12.7206266318538;1437.7061673188;1061.49841624744;14.3223402273151;1437.98298068077;1063.872125115;9.84682612695492
S3_Ivana-Field-10-Airyscan3DProcessed;5;1407.495264;8;5;8;0.562936581305351;1.56978579902982;1.40428954963065;8;5;7;1135.954115421;1053.90160832545;46.4408703878903;1124.66076294278;1045.55676657584;46.1721162579473;1127.47930241472;1039.05346876198;36.3480260636259
S3_Ivana-Field-10-Airyscan3DProcessed;6;528.1864;4;1;2;1.97824172520448;2.62792265267948;0.920228888240441;4;1;2;1091.14303959132;2715.00340570456;52.6981694338016;1109.94127516779;2725.49049217002;39.9765100671141;1130.96432111001;2719.91476709613;37.8344895936571
S3_Ivana-Field-10-Airyscan3DProcessed;7;782.989984;0;1;2;NaN;NaN;NaN;NaN;NaN;NaN;NaN;NaN;NaN;NaN;NaN;NaN;NaN;NaN;NaN
S3_Ivana-Field-10-Airyscan3DProcessed;8;2181.700416;6;5;9;0.119876101079848;0.223985781908156;0.130288439412759;4;5;9;1705.95830267353;1657.40740740741;47.5685553102772;1706.64523483812;1655.29092567259;46.9949840401277;1707.60038240918;1655.74378585086;46.1147227533461
S3_Ivana-Field-10-Airyscan3DProcessed;9;587.976704;2;2;2;0.289099615236399;0.471499325650217;0.297619207624423;1;1;1;1442.80764705882;2397.29882352941;10.3576470588235;1441.89021329987;2391.44542032622;9.17503136762861;1436.91514670896;2393.246629659;7.68041237113402
S3_Ivana-Field-10-Airyscan3DProcessed;9;587.976704;2;2;2;0.526456864968448;0.736030242487661;0.271412157050232;2;2;2;1455.4235225956;2243.8684820394;17.0689455388181;1455.03673627224;2244.79079659706;13.3194122196442;1451.37535545024;2248.70236966825;12.1298578199052
S3_Ivana-Field-10-Airyscan3DProcessed;10;1668.831584;8;9;6;1.15611045173145;1.11814492118315;0.289747834588114;4;2;3;1873.79545454545;680.768048128342;35.1116310160428;1878.43779069767;704.960174418605;30.7921511627907;1874.80460218409;700.627925117005;29.4984399375975
S3_Ivana-Field-10-Airyscan3DProcessed;10;1668.831584;8;9;6;0.520395164974546;3.39924316532373;3.44172357489288;5;4;1;2039.76203451408;444.88919164396;42.5131698455949;2051.02584586466;451.084116541353;43.0850563909774;2056.9249777382;439.520258236866;18.7827248441674
S3_Ivana-Field-10-Airyscan3DProcessed;10;1668.831584;8;9;6;0.197320614428964;0.500074750463014;0.315427112147474;7;7;4;2065.56776556777;539.017399267399;45.5542582417582;2064.15011727912;538.880375293198;44.2048475371384;2064.39172625128;541.217568947906;42.0541368743616
S3_Ivana-Field-10-Airyscan3DProcessed;11;1135.343776;4;4;2;0.303443544657529;0.48118213588137;0.299954869090053;1;1;1;2459.27111111111;1570.95177777778;22.5966666666667;2464.41603343465;1576.52260638298;22.5364741641337;2466.14382298709;1577.42901044868;20.4677320221266
S3_Ivana-Field-10-Airyscan3DProcessed;11;1135.343776;4;4;2;0.346040589097178;0.637686289863384;0.570351681375522;4;3;2;2240.26227959698;1596.07147355164;48.3098236775819;2241.4726283577;1599.1676300578;46.0278816729004;2243.22629435718;1585.46771378709;45.0157068062827
S3_Ivana-Field-10-Airyscan3DProcessed;12;796.243168;3;3;3;0.295679394121157;0.632592073421274;0.375733563077002;2;1;3;2582.01899696049;281.646656534954;19.3510638297872;2580.7982171799;274.89546191248;18.564829821718;2584.38574108818;266.216885553471;18.6266416510319
S3_Ivana-Field-10-Airyscan3DProcessed;13;218.292704;2;0;1;NaN;NaN;NaN;NaN;NaN;NaN;NaN;NaN;NaN;NaN;NaN;NaN;NaN;NaN;NaN
S3_Ivana-Field-10-Airyscan3DProcessed;14;548.04848;1;2;3;0.492576288492086;0.786206063084135;0.511590962621213;1;2;3;2059.63558718861;2040.94519572954;38.3565836298932;2066.28107229894;2032.48578391552;36.6441917140536;2060.82164948454;2032.18608247423;33.3407216494845
S3_Ivana-Field-10-Airyscan3DProcessed;16;81.946592;0;0;0;NaN;NaN;NaN;NaN;NaN;NaN;NaN;NaN;NaN;NaN;NaN;NaN;NaN;NaN;NaN
S3_Ivana-Field-10-Airyscan3DProcessed;17;485.397024;1;4;2;0.232205426432401;0.36991383830788;0.361228168875241;1;2;2;135.586019254918;152.330263708665;36.6203432398493;136.53234152652;157.855756791721;37.0510996119017;129.350455675228;157.889257111295;35.4868820767744
S3_Ivana-Field-11-Airyscan3DProcessed;1;373.560992;1;3;1;0.160704315056962;0.492695370229283;0.351736357887236;1;1;1;117.00613317757;1370.87470794393;33.7841705607477;115.22193296453;1371.86430198503;32.7953140253824;114.226474820144;1378.10014388489;31.0469064748201
S3_Ivana-Field-11-Airyscan3DProcessed;4;876.118432;3;3;3;0.256214657099344;0.564074412949945;0.660625153747946;2;1;2;1263.23838737949;1021.09421560035;17.918930762489;1258.32134220073;1021.60096735187;19.0828295042322;1256.3292469352;1019.01021599533;14.4573847051956
S3_Ivana-Field-11-Airyscan3DProcessed;5;1871.711968;7;7;9;5.91701559555085;4.97325787853123;0.414259619569927;1;6;8;2158.86275862069;1130.93103448276;19.2820689655172;2053.07821782178;1074.95099009901;44.1207920792079;2080.00818488204;1099.0009629273;45.1872893596533
S3_Ivana-Field-11-Airyscan3DProcessed;5;1871.711968;7;7;9;0.306618181973315;0.469886826008611;0.626730395658883;2;1;1;1903.9580456718;1104.80014161799;22.869180385909;1897.92971428571;1105.08666666667;21.5188571428571;1905.30725091288;1102.10119979134;19.6254564423579
S3_Ivana-Field-11-Airyscan3DProcessed;5;1871.711968;7;7;9;0.640735097723952;1.22676525300153;1.45192708930483;6;5;7;2384.24814264487;1001.32169390788;45.0891530460624;2378.184026156;997.409154600654;41.0032695002335;2366.67713004484;991.48629795715;38.4798206278027
S3_Ivana-Field-11-Airyscan3DProcessed;5;1871.711968;7;7;9;0.302396505759985;0.388967438094815;0.457140577928356;7;7;9;2298.7137761926;1062.0477039679;50.2371823450736;2300.65254582485;1068.75397148676;49.4081466395112;2293.098855359;1061.81061394381;47.9698231009365
S3_Ivana-Field-11-Airyscan3DProcessed;7;937.138272;7;3;2;0.310020417556623;0.660856457442969;0.412885076395041;3;1;1;2529.3752;2413.4888;23.9288;2523.55937921727;2413.02766531714;22.4709851551957;2523.49659507596;2412.65007857517;19.523834468308
S3_Ivana-Field-11-Airyscan3DProcessed;8;869.58368;5;3;4;0.300126129647864;0.546816028746767;0.250984016569118;3;2;3;2496.46694677871;757.436414565826;23.7459383753501;2499.68444444444;750.658666666667;23.7217777777778;2501.38352272727;744.722537878788;24.0407196969697
S3_Ivana-Field-11-Airyscan3DProcessed;9;931.219296;3;3;3;0.488141499519818;0.72659859882882;0.529057073934249;2;1;1;2563.98839556004;1748.28657921292;15.4500504540868;2575.73952576217;1749.66714209306;14.5961847031556;2572.81759853346;1748.87626031164;10.9175068744271
S3_Ivana-Field-11-Airyscan3DProcessed;9;931.219296;3;3;3;0.368572942048393;0.341031744596676;0.306438966711139;3;2;3;2534.92794486216;1817.83897243108;40.3383458646617;2541.42393509128;1823.81609195402;39.5835023664638;2536.59613636364;1820.85204545455;38.11
S3_Ivana-Field-11-Airyscan3DProcessed;10;1052.134272;7;2;2;1.12738324811623;0.81895909697655;0.388558858318603;2;1;1;2893.10259706866;2657.1529956287;14.7631781949087;2872.91014258811;2671.64756524079;10.9669087974173;2881.20621225194;2666.61259706644;10.8438308886972
S3_Ivana-Field-11-Airyscan3DProcessed;11;2163.861504;8;10;8;0.451962851597065;1.05266253581577;3.89020640353066;6;6;1;187.315711462451;2567.99456521739;28.8250988142292;192.816129032258;2573.26387096774;26.4406451612903;187.476442873969;2570.7667844523;21.3480565371025
S3_Ivana-Field-11-Airyscan3DProcessed;11;2163.861504;8;10;8;4.05065351224433;0.98135563698155;0.750940541775107;8;5;6;563.661392405063;2800.27109704641;44.587552742616;492.28427672956;2833.6641509434;26.4158490566038;571.004698512138;2793.96554424432;38.1464369616288
S3_Ivana-Field-11-Airyscan3DProcessed;13;355.31104;1;1;3;0.452594133197138;0.499609730251017;0.357535378031119;1;1;2;843.651187904968;2505.22408207343;40.6798056155508;833.454785478548;2507.24851485149;39.403300330033;839.029888983775;2512.60375747225;38.1212638770282
S3_Ivana-Field-11-Airyscan3DProcessed;14;587.472032;6;3;3;0.324766795092342;0.658309769700181;0.436906004884677;2;2;1;1354.8153955809;2076.73414112616;11.912330719886;1350.24124087591;2081.49343065693;10.5616788321168;1351.31334022751;2080.7487073423;7.46328852119959
S3_Ivana-Field-11-Airyscan3DProcessed;14;587.472032;6;3;3;0.254358921555298;0.361959184295445;0.573404214187752;4;3;2;1333.39743589744;2222.58347578348;38.3823361823362;1327.08225616921;2222.33725029377;38.5832354093224;1339.90616621984;2216.89641725567;37.6168657080185
S3_Ivana-Field-11-Airyscan3DProcessed;16;268.999808;1;1;2;0.230278814142679;0.760787189579887;0.721223364540891;1;1;1;2621.68388914984;113.198684828558;16.7045561296383;2624.72377158035;113.732625055334;15.3160690571049;2609.93485461906;110.911667280088;12.4814133235186
S3_Ivana-Field-11-Airyscan3DProcessed;17;315.109984;2;2;1;0.431851840319569;0.699563243239145;0.531330748664181;2;2;1;2855.82700666473;556.303969863808;48.6783541002608;2859.71346292297;547.198704103672;47.4478041756659;2852.47471162378;548.627329192547;44.2919254658385
S3_Ivana-Field-11-Airyscan3DProcessed;19;426.771072;3;1;1;0.692601226244994;0.775716645194265;0.677573206392525;2;1;1;310.373587570621;1971.85451977401;18.3848870056497;305.612526539278;1959.73779193206;15.1231422505308;309.769188596491;1974.17324561404;12.8865131578947
S3_Ivana-Field-11-Airyscan3DProcessed;20;234.008768;1;1;0;NaN;NaN;NaN;NaN;NaN;NaN;NaN;NaN;NaN;NaN;NaN;NaN;NaN;NaN;NaN
S3_Ivana-Field-11-Airyscan3DProcessed;21;980.1848;5;4;5;0.202278635079247;0.54226522255434;0.672673875455797;1;1;2;1474.46940839373;268.416484072139;23.3396258216754;1473.23765530424;267.346925772539;24.7072316024212;1476.01931818182;258.794886363636;20.6471590909091
S3_Ivana-Field-11-Airyscan3DProcessed;21;980.1848;5;4;5;0.0451922876828602;0.210412511054481;0.250441898363311;4;4;5;1606.65576923077;293.982307692308;45.0923076923077;1606.75663026521;293.340873634945;45.3564742589704;1606.10716925351;294.368070953437;43.6016260162602
S3_Ivana-Field-11-Airyscan3DProcessed;22;400.147552;2;1;2;2.05285182836274;0.375784322327964;2.26633830914429;1;1;1;2129.26120556414;313.390520350335;41.994332818135;2093.67282608696;324.188043478261;52.0989130434783;2127.02547513142;313.307319045693;39.38738374444
S3_Ivana-Field-12-Airyscan3DProcessed;1;1719.95152;10;5;9;0.502485489035585;0.802435576202534;0.414404682619759;2;2;5;419.205913863296;801.052281979859;20.1045639597172;430.480428954424;800.798927613941;21.6857908847185;438.228266666667;806.9392;20.8005333333333
S3_Ivana-Field-12-Airyscan3DProcessed;1;1719.95152;10;5;9;1.96014741042579;1.71427072715963;0.429978724129714;7;3;6;200.444370640983;342.264363998672;28.9990036532713;153.389295774648;355.339718309859;27.8484507042254;162.318930041152;361.300411522634;27.6965020576132
S3_Ivana-Field-12-Airyscan3DProcessed;1;1719.95152;10;5;9;0.327259342433336;0.557202622960747;0.240358901791958;9;5;7;255.816414686825;618.740820734341;32.9676025917927;255.902654867257;620.797999230473;30.7052712581762;259.251468232782;623.170848905499;29.3240790176188
S3_Ivana-Field-12-Airyscan3DProcessed;1;1719.95152;10;5;9;0.574239140819705;0.695437860896201;0.25365864811828;10;4;9;401.367098248286;1003.93830921554;36.5841584158416;403.815524676569;1000.60373742214;32.656444657403;402.939982347749;1005.40511915269;31.6548984995587
S3_Ivana-Field-12-Airyscan3DProcessed;2;1625.97232;6;7;6;1.77041458920952;1.58930477306918;0.453133939688994;1;1;1;523.359312320917;2330.78166189112;10.3472779369628;491.959197786999;2356;15.5926694329184;492.66881859264;2354.99741768883;12.375080697224
S3_Ivana-Field-12-Airyscan3DProcessed;2;1625.97232;6;7;6;0.234766846407116;0.11872194332321;0.32527579487258;5;7;3;849.690282131661;2231.62978056426;33.6974921630094;846.219095477387;2227.22010050251;33.2065326633166;851.148322542672;2232.08357857563;34.4246615656268
S3_Ivana-Field-12-Airyscan3DProcessed;3;466.319168;2;2;1;0.34867569921149;1.12458914983217;0.859795534711097;1;2;1;847.319338422392;400.60983884648;49.5470737913486;844.40585106383;394.079255319149;48.1228723404255;848.673174258858;388.315979754158;42.3333333333333
S3_Ivana-Field-12-Airyscan3DProcessed;4;1513.503712;7;7;5;1.134240005278;0.90269828885362;1.1817489311802;3;1;1;1443.41015228426;964.153807106599;24.1337563451777;1447.53831508805;991.938124702523;25.2422655878153;1451.01717650908;973.608048421397;18.6973662686079
S3_Ivana-Field-12-Airyscan3DProcessed;4;1513.503712;7;7;5;0.129906287102839;0.241044024628072;0.12684012218482;4;4;2;1291.53926380368;1181.2717791411;38.4110429447853;1293.55427046263;1182.35676156584;37.7526690391459;1294.55571705426;1181.56976744186;36.9229651162791
S3_Ivana-Field-12-Airyscan3DProcessed;4;1513.503712;7;7;5;0.0899564089473369;0.464645948236099;0.384286454311647;6;7;5;1210.50862304955;1161.37393922803;48.6307144812483;1211.32296356938;1162.45927138764;48.1182971756038;1210.99169435216;1164.52657807309;45.4393687707641
S3_Ivana-Field-12-Airyscan3DProcessed;6;624.171968;1;1;1;9.50138765498532;12.7346446206444;4.72650011904178;1;1;1;1267.16122961104;2005.31493099122;12.1129234629862;1249.50133618386;2224.75414216996;37.5996793158739;1275.52147239264;2322.34787548284;20.0781640536242
S3_Ivana-Field-12-Airyscan3DProcessed;7;925.072512;4;4;4;0.938212933073553;4.37029384266303;4.02579145146052;2;1;1;1878.85187623436;722.41935483871;29.4160631994733;1877.73527218494;734.378821774795;23.6599552572707;1785.43262839879;774.431419939577;22.9969788519637
S3_Ivana-Field-12-Airyscan3DProcessed;7;925.072512;4;4;4;0.604579700040449;0.938664857093178;0.783627003385804;3;2;3;1579.17842876165;628.268308921438;30.2470039946738;1577.35433312846;643.266133988937;30.1238475722188;1573.40076335878;640.188658669575;24.7126499454744
S3_Ivana-Field-12-Airyscan3DProcessed;8;578.929568;3;1;1;0.321909552700374;0.61469873672666;0.329722621278532;2;1;1;1632.85185185185;1915.03921568627;23.0479302832244;1637.08573717949;1909.9078525641;21.7540064102564;1640.69865990583;1909.32814197754;19.6436073886273
S3_Ivana-Field-12-Airyscan3DProcessed;9;1900.980928;8;5;6;0.386653336002045;4.77911231116809;5.09088410713147;6;2;6;1884.6197944835;2727.29259058951;27.4277988101677;1890.72179627601;2726.4282584885;25.3001095290252;1784.30516817063;2681.48646431501;40.5635767022149
S3_Ivana-Field-12-Airyscan3DProcessed;10;456.906016;1;2;2;0.417069611348656;0.641539413239029;0.480253912868876;1;1;1;1876.00709534368;1322.10554323725;10.6146341463415;1879.20835380835;1328.34103194103;12.8201474201474;1884.5346215781;1335.6884057971;10.5740740740741
S3_Ivana-Field-12-Airyscan3DProcessed;11;883.81776;3;2;3;0.285554217532363;0.47863496982159;0.297089903708855;1;1;1;2119.61177028951;492.268628381585;26.6981490270527;2119.40217884703;494.334997730368;24.7467090331366;2121.66555961475;488.833277980737;23.4762537363002
S3_Ivana-Field-12-Airyscan3DProcessed;11;883.81776;3;2;3;0.611842526096547;0.896372313928482;0.397151212206424;2;2;2;2267.74305555556;370.984477124183;39.4301470588235;2268.98395931142;373.172143974961;35.1193270735524;2261.26197862806;373.284384694933;33.3364357118235
S3_Ivana-Field-12-Airyscan3DProcessed;12;515.158784;2;3;2;0.261777030655134;0.486112349903855;0.505278789061717;1;2;1;2471.50780559647;2618.46568483063;24.8812960235641;2474.15585585586;2612.58018018018;24.5711711711712;2463.0920502092;2613.36461446503;22.8439928272564
S3_Ivana-Field-12-Airyscan3DProcessed;12;515.158784;2;3;2;1.05413670220679;0.678941942279521;0.762205077722306;2;3;2;2398.55723370429;2591.2066772655;33.4960254372019;2408.84452122409;2605.61006910168;39.0745310957552;2400.43807040417;2607.87796610169;34.2318122555411
S3_Ivana-Field-12-Airyscan3DProcessed;14;1517.90576;5;4;5;1.35607917439582;0.568874779218427;1.75107685349659;1;2;3;2595.32903494176;1050.57820299501;33.040765391015;2624.23889668069;1068.1131369799;32.3356708742403;2585.92372881356;1048.5065913371;30.0508474576271
S3_Ivana-Field-12-Airyscan3DProcessed;14;1517.90576;5;4;5;4.27886040483941;4.58026508276732;0.570347814436329;5;4;2;2447.70873362445;752.065502183406;44.3410480349345;2484.61152614728;653.962646744931;38.2337246531483;2489.17290236883;651.085012176223;34.462475094089
S3_Ivana-Field-12-Airyscan3DProcessed;15;592.264736;3;1;2;0.326939983104135;0.972719782520687;0.727649471098055;1;1;1;1280.24983860555;2752.02969657844;21.3447385409942;1273.41937259219;2750.5211887727;20.1367638965327;1270.7925873129;2748.29722024234;15.0331432644334
S3_Ivana-Field-12-Airyscan3DProcessed;16;503.552224;2;2;4;0.41561778215425;0.792513584634929;0.400014827536509;1;1;2;1841.89457761229;1762.84524086572;32.0032580870375;1842.32905067809;1769.04175588865;29.623483226267;1840.13769984528;1771.34399174832;26.9143888602372
S3_Ivana-Field-12-Airyscan3DProcessed;16;503.552224;2;2;4;0.422415336369171;0.641055297227221;0.964899081035226;2;2;4;1975.52827004219;1881.92911392405;48.9839662447257;1969.63490725126;1890.27234401349;49.7495784148398;1970.87016393443;1867.57573770492;47.4419672131148
S3_Ivana-Field-12-Airyscan3DProcessed;17;381.735424;1;3;2;0.745688541318637;0.793928543393069;0.344631389052812;1;1;1;708.14949583516;120.07628233231;19.9693117053924;704.291428571429;130.990476190476;15.7942857142857;707.256020278834;124.429024081115;14.4423320659062
S3_Ivana-Field-12-Airyscan3DProcessed;18;574.064512;2;2;2;1.01189379220396;1.06848230677471;0.347598198032077;2;1;2;738.755340793489;1254.5996948118;31.73499491353;763.239047619048;1256.28952380952;29.9819047619048;761.165796344648;1255.31723237598;27.5868146214099
S3_Ivana-Field-12-Airyscan3DProcessed;19;510.539456;4;2;0;NaN;NaN;NaN;NaN;NaN;NaN;NaN;NaN;NaN;NaN;NaN;NaN;NaN;NaN;NaN
S3_Ivana-Field-12-Airyscan3DProcessed;20;330.369312;1;3;2;2.51617596624872;2.42044149697083;0.208522663739814;1;1;1;905.49114331723;1935.08132045089;49.962962962963;958.730714285714;1918.29285714286;41.6789285714286;957.453792224347;1923.33843212237;41.7635436583811
S3_Ivana-Field-12-Airyscan3DProcessed;21;79.05632;1;0;1;NaN;NaN;NaN;NaN;NaN;NaN;NaN;NaN;NaN;NaN;NaN;NaN;NaN;NaN;NaN
S3_Ivana-Field-13-Airyscan3DProcessed;1;2389.88848;10;7;8;0.413752397635465;0.344554451964432;0.219485302431412;2;1;3;1906.7856197618;2391.32509925011;18.0586678429643;1910.82016248154;2397.61336779911;16.0147710487445;1908.95131894484;2392.57074340528;15.7033573141487
S3_Ivana-Field-13-Airyscan3DProcessed;1;2389.88848;10;7;8;0.856799256827638;0.804817809241458;0.856828191021496;5;2;4;1990.72997172479;2678.31008482564;24.1074458058435;1977.17376294591;2693.42635212888;22.1582278481013;1991.0097703957;2683.13580850024;18.5271128480703
S3_Ivana-Field-13-Airyscan3DProcessed;1;2389.88848;10;7;8;0.339348531040985;0.671900575149728;0.386577079009052;7;3;5;2243.69794721408;2805.32893450635;27.9095796676442;2247.40282828283;2808.99313131313;25.9967676767677;2244.51649928264;2811.78658536585;23.4852941176471
S3_Ivana-Field-13-Airyscan3DProcessed;1;2389.88848;10;7;8;1.03029702719328;0.529400400656756;1.14255619588529;9;6;7;1832.47128129602;2377.90230731468;34.2984781541483;1814.08163265306;2394.87573696145;36.0403628117914;1824.8983277592;2374.00535117057;31.4040133779264
S3_Ivana-Field-13-Airyscan3DProcessed;1;2389.88848;10;7;8;0.0816889725574513;0.263876841756064;0.18484406147383;10;7;8;1950.08161044614;2744.99455930359;44.8335146898803;1950.22671353251;2744.80755711775;44.2539543057996;1949.80207351555;2743.22148916117;43.0197926484449
S3_Ivana-Field-13-Airyscan3DProcessed;2;606.828544;3;1;4;0.583320478064533;0.525314847179769;0.468274126957913;2;1;2;144.36148955495;1740.73115349682;26.5258855585831;155.224964013983;1749.98930701213;25.6718075262184;146.335880640466;1748.43922852984;23.5407569141194
S3_Ivana-Field-13-Airyscan3DProcessed;3;3292.82576;16;10;12;0.883721297348567;0.0896911420011992;0.886519778100821;1;3;1;2655.33319502075;1969.98962655602;11.2078838174274;2658.47037422037;1968.35187110187;17.4386694386694;2653.15713737529;1970.36876438987;11.3181120491174
S3_Ivana-Field-13-Airyscan3DProcessed;3;3292.82576;16;10;12;0.693263992627943;0.86071464775584;1.51359378498563;7;7;9;2660.41772823779;1912.44877919321;29.2908704883227;2671.72661870504;1899.92137718397;28.1639260020555;2645.31466666667;1921.63022222222;32.7973333333333
S3_Ivana-Field-13-Airyscan3DProcessed;3;3292.82576;16;10;12;0.588572265851687;0.444599578862286;0.229898115946294;8;8;7;2889.9270158917;2110.02354326074;29.357268981754;2882.69017857143;2099.38392857143;31.3964285714286;2881.81723458181;2102.9127006477;30.124471979724
S3_Ivana-Field-13-Airyscan3DProcessed;3;3292.82576;16;10;12;0.561167643829587;1.4726955827468;0.923336480140922;10;9;10;2789.24424898512;1928.62855209743;33.4066305818674;2790.16069868996;1942.58253275109;33.7279475982533;2795.39842931937;1964.88952879581;32.9295811518325
S3_Ivana-Field-13-Airyscan3DProcessed;3;3292.82576;16;10;12;0.576818961523114;0.472738398414856;0.281751371424918;15;10;12;2320.6494057725;1908.36332767402;44.1502546689304;2307.51943462898;1906.52826855124;45.7712014134276;2311.19987756351;1901.61922252831;44.7826752372207
S3_Ivana-Field-13-Airyscan3DProcessed;4;344.68112;0;1;2;NaN;NaN;NaN;NaN;NaN;NaN;NaN;NaN;NaN;NaN;NaN;NaN;NaN;NaN;NaN
S3_Ivana-Field-13-Airyscan3DProcessed;5;817.215392;2;4;3;2.67125000760412;0.364606180176613;2.53791384351816;1;2;1;2794.6856187291;2594.13712374582;23.2263099219621;2741.89058913542;2567.3947972456;14.3863810252487;2796.32101489244;2586.31825703254;21.9718698290127
S3_Ivana-Field-13-Airyscan3DProcessed;5;817.215392;2;4;3;3.25780638346014;3.07286548065936;0.189129453218582;2;4;3;2612.29246676514;2754.29542097489;34.7481536189069;2629.04884792627;2809.99078341014;51.0377880184332;2628.36181818182;2807.44545454545;49.9163636363636
S3_Ivana-Field-13-Airyscan3DProcessed;6;556.28608;2;2;0;NaN;NaN;NaN;NaN;NaN;NaN;NaN;NaN;NaN;NaN;NaN;NaN;NaN;NaN;NaN
S3_Ivana-Field-13-Airyscan3DProcessed;7;587.835584;4;3;2;3.72746263968838;3.6306995667801;0.501871977661169;2;2;2;1073.4876345101;236.186520672079;26.5029261846328;980.584816132859;235.126334519573;24.4489916963227;983.880722385552;234.770264594708;22.3889122217556
S3_Ivana-Field-13-Airyscan3DProcessed;7;587.835584;4;3;2;0.586656416890797;0.953192363573715;0.317434453017846;3;1;1;948.064923354373;371.003606853021;23.0793507664563;961.553929539295;373.434146341463;21.5880758807588;966.287151118934;366.825245159668;18.8574302237868
S3_Ivana-Field-13-Airyscan3DProcessed;8;313.524288;2;2;0;NaN;NaN;NaN;NaN;NaN;NaN;NaN;NaN;NaN;NaN;NaN;NaN;NaN;NaN;NaN
S3_Ivana-Field-13-Airyscan3DProcessed;9;470.904224;4;1;2;0.588921368264122;0.794516985954133;0.611316915233219;1;1;2;2005.32656333511;1002.35114911812;16.484233030465;2018.13307240705;995.339334637965;15.9424657534247;2013.09555629803;986.944203140662;19.2953558302706
S3_Ivana-Field-13-Airyscan3DProcessed;11;757.193248;4;2;2;0.44328936525883;0.374746681050699;0.430310566242399;1;1;1;1750.85733157199;101.864597093791;16.1611624834875;1753.5028079371;91.1037064769749;16.202171471359;1743.93640278238;95.7353428287512;15.7273931765485
S3_Ivana-Field-13-Airyscan3DProcessed;12;441.223552;2;2;1;0.698400531836353;0.404409507005504;0.507059558151321;1;1;1;1547.74159854678;1877.35422343324;16.2266121707539;1544.12189440994;1862.06909937888;14.0485248447205;1553.0859938208;1870.78166838311;14.6498455200824
S3_Ivana-Field-13-Airyscan3DProcessed;13;410.628512;4;1;1;0.189673413219064;1.00280014030631;0.857013671024756;2;1;1;2253.92553191489;315.997044917258;46.3516548463357;2256.83270713862;314.815503262804;45.3359699426537;2255.31252681253;303.584942084942;40.1409266409266
S3_Ivana-Field-13-Airyscan3DProcessed;14;494.318272;1;1;1;5.34266744434248;0.347865875208174;5.10809829933267;1;1;1;291.015444015444;306.335907335907;47.5366795366795;408.597365945437;261.317968015052;34.7977422389464;294.054153846154;304.205230769231;45.2895384615385
S3_Ivana-Field-13-Airyscan3DProcessed;15;271.925248;2;1;1;0.779043467588646;0.395360266731308;0.579287159695641;1;1;1;1575.04426559356;678.988598256204;17.2280348759222;1588.09289861545;664.933005806163;16.2594908441268;1575.2275089964;671.079968012795;15.5349860055978
S3_Ivana-Field-15-Airyscan3DProcessed;1;433.470912;4;2;2;0.420704748251865;3.56535306845382;3.20546455242643;1;1;1;753.32683982684;1665.18398268398;24.0292207792208;744.287912087912;1662.16813186813;22.7571428571429;667.962025316456;1640.41090555015;25.9240506329114
S3_Ivana-Field-15-Airyscan3DProcessed;1;433.470912;4;2;2;0.653627271399663;0.454922813420128;0.594186583464848;2;2;2;812.53536977492;1738.31136120043;31.8440514469453;807.237424547284;1731.39168343394;27.8947015425889;812.489263803681;1744.59151329243;29.1349693251534
S3_Ivana-Field-15-Airyscan3DProcessed;3;2012.345664;7;5;6;0.51387823955877;2.79173494694348;2.64850382583824;1;2;2;2399.07803468208;2132.13428190307;31.5829257447755;2394.30925266904;2142.93202846975;30.1341637010676;2449.87917329094;2173.31081081081;24.6144674085851
S3_Ivana-Field-15-Airyscan3DProcessed;3;2012.345664;7;5;6;0.496236098114425;0.417867653685769;0.534502525620786;4;3;5;2358.87418452936;2537.98384591488;46.2258465361914;2363.66450916936;2531.46601941748;48.913340524991;2365.10910549539;2530.53590052146;45.1271560369033
S3_Ivana-Field-15-Airyscan3DProcessed;3;2012.345664;7;5;6;0.353829982394145;0.701067358647642;0.503763579095909;6;4;6;2580.67382366377;2620.84330744632;50.466423024212;2574.22457627119;2614.83220338983;50.2601694915254;2578.34729493892;2605.43630017452;48.173647469459
S3_Ivana-Field-15-Airyscan3DProcessed;5;568.131424;2;2;3;0.341035403720883;0.817790391289021;0.82026532660924;1;1;1;1956.51601601602;2510.64514514515;22.8968968968969;1952.49083769634;2503.7277486911;22.0571553228621;1948.01063829787;2517.81205673759;17.9955673758865
S3_Ivana-Field-15-Airyscan3DProcessed;5;568.131424;2;2;3;0.271006145466037;0.540354138866283;0.426396472486087;2;2;2;1987.80671043034;2400.00948212983;34.9015317286652;1982.83204768583;2398.04312762973;33.7135343618513;1983.94449670743;2405.44402634055;31.5446848541863
S3_Ivana-Field-15-Airyscan3DProcessed;6;210.943712;0;1;1;NaN;NaN;NaN;NaN;NaN;NaN;NaN;NaN;NaN;NaN;NaN;NaN;NaN;NaN;NaN
S3_Ivana-Field-15-Airyscan3DProcessed;7;491.028608;1;2;2;0.371107934319492;0.425824064120005;0.121155101406714;1;1;1;2318.41663599558;1754.63709974236;20.3603238866397;2310.74343734522;1756.76919266964;19.0004952947003;2309.72299651568;1754.27003484321;18.6080139372822
S3_Ivana-Field-15-Airyscan3DProcessed;8;1083.539072;9;4;5;4.57976461901657;4.11788282819927;0.539301784980635;6;4;5;2170.78225806452;940.362365591398;30.097311827957;2194.40889167188;846.39762053851;47.5266123982467;2189.5233201581;850.264822134387;43.2814229249012
S3_Ivana-Field-15-Airyscan3DProcessed;8;1083.539072;9;4;5;0.648333338038116;1.04136861259715;0.644470721868209;7;2;2;1982.60021668472;930.686890574215;31.1982665222102;1974.44095341278;934.275189599133;27.3304442036836;1980.40810621943;934.778476589797;23.879105520615
S3_Ivana-Field-15-Airyscan3DProcessed;9;592.766496;2;2;3;0.190674767901641;0.0864991571872865;0.248508185639033;1;1;1;2716.03853564547;1234.77328195247;19.4566473988439;2718.33876442634;1232.15105227427;20.3849287169043;2716.98612181958;1236.37471087124;19.141865844256
S3_Ivana-Field-15-Airyscan3DProcessed;9;592.766496;2;2;3;1.008399027567;0.989479600301641;0.488356289626971;2;2;2;2515.12796934866;1120.94865900383;23.4980842911877;2493.7173566879;1124.2428343949;27.1823248407643;2491.29408020369;1115.91406747295;24.7275620623806
S3_Ivana-Field-15-Airyscan3DProcessed;10;1483.033664;4;6;4;5.66176034309855;5.49762126667457;0.742637843520864;2;5;2;684.64553314121;188.292219020173;26.7608069164265;788.150306748466;271.126789366053;40.9314928425358;777.044721788872;280.569422776911;39.0072802912117
S3_Ivana-Field-15-Airyscan3DProcessed;10;1483.033664;4;6;4;1.1311130224434;0.768862151195113;0.642313467178604;3;2;1;679.498939929329;635.8925795053;34.152296819788;699.458412457273;651.131029244208;37.8670717812381;698.598976109215;636.092150170648;34.7662116040956
S3_Ivana-Field-15-Airyscan3DProcessed;11;472.029376;3;2;1;0.47112513632298;0.775146969474382;0.363435310440105;1;1;1;986.139285714286;443.65;15295;988.603492884864;432.824708926261;14.1714100905563;985.914985590778;427.607588856868;12.1897214217099
S3_Ivana-Field-15-Airyscan3DProcessed;13;451.984512;2;1;1;0.466544394684435;0.366023648297063;0.682912347693001;1;1;1;1227.73121611154;2635.44926413633;37.0158791634392;1233.22719963244;2645.71467953136;36.8231104985068;1231.35356454721;2629.61946050096;35.2867694283879
S3_Ivana-Field-15-Airyscan3DProcessed;14;516.228384;1;0;1;NaN;NaN;NaN;NaN;NaN;NaN;NaN;NaN;NaN;NaN;NaN;NaN;NaN;NaN;NaN
S3_Ivana-Field-15-Airyscan3DProcessed;15;425.200384;2;1;1;4.85400650196195;4.36933614534061;1.97108446077731;1;1;1;2136.63926940639;398.582191780822;40.9330289193303;2034.65949579832;449.999663865546;29.2144537815126;2076.37925925926;464.571851851852;22.9851851851852
S3_Ivana-Field-15-Airyscan3DProcessed;16;174.348384;1;1;0;NaN;NaN;NaN;NaN;NaN;NaN;NaN;NaN;NaN;NaN;NaN;NaN;NaN;NaN;NaN
S3_Ivana-Field-15-Airyscan3DProcessed;17;435.532608;2;4;2;0.186881664941617;0.449700398956347;0.314638972128494;2;4;2;331.857142857143;653.252491694352;51.3316722037652;332.244837758112;649.910029498525;50.405604719764;334.923316062176;650.936787564767;48.3129533678757
S3_Ivana-Field-15-Airyscan3DProcessed;18;835.523584;2;4;2;0.713530605708698;0.671029540586872;0.627608943712709;2;4;1;974.002046663938;1427.01023331969;48.7730249693;987.224402730375;1433.72241183163;45.9399886234357;979.739810621655;1420.69740634006;44.6459448332647
S3_Ivana-Field-17-Airyscan3DProcessed;1;2932.049792;9;10;8;3.05774989078989;2.30376043016478;0.473575333748228;3;9;8;703.374205844981;1301.19504447268;24.1302414231258;644.531489361702;1311.81276595745;37.7382978723404;654.287739783153;1315.41784820684;31.7180984153461
S3_Ivana-Field-17-Airyscan3DProcessed;1;2932.049792;9;10;8;0.376858757663554;0.64814700248634;0.547836344685366;4;4;4;1055.18386627907;1315.61373546512;24.1380813953488;1062.89524421594;1321.02570694087;24.1105398457584;1061.49732262383;1325.93373493976;21.0582329317269
S3_Ivana-Field-17-Airyscan3DProcessed;1;2932.049792;9;10;8;0.24201530027022;0.783764565417436;0.456872364395041;6;7;6;1126.62755102041;1104.50510204082;30.5382653061224;1128.82611174458;1107.53477765108;29.1801596351197;1131.26845637584;1112.42058165548;25.5917225950783
S3_Ivana-Field-17-Airyscan3DProcessed;1;2932.049792;9;10;8;0.223313555137536;0.411187314657698;0.93991945077043;8;8;7;1359.49615713066;1479.07941929974;30.66609735269;1363.9819121447;1475.76184323859;30.7230835486649;1362.5948372615;1481.74017957351;27.9708193041526
S3_Ivana-Field-17-Airyscan3DProcessed;4;424.376288;5;5;3;0.164739506830679;0.66914662470041;0.604211461136293;2;1;2;1926.19807186678;467.383289512124;24.0698217937482;1926.161875;467.2525;22.89375;1912.3832221163;471.763346043851;21.6825548141087
S3_Ivana-Field-17-Airyscan3DProcessed;4;424.376288;5;5;3;0.0467890500722511;0.30374217638474;0.275493033965158;4;3;3;1941.37675070028;497.249299719888;24.9446778711485;1942.05939902166;497.686233403215;24.7037037037037;1940.12073272273;498.123230641132;22.819594782126
S3_Ivana-Field-17-Airyscan3DProcessed;5;441.325024;1;2;2;0.0149091308733405;0.122581202028468;0.123856628536992;1;2;2;2113.410848902;1354.48852835136;35.774172402491;2113.08830744072;1354.40249386754;35.8215453802126;2112.05510052122;1354.61448250186;34.9897617274758
S3_Ivana-Field-17-Airyscan3DProcessed;6;688.039072;3;3;3;0.294796265192175;0.255862757822937;0.0446800544776314;1;1;1;269.26270885176;477.869534305012;16.9697831496623;265.718614718615;474.5670995671;15.3828763828764;265.822256568779;474.877125193199;15.6880473982483
S3_Ivana-Field-17-Airyscan3DProcessed;6;688.039072;3;3;3;0.223696486193925;0.48507914730679;0.266485099173617;3;2;2;138.127881448957;233.760702524698;20.3863885839737;143.286484059273;235.68118545128;20.1041760215537;148.450617283951;239.561728395062;19.6384479717813
S3_Ivana-Field-17-Airyscan3DProcessed;7;356.61136;2;0;1;NaN;NaN;NaN;NaN;NaN;NaN;NaN;NaN;NaN;NaN;NaN;NaN;NaN;NaN;NaN
S3_Ivana-Field-17-Airyscan3DProcessed;8;961.85712;4;2;2;0.206562168363799;1.10373030616877;0.976333052700689;3;1;1;1496.46293011706;2375.56225611919;29.0092231287691;1493.52073317308;2373.26442307692;27.9897836538462;1497.0523610665;2375.80115644073;21.1275297141022
S3_Ivana-Field-17-Airyscan3DProcessed;8;961.85712;4;2;2;1.40193107846114;0.658320741404445;0.901776337733552;4;2;2;1759.27309851965;2382.11536498213;31.0255232261358;1743.36992011115;2353.49565821466;34.5984716915596;1755.98663101604;2366.04430863254;30.6436210847976
S3_Ivana-Field-17-Airyscan3DProcessed;9;1390.43408;3;1;2;0.17721865964466;0.753821350345571;0.649789062829139;1;1;1;2195.39598185353;2889.10563836682;17.9034348671419;2198.04659832246;2890.75116495806;17.004659832246;2208.5446685879;2880.99231508165;14.8203650336215
S3_Ivana-Field-17-Airyscan3DProcessed;10;1031.391872;4;3;3;0.785731722432997;1.30193451985112;1.08721037885586;2;1;1;2340.44642857143;1947.16666666667;24.8511904761905;2321.72498343274;1950.58714380384;23.4612326043738;2331.47852760736;1967.34233128834;18.0184049079755
S3_Ivana-Field-17-Airyscan3DProcessed;10;1031.391872;4;3;3;0.724328575040238;1.04161854296309;1.70294799926585;3;3;2;2271.95401234568;1973.78148148148;35.4172839506173;2262.30858633776;1987.48126185958;37.3799810246679;2293.40211290855;1965.61769560911;31.9012875536481
S3_Ivana-Field-17-Airyscan3DProcessed;11;741.4456;7;2;8;0.284464549225844;0.587610213516246;0.798703618108643;6;2;4;2474.71985815603;952.25975177305;36.5035460992908;2474.19460566746;954.486172755207;38.4274496415159;2470.22390804598;958.826666666667;32.975632183908
S3_Ivana-Field-17-Airyscan3DProcessed;13;995.69904;6;4;2;0.301721128254121;0.718297257186031;0.513605947924177;6;4;2;2730.13688888889;1437.336;51.3431111111111;2725.98493543759;1442.25466284075;50.219512195122;2727.72765196663;1443.87425506555;46.6144219308701
S3_Ivana-Field-17-Airyscan3DProcessed;14;154.631904;1;1;1;1.6591559706543;1.80426416730703;2.04255080646764;1;1;1;138.763518966909;2764.18724778047;28.3478611783697;109.548346849657;2787.10355583281;23.0655021834061;131.129568106312;2746.56589147287;16.6866002214839
S3_Ivana-Field-17-Airyscan3DProcessed;15;303.235744;2;2;2;3.4167694945807;0.277406347699112;3.23381495619228;1;1;1;40.8023166023166;2246.09343629344;14.2617760617761;18.7291321171918;2163.85351022664;16.195688225539;40.8224687933426;2240.80305131761;12.9805825242718
S3_Ivana-Field-17-Airyscan3DProcessed;15;303.235744;2;2;2;0.26942558819343;0.436672653349917;0.219588293220287;2;2;2;6.72413793103448;2295.40360501567;38.2617554858934;6.2486308871851;2297.13472070099;36.4069003285871;7.54329371816638;2293.97736276174;35.1782682512733
S3_Ivana-Field-17-Airyscan3DProcessed;16;307.137824;1;2;0;NaN;NaN;NaN;NaN;NaN;NaN;NaN;NaN;NaN;NaN;NaN;NaN;NaN;NaN;NaN
S3_Ivana-Field-17-Airyscan3DProcessed;17;384.754944;0;1;1;NaN;NaN;NaN;NaN;NaN;NaN;NaN;NaN;NaN;NaN;NaN;NaN;NaN;NaN;NaN
S3_Ivana-Field-17-Airyscan3DProcessed;18;500.96816;4;4;3;0.520101672055532;0.382099523054181;0.295068886611696;2;1;1;872.069882498454;731.87136672851;25.4366110080396;879.785554060117;731.112157918349;22.4542395693136;872.488023952096;731.711077844311;22.7103293413174
S3_Ivana-Field-17-Airyscan3DProcessed;18;500.96816;4;4;3;0.30624576112652;0.710624557838633;0.413032524677624;3;3;2;895.144329896907;716.303264604811;31.0592783505155;898.136824324324;719.929054054054;29.3327702702703;899.058188824663;724.907129094412;26.7614643545279
S3_Ivana-Field-17-Airyscan3DProcessed;19;450.343712;2;2;2;2.90445538277358;1.06242217416281;2.39823247381153;2;2;1;1645.01447245565;1661.9593837535;39.1283846872082;1665.68405275779;1726.34052757794;31.5677458033573;1649.72214854111;1668.56034482759;31.9018567639257
S3_Ivana-Field-17-Airyscan3DProcessed;20;304.634176;2;2;2;1.59861119981006;0.553753374689917;1.83172418048706;1;1;1;1664.79002079002;1961.31185031185;16.1117463617464;1699.53274215553;1980.06207366985;17.8867667121419;1655.77747878286;1966.83191885738;18.6665286690126
S3_Ivana-Field-17-Airyscan3DProcessed;21;69.720224;1;1;0;NaN;NaN;NaN;NaN;NaN;NaN;NaN;NaN;NaN;NaN;NaN;NaN;NaN;NaN;NaN
S3_Ivana-Field-18-Airyscan3DProcessed;1;7222.544448;30;22;19;1.98302309060868;2.19087051337058;0.42375607394922;18;10;6;2001.19363636364;525.722727272727;29.4954545454545;2045.61796536797;534.79329004329;23.767316017316;2045.99831271091;533.427446569179;20.7677165354331
S3_Ivana-Field-18-Airyscan3DProcessed;1;7222.544448;30;22;19;1.76398307587751;1.52597084487488;0.609580750517703;20;11;8;1566.00357781753;145.064400715563;33.2057245080501;1603.51577076855;151.157263438472;26.8138605064416;1589.89704565801;154.992837958818;25.19606087735
S3_Ivana-Field-18-Airyscan3DProcessed;1;7222.544448;30;22;19;0.250618709297024;0.598973688748956;0.488253975215658;21;17;12;2293.08394044979;431.454703832753;36.2334494773519;2290.46526151444;428.341530054645;34.871975019516;2290.47925311203;436.478215767635;32.2723029045643
S3_Ivana-Field-18-Airyscan3DProcessed;3;1239.0448;7;3;3;0.864691192496986;1.04022309687614;0.412000541734938;5;2;2;656.627648489059;2085.65647794373;37.3351858284126;665.602455146364;2083.94900849858;31.7374881964117;659.730739893211;2083.62700228833;29.9809305873379
S3_Ivana-Field-18-Airyscan3DProcessed;3;1239.0448;7;3;3;0.461765839855371;0.756084144868527;0.340301130835602;6;1;3;626.565254969749;2004.32065687122;38.1979256698358;624.894293478261;2012.48233695652;35.9146739130435;626.663021189337;2010.35475051265;33.07997265892
S3_Ivana-Field-18-Airyscan3DProcessed;4;781.919264;3;2;3;0.118410794411817;0.58866670161584;0.509447761207152;1;1;1;1738.7116768124;1539.03818483675;28.2495849474267;1737.35574572127;1541.602200489;28.0804400977995;1730.99716513111;1544.68674698795;25.0531537916371
S3_Ivana-Field-18-Airyscan3DProcessed;5;702.338784;1;2;1;0.255598843782739;0.357840371954186;0.128232428178584;1;2;1;2819.82588134136;2049.79363714531;29.01203783319;2814.78202995008;2051.115640599;30.067387687188;2811.62754848334;2050.58080556937;30.0099453008454
S3_Ivana-Field-18-Airyscan3DProcessed;6;997.223808;6;4;3;0.285067106522042;0.45917404036398;0.255527426069622;4;3;3;489.640305549315;432.323972141092;30.5991911929903;496.540246555475;432.469905728789;30.0913705583756;497.954907161804;435.232095490716;28.4960212201592
S3_Ivana-Field-18-Airyscan3DProcessed;8;1005.40496;5;3;3;0.422065335274681;0.923784942938615;1.1153989993729;4;3;2;963.373554913295;763.080202312139;35.617774566474;954.441594136509;764.718735684837;37.1530004580852;943.450186467768;774.745871070858;35.4528502930208
S3_Ivana-Field-18-Airyscan3DProcessed;8;1005.40496;5;3;3;0.531125564278596;1.47979720668425;0.640953341504632;5;2;1;1195.48947750363;801.001088534107;37.6966618287373;1193.24685020999;804.432104526365;34.088194120392;1174.80405650127;823.805143064107;31.836291198841
S3_Ivana-Field-18-Airyscan3DProcessed;9;598.59184;2;3;4;0.31240121633349;0.523511766704869;0.451047139632114;1;1;2;1184.60158949551;1063.39737387699;35.441603317208;1178.85689753864;1063.89066971952;33.9364625071551;1183.420781893;1073.90946502058;33.2397119341564
S3_Ivana-Field-18-Airyscan3DProcessed;11;329.885696;1;0;1;NaN;NaN;NaN;NaN;NaN;NaN;NaN;NaN;NaN;NaN;NaN;NaN;NaN;NaN;NaN
S3_Ivana-Field-18-Airyscan3DProcessed;12;468.844768;2;1;2;4.13120658252058;4.54955392692363;4.98645175057082;2;1;2;162.748796147673;1088.16934189406;28.3860353130016;73.2818327117741;1066.89611081513;14.9547149706979;100.727374301676;1017.66815642458;46.7240223463687
S3_Ivana-Field-18-Airyscan3DProcessed;13;785.074752;2;3;2;0.119718429124363;0.499993669857738;0.532705576400565;2;3;2;1127.25682231656;1722.39842328684;38.9875682231656;1130.20539968237;1722.08734780307;38.8708311275807;1123.72456030151;1724.0533919598;35.5945351758794
S3_Ivana-Field-18-Airyscan3DProcessed;14;129.61088;1;0;1;NaN;NaN;NaN;NaN;NaN;NaN;NaN;NaN;NaN;NaN;NaN;NaN;NaN;NaN;NaN
S3_Ivana-Field-18-Airyscan3DProcessed;15;253.172192;2;1;0;NaN;NaN;NaN;NaN;NaN;NaN;NaN;NaN;NaN;NaN;NaN;NaN;NaN;NaN;NaN
S3_Ivana-Field-18-Airyscan3DProcessed;16;672.037408;3;3;3;1.18094327280993;0.682599976465493;0.653102773133458;1;1;1;388.51384180791;821.6;18.8819209039548;369.30467571644;800.461538461538;16.7473604826546;382.73698213607;809.296465222349;15.9338654503991
S3_Ivana-Field-18-Airyscan3DProcessed;17;569.871232;2;1;0;NaN;NaN;NaN;NaN;NaN;NaN;NaN;NaN;NaN;NaN;NaN;NaN;NaN;NaN;NaN
S3_Ivana-Field-18-Airyscan3DProcessed;18;157.000032;1;0;1;NaN;NaN;NaN;NaN;NaN;NaN;NaN;NaN;NaN;NaN;NaN;NaN;NaN;NaN;NaN
S3_Ivana-Field-19-Airyscan3DProcessed;1;227.145184;1;1;1;0.505994374566394;0.389301704218011;0.2281113060045;1;1;1;71.8727598566308;2768.59184587814;15.1474014336918;83.2256205673759;2773.01462765957;14.1755319148936;80.9079464988198;2767.80566483084;14.1384736428009
S3_Ivana-Field-19-Airyscan3DProcessed;2;2874.697728;18;11;11;0.179468459646765;0.426799328718998;0.250545947210272;6;5;6;1782.13550724638;2308.09782608696;19.4173913043478;1783.44252612449;2307.85143116765;18.1930940481599;1783.88632707775;2306.82627345845;16.4321715817694
S3_Ivana-Field-19-Airyscan3DProcessed;2;2874.697728;18;11;11;0.383214463823438;0.757787161503964;0.80834217787772;12;9;9;1838.29240121581;2512.14224924012;30.3282674772036;1847.16911295469;2508.81365666879;29.9336311423101;1834.21256038647;2501.05314009662;26.0973084886128
S3_Ivana-Field-19-Airyscan3DProcessed;2;2874.697728;18;11;11;0.279757581050008;0.398635213003335;0.59701311594904;13;10;10;1597.05942432683;2127.9588362736;33.1265861962241;1593.94692556634;2132.5572815534;31.9116504854369;1605.71138570168;2123.58164165931;32.468667255075
S3_Ivana-Field-19-Airyscan3DProcessed;3;1276.111424;8;4;3;0.627360547610044;1.02291872999229;0.832950167608095;5;1;1;227.584454912517;1340.32839838493;37.3435397039031;232.013197749892;1344.64214625703;33.2252271743834;227.064316635745;1325.44619666048;31.4035250463822
S3_Ivana-Field-19-Airyscan3DProcessed;3;1276.111424;8;4;3;1.3207381464674;0.899002779773979;0.630200379287998;6;2;2;215.143350604491;1587.36442141623;42.192573402418;238.859879032258;1567.80947580645;38.7479838709677;231.83798195242;1581.78219852338;38.2001640689089
S3_Ivana-Field-19-Airyscan3DProcessed;4;3003.527072;11;7;7;4.71434659518629;4.82414335752676;0.535521086664967;3;2;1;824.026972010178;1868.85547073791;15.4916030534351;790.782058189655;1756.01912715517;17.5794719827586;793.84528749259;1752.20331950207;14.0189685832839
S3_Ivana-Field-19-Airyscan3DProcessed;4;3003.527072;11;7;7;5.48798819273222;5.37160322154336;0.359610339231662;4;4;3;492.443816080649;1777.35283993115;18.548561593312;364.854735152488;1814.28410914928;28.3667736757624;366.155388471178;1817.47932330827;24.7750626566416
S3_Ivana-Field-19-Airyscan3DProcessed;4;3003.527072;11;7;7;0.81544186256849;0.60015020554998;0.521430104427363;8;3;4;1175.32171156894;1490.92551505547;28.29793977813;1162.45304374426;1475.11685530743;28.3759559498318;1166.50980392157;1480.28944911298;26.6237161531279
S3_Ivana-Field-19-Airyscan3DProcessed;5;584.939712;2;3;0;NaN;NaN;NaN;NaN;NaN;NaN;NaN;NaN;NaN;NaN;NaN;NaN;NaN;NaN;NaN
S3_Ivana-Field-19-Airyscan3DProcessed;6;756.100352;2;2;4;0.976580413010321;0.72016935216334;0.708242026102432;2;2;3;497.091923076923;2259.71307692308;40.0988461538462;504.258995137763;2282.49303079417;38.6482982171799;507.649440137812;2266.87726098191;36.4694229112834
S3_Ivana-Field-19-Airyscan3DProcessed;7;1315.810048;3;3;2;2.89689423841468;2.95365635887716;0.69952173763155;1;3;2;764.38282078473;2574.38600212089;27.4008483563096;779.357827476038;2625.29818956337;41.4813631522897;781.51989892609;2628.77700568541;40.8035375868604
S3_Ivana-Field-19-Airyscan3DProcessed;7;1315.810048;3;3;2;3.93550590538514;3.34125567002494;0.189335454286573;2;1;1;982.177834118073;2547.71640709888;29.4331763853676;967.083601286174;2457.98177920686;18.7427652733119;973.751991828396;2468.5062308478;22.2490296220633
S3_Ivana-Field-19-Airyscan3DProcessed;8;815.73744;3;3;3;0.295911688609359;0.462400786774917;0.256588975789999;2;1;1;2371.36857419981;1848.25800193986;15.6163918525703;2378.17477876106;1851.15265486726;15.6605562579014;2379.59536231884;1854.61275362319;14.1715942028986
S3_Ivana-Field-19-Airyscan3DProcessed;9;219.812544;0;0;0;NaN;NaN;NaN;NaN;NaN;NaN;NaN;NaN;NaN;NaN;NaN;NaN;NaN;NaN;NaN
S3_Ivana-Field-19-Airyscan3DProcessed;11;219.48304;1;1;1;0.102848858136851;0.114331751897141;0.108710795212181;1;1;1;15.9747277583727;2532.99650708856;51.702691596466;15.3198789101917;2532.30978809284;52.3854692230071;15.0625;2530.34086538462;51.8552884615385
S3_Ivana-Field-19-Airyscan3DProcessed;12;465.945312;0;1;1;NaN;NaN;NaN;NaN;NaN;NaN;NaN;NaN;NaN;NaN;NaN;NaN;NaN;NaN;NaN
S3_Ivana-Field-19-Airyscan3DProcessed;13;855.042944;3;4;0;NaN;NaN;NaN;NaN;NaN;NaN;NaN;NaN;NaN;NaN;NaN;NaN;NaN;NaN;NaN
S3_Ivana-Field-19-Airyscan3DProcessed;14;613.204256;2;2;2;0.394533874049041;0.542583434437492;0.246727114169403;2;2;2;1962.76765627881;930.739811912226;34.2415637101236;1960.84135472371;932.648841354724;31.5320855614973;1960.45392405063;938.671392405063;31.1678481012658
S3_Ivana-Field-19-Airyscan3DProcessed;15;875.153664;2;4;3;0.146454611009438;0.951772906983945;0.874977218193087;1;1;1;2267.51022864019;1478.7166064982;22.6933413557962;2268.72187349107;1479.96668276195;21.7730564944471;2281.71802469136;1466.85234567901;18.4214814814815
S3_Ivana-Field-19-Airyscan3DProcessed;15;875.153664;2;4;3;0.318496155066195;0.458205548962548;0.168112322307032;2;2;2;2170.95942201108;1191.69299287411;29.5665083135392;2175.4201170117;1192.1595409541;27.6867686768677;2176.61458931648;1189.68179207352;26.7788627225732
S3_Ivana-Field-19-Airyscan3DProcessed;16;1229.870432;9;6;7;1.65485583663438;1.99531496477465;0.359694105462342;4;2;1;2556.34565619224;736.360443622921;34.0646950092421;2543.87215248722;738.850767085077;22.8168293816829;2542.41492726123;736.407969639469;20.3795066413662
S3_Ivana-Field-19-Airyscan3DProcessed;16;1229.870432;9;6;7;0.607334389744764;0.746823007923063;0.819352915285483;5;4;5;2769.78959604766;594.133391455972;39.6431269979657;2778.25622775801;604.794483985765;37.7224199288256;2776.44460535844;586.454018826937;35.1679942070963
S3_Ivana-Field-19-Airyscan3DProcessed;16;1229.870432;9;6;7;3.05424149098991;2.96582761353292;0.132961319270915;7;5;6;2528.39598393574;859.85702811245;40.263453815261;2602.47734138973;841.488670694864;39.6374622356495;2600.29113924051;842.30970464135;38.9616033755274
S3_Ivana-Field-19-Airyscan3DProcessed;16;1229.870432;9;6;7;0.294260424290363;0.562012606505918;0.533366716267565;8;6;7;2682.77642474428;662.345835362884;40.973209936678;2678.98665480427;666.672597864769;39.6628113879004;2669.22857142857;662.902521008403;42.0252100840336
S3_Ivana-Field-19-Airyscan3DProcessed;17;290.742144;1;2;2;3.07526241391631;1.16665350577099;3.90360464021305;1;2;2;505.297653958944;259.00293255132;48.5850439882698;444.021093000959;213.107382550336;50.5963566634708;532.997983870968;251.349798387097;47.1622983870968
S3_Ivana-Field-19-Airyscan3DProcessed;19;417.473056;0;1;1;NaN;NaN;NaN;NaN;NaN;NaN;NaN;NaN;NaN;NaN;NaN;NaN;NaN;NaN;NaN
S3_Ivana-Field-19-Airyscan3DProcessed;20;132.970656;1;1;2;3.027218407136;6.33243806719078;3.81219174521977;1;1;1;2066.2328086164;1762.256006628;11.2792046396023;2091.83669936526;1694.2423542989;17.3139065204847;2174.63023493361;1660.19918283963;26.6567926455567
S3_Ivana-Field-19-Airyscan3DProcessed;21;545.069728;3;2;3;0.240097790644233;0.438818448014796;0.227938623941573;1;1;1;2001.52279635258;585.90861195542;44.099493414387;2001.15749190462;582.92375625552;42.6152487488961;2004.54128440367;580.07003058104;41.5899082568807
S3_Ivana-Field-19-Airyscan3DProcessed;21;545.069728;3;2;3;0.516178477986835;0.335385099321319;0.554374298171067;2;2;2;2024.35009140768;576.353747714808;42.54478976234;2030.65092567749;573.677756909042;45.6702441642071;2031.81103166496;573.824991487913;41.7245488593803
S3_Ivana-Field-19-Airyscan3DProcessed;22;508.597152;1;2;2;0.580753338179464;0.713873679652572;0.378357373760351;1;1;2;2863.92141756549;1597.63578582435;24.1943374422188;2856.57463952502;1601.3401187447;20.7765055131467;2853.0657485562;1609.24078187472;21.8733896046202
S3_Ivana-Field-19-Airyscan3DProcessed;23;389.759328;2;1;1;1.34076067520752;1.20451941248501;0.344324686107485;1;1;1;814.654891304348;231.656929347826;23.8811141304348;801.252221462748;262.37047163363;24.0970608339029;804.080276448698;259.052631578947;21.9763423710792
S3_Ivana-Field-19-Airyscan3DProcessed;24;475.283424;3;1;2;2.66906459632669;1.99854028188063;1.00077606495834;1;1;1;1486.79321872015;1036.7564469914;22.370582617001;1541.66701940035;1021.3417989418;32.2832451499118;1533.72797456857;1023.69482288828;25.5376930063579
S3_Ivana-Field-19-Airyscan3DProcessed;25;55.833344;0;0;0;NaN;NaN;NaN;NaN;NaN;NaN;NaN;NaN;NaN;NaN;NaN;NaN;NaN;NaN;NaN
S3_Ivana-Field-21-Airyscan3DProcessed;1;387.38224;0;1;1;NaN;NaN;NaN;NaN;NaN;NaN;NaN;NaN;NaN;NaN;NaN;NaN;NaN;NaN;NaN
S3_Ivana-Field-21-Airyscan3DProcessed;3;1016.816192;3;5;3;2.63876941118726;1.8938467920491;2.07695400521503;2;3;1;1306.5578778135;1940.88263665595;26.2170418006431;1323.03559087768;1998.78541810643;18.5096751900484;1282.44556171983;1966.7226074896;17.2156726768377
S3_Ivana-Field-21-Airyscan3DProcessed;4;413.092736;1;2;2;1.21494101862815;0.961269509838115;1.72845723159253;1;1;1;1239.80272550292;1113.71122647631;25.5743024010383;1268.77378748612;1122.70751573491;25.1414291003332;1231.30593849417;1116.92099681866;19.2173913043478
S3_Ivana-Field-21-Airyscan3DProcessed;5;423.550624;3;1;0;NaN;NaN;NaN;NaN;NaN;NaN;NaN;NaN;NaN;NaN;NaN;NaN;NaN;NaN;NaN
S3_Ivana-Field-21-Airyscan3DProcessed;6;881.556704;3;3;2;4.40822590437587;4.11362119171911;0.558401668131039;3;3;2;1265.92947368421;2750.46;29.7431578947368;1230.28732394366;2854.65098591549;30.9938028169014;1239.08265381764;2849.59747961453;28.2535211267606
S3_Ivana-Field-21-Airyscan3DProcessed;7;1433.725888;6;2;8;2.60818852633605;0.212787484159209;2.47029189513455;2;1;2;1915.83820998279;1912.5;22.3743545611015;1943.12982744454;1961.04806902219;12.6857025472473;1919.04644576607;1912.5318606627;21.1619937694704
S3_Ivana-Field-21-Airyscan3DProcessed;7;1433.725888;6;2;8;0.544558008045697;0.39375359295333;0.760479181084889;5;2;5;2241.08886255924;1621.70734597156;40.5550947867299;2241.14774114774;1635.30769230769;40.7281237281237;2245.08344255133;1619.1620795107;38.0895587592835
S3_Ivana-Field-21-Airyscan3DProcessed;9;495.895008;1;1;1;0.409593070775713;5.86763603394455;5.95396957405023;1;1;1;737.686737184703;2338.87144019528;16.8279088689992;743.177820267686;2330.73741236456;17.6628425748885;601.913838120104;2285.53328981723;21.2447780678851
S3_Ivana-Field-21-Airyscan3DProcessed;10;443.553376;1;2;2;0.368771062300225;0.330841612740101;0.316981319585328;1;1;1;1875.64822738386;916.56326405868;12.6674816625917;1875.04759493671;925.684556962025;12.3250632911392;1872.91436593355;920.461394478241;10.7351427234441
S3_Ivana-Field-21-Airyscan3DProcessed;11;767.027296;2;3;2;0.422835685155053;0.168879364796746;0.286977705411953;1;1;1;2329.89589041096;2912.2335089568;14.8130663856691;2333.22380106572;2913.82830076969;11.9828300769686;2330.56350741457;2910.86524822695;13.6879432624113
S3_Ivana-Field-21-Airyscan3DProcessed;11;767.027296;2;3;2;0.101851452379376;0.303280140743204;0.267762854377266;2;3;2;2453.14698909436;2907.53793266951;37.3812233285918;2455.0892077355;2905.89145352464;37.3873986275733;2453.20999030068;2901.72987390883;35.9888457807953
S3_Ivana-Field-21-Airyscan3DProcessed;13;1605.772;6;3;7;0.645595942147342;1.21035327151481;0.786313586463702;5;3;3;766.105236907731;900.792518703242;34.9600997506234;756.541557305337;894.475065616798;31.7134733158355;755.92595896521;904.518287243533;26.8884924174844
S3_Ivana-Field-21-Airyscan3DProcessed;14;846.653696;4;2;3;0.639617876875928;0.719376066495238;0.570275323613203;3;2;2;1449.80017683466;665.186560565871;31.2519893899204;1446.87602739726;662.452739726027;26.8287671232877;1434.36652050555;665.231880319835;28.6141346401857
S3_Ivana-Field-21-Airyscan3DProcessed;15;413.625632;1;2;0;NaN;NaN;NaN;NaN;NaN;NaN;NaN;NaN;NaN;NaN;NaN;NaN;NaN;NaN;NaN
S3_Ivana-Field-21-Airyscan3DProcessed;16;474.729696;2;2;2;0.322529921267301;0.720187317315857;0.418857032365094;1;1;1;2577.73768613975;853.430698739977;15.7892325315006;2574.98196721311;851.326775956284;13.7092896174863;2569.92894540015;853.360508601346;11.1540762902019
S3_Ivana-Field-21-Airyscan3DProcessed;17;745.322592;4;3;3;0.276812226607681;0.639060607069017;0.380651442805682;3;2;3;81.0803284541235;1949.37915030346;32.2134951802928;84.9271523178808;1951.36644591611;30.6710816777042;85.9619238476954;1954.65597862391;28.1369405477622
S3_Ivana-Field-21-Airyscan3DProcessed;20;195.390048;1;1;2;0.326076859823359;0.730736464201561;0.690154113305911;1;1;2;2869.82425852147;2651.1208499336;27.4670208056662;2864.75637504904;2656.75402118478;26.6080816006277;2876.48625180897;2657.88133140376;23.0072358900145
S3_Ivana-Field-21-Airyscan3DProcessed;21;414.736448;2;2;3;0.597353690004112;0.663802205523222;0.0760751291140178;1;2;3;1269.06462925852;35.25250501002;17.3421843687375;1277.23575331772;22.8672911787666;16.8590944574551;1278.52822240944;21.8871103622578;16.575400168492
S3_Ivana-Field-21-Airyscan3DProcessed;22;166.549152;0;0;0;NaN;NaN;NaN;NaN;NaN;NaN;NaN;NaN;NaN;NaN;NaN;NaN;NaN;NaN;NaN
S3_Ivana-Field-21-Airyscan3DProcessed;23;133.420896;0;1;1;NaN;NaN;NaN;NaN;NaN;NaN;NaN;NaN;NaN;NaN;NaN;NaN;NaN;NaN;NaN
S3_Ivana-Field-21-Airyscan3DProcessed;24;190.595552;0;1;1;NaN;NaN;NaN;NaN;NaN;NaN;NaN;NaN;NaN;NaN;NaN;NaN;NaN;NaN;NaN
S3_Ivana-Field-22-Airyscan3DProcessed;1;591.409504;5;2;0;NaN;NaN;NaN;NaN;NaN;NaN;NaN;NaN;NaN;NaN;NaN;NaN;NaN;NaN;NaN
S3_Ivana-Field-22-Airyscan3DProcessed;2;429.363872;1;1;2;3.82344471608927;5.42171876328473;3.52061336697124;1;1;2;972.907216494845;1267.69175257732;18.6907216494845;918.234124438743;1221.11738293778;36.7119948685054;890.334932821497;1293.70825335893;48.4884836852207
S3_Ivana-Field-22-Airyscan3DProcessed;3;446.447456;2;2;1;0.295164629761703;0.65699291883488;0.449263555366174;2;2;1;1098.69855939114;2088.06632237021;42.7741234030987;1102.53317393903;2089.6646742379;41.0316796174537;1103.75237618809;2082.3731865933;38.615807903952
S3_Ivana-Field-22-Airyscan3DProcessed;4;923.025152;6;6;6;0.0659991400694708;0.201328813228223;0.160686502427572;2;2;1;2025.99509403107;2739.91659852821;26.3340147179068;2025.0443305187;2738.68184559711;26.1791314837153;2025.95692307692;2736.88307692308;25.1865384615385
S3_Ivana-Field-22-Airyscan3DProcessed;4;923.025152;6;6;6;0.0604820135997187;0.298920648460249;0.343256228237799;3;5;4;2004.71694480103;2707.38575096277;40.0568035943517;2004.12023217247;2707.78524046434;39.6766169154229;1998.81372012406;2711.69220945083;39.6093778507572
S3_Ivana-Field-22-Airyscan3DProcessed;4;923.025152;6;6;6;1.89507522381881;1.49181677231532;0.263754007077785;4;6;6;2008.8623853211;2544.7377675841;41.0802752293578;2025.91803278689;2566.96721311475;51.9956284153005;2024.57550077042;2559.30508474576;49.8020030816641
S3_Ivana-Field-22-Airyscan3DProcessed;4;923.025152;6;6;6;0.708583687430583;0.869992028077184;0.43718647122106;5;4;3;1846.54953846154;2738.95507692308;41.7636923076923;1843.44994375703;2743.55961754781;36.9572553430821;1835.42462987887;2741.07267833109;36.4582772543742
S3_Ivana-Field-22-Airyscan3DProcessed;6;1507.943808;2;4;4;0.177289985801583;0.72011356440497;0.608612126882376;1;1;2;1124.23739653875;2647.24341610233;27.3118886380737;1124.50363119672;2642.95011051468;27.0066308809599;1127.39436619718;2638.15395823215;22.9645458960661
S3_Ivana-Field-22-Airyscan3DProcessed;6;1507.943808;2;4;4;3.70457952446344;4.89344791517068;3.09984386507612;2;3;4;781.466815571155;2475.04435226548;42.7686662412253;828.709016393443;2552.89344262295;47.593237704918;763.265656565657;2592.13232323232;51.459595959596
S3_Ivana-Field-22-Airyscan3DProcessed;7;1282.484448;1;5;1;1.40797988647316;1.52558844898697;0.25363042985057;1;5;1;2743.59348198971;2395.44339622642;47.048885077187;2768.65585331453;2409.65726375176;41.2717442407146;2769.4257719715;2406.625;39.6959619952494
S3_Ivana-Field-22-Airyscan3DProcessed;8;1126.58112;3;3;5;0.0842133623281238;0.11927523766779;0.127095813302994;1;2;3;2828.09624183007;1410.15343137255;29.0011437908497;2826.20040322581;1409.96834677419;28.7449596774194;2827.89082733813;1412.48525179856;28.473381294964
S3_Ivana-Field-22-Airyscan3DProcessed;9;1302.981568;4;4;2;4.26890365539074;0.599638604724079;4.25056011726385;2;2;1;257.892114695341;1371.6935483871;30.5781362007168;348.773154075971;1427.37537345284;32.1399914639351;257.306186868687;1376.92297979798;26.5675505050505
S3_Ivana-Field-22-Airyscan3DProcessed;10;1596.273728;4;5;3;0.244679115031302;0.536801689902105;0.354629008784312;2;1;2;1764.02883156297;893.415781487102;17.89468892261;1759.29939963456;896.186113286348;17.1187679457061;1758.80377358491;898.540377358491;14.6807547169811
S3_Ivana-Field-22-Airyscan3DProcessed;10;1596.273728;4;5;3;0.33401052831355;0.96823974923799;0.874974857105888;4;3;1;1823.73975832597;1203.24992631889;18.8986147951665;1821.33825944171;1195.38177339901;19.307881773399;1825.96647691335;1187.9247311828;13.5831752055661
S3_Ivana-Field-22-Airyscan3DProcessed;11;420.628544;1;2;0;NaN;NaN;NaN;NaN;NaN;NaN;NaN;NaN;NaN;NaN;NaN;NaN;NaN;NaN;NaN
S3_Ivana-Field-22-Airyscan3DProcessed;12;193.664576;1;1;1;0.110396141309486;0.397478556881383;0.296412577579885;1;1;1;2407.78541226216;2915.68498942918;40.5935517970402;2407.62409638554;2916.13373493976;39.8168674698795;2404.34320175439;2915.34100877193;37.9320175438597
S3_Ivana-Field-22-Airyscan3DProcessed;13;627.644864;3;3;1;0.345457501346865;0.330571453219211;0.0186153733760356;3;2;1;172.372621809745;2322.30116009281;39.0199535962877;179.448949502396;2326.14928123848;39.9100626612606;178.99021820918;2326.19751693002;39.8924003009782
S3_Ivana-Field-22-Airyscan3DProcessed;14;426.271552;2;3;2;0.295381188833554;0.587629698353937;0.616450310194484;1;2;2;475.263646490902;983.277757148162;34.4901596732269;472.526258205689;989.890590809628;35.0098468271335;473.1523118767;988.607434270172;30.6255666364461
S3_Ivana-Field-22-Airyscan3DProcessed;15;501.347616;2;2;0;NaN;NaN;NaN;NaN;NaN;NaN;NaN;NaN;NaN;NaN;NaN;NaN;NaN;NaN;NaN
S3_Ivana-Field-22-Airyscan3DProcessed;16;691.822432;2;2;0;NaN;NaN;NaN;NaN;NaN;NaN;NaN;NaN;NaN;NaN;NaN;NaN;NaN;NaN;NaN
S3_Ivana-Field-22-Airyscan3DProcessed;17;69.942208;0;0;0;NaN;NaN;NaN;NaN;NaN;NaN;NaN;NaN;NaN;NaN;NaN;NaN;NaN;NaN;NaN
S3_Ivana-Field-23-Airyscan3DProcessed;2;1276.750496;7;2;3;0.477514776987127;1.42766179203749;1.58212250247209;2;1;1;1104.76047619048;1528.88952380952;16.6609523809524;1109.98698060942;1520.66038781163;18.6296398891967;1108.09930220075;1557.57112184648;22.654857756307
S3_Ivana-Field-23-Airyscan3DProcessed;3;1195.266912;4;3;2;0.513626646493219;0.432515483893936;0.759699789380608;1;1;1;23.8529411764706;2814.40237797247;18.2928660826033;25.6433199089476;2825.4636666083;20.0845736298372;18.7730986800754;2816.88309239472;15.659333752357
S3_Ivana-Field-23-Airyscan3DProcessed;4;2533.350176;9;8;15;0.373851787065527;3.8591712259659;0.339361881833331;1;2;6;2415.16325757576;797.333712121212;16.7090909090909;2416.79820819113;803.011518771331;18.778156996587;2422.92769130999;705.787937743191;25.1235408560311
S3_Ivana-Field-23-Airyscan3DProcessed;4;2533.350176;9;8;15;0.256509281362375;0.437898679396682;3.99664419256056;2;1;1;2387.99173553719;1237.51900826446;15.9674931129477;2389.7405112316;1239.57591014717;14.3055770720372;2381.73768545994;1240.60712166172;13.5566765578635
S3_Ivana-Field-23-Airyscan3DProcessed;4;2533.350176;9;8;15;2.18374669973548;0.173264005350183;2.12666708894665;4;3;5;2378.59097360204;1280.46920238433;27.1300028384899;2430.65476190476;1269.73908730159;23.5763888888889;2379.14794889038;1280.09190764403;25.9074198610177
S3_Ivana-Field-23-Airyscan3DProcessed;4;2533.350176;9;8;15;0.130713281218479;0.315361344508883;0.215241196504459;8;5;9;2521.147702407;687.59409190372;40.7428884026258;2519.07068766808;685.094890510949;40.8413369189397;2514.20109689214;684.337751371115;40.2239488117002
S3_Ivana-Field-23-Airyscan3DProcessed;5;491.178912;2;1;2;0.510291352317129;1.14567934023453;0.756696630085282;1;1;1;2633.79164376031;2113.05002748763;22.7910940076965;2639.19972144847;2104.33231197772;20.6245125348189;2632.07944572748;2096.25127020785;16.1810623556582
S3_Ivana-Field-23-Airyscan3DProcessed;6;1259.84208;3;5;5;0.301780092522218;0.554529003566314;0.592734572435867;2;4;4;2603.52538071066;2504.63113367174;41.9390862944162;2609.1994047619;2501.76525297619;43.1000744047619;2604.61715686275;2492.43235294118;40.0833333333333
S3_Ivana-Field-23-Airyscan3DProcessed;7;459.90336;1;0;2;NaN;NaN;NaN;NaN;NaN;NaN;NaN;NaN;NaN;NaN;NaN;NaN;NaN;NaN;NaN
S3_Ivana-Field-23-Airyscan3DProcessed;8;1817.3456;8;5;6;0.7513406674887;1.27931168752044;1.05933674438892;7;4;5;455.924944812362;649.664459161148;46.4922737306843;458.562813102119;633.967437379576;43.642774566474;436.567915247824;639.860007567159;39.7790389708664
S3_Ivana-Field-23-Airyscan3DProcessed;9;156.088352;2;1;1;0.496539751608207;0.368236803846583;0.638478673833655;2;1;1;1444.4995196926;9.44860710854947;29.0518731988473;1435.59958071279;3.32809224318658;27.3039832285115;1450.60577288264;8.71895176604633;27.0945689327763
S3_Ivana-Field-23-Airyscan3DProcessed;10;297.141152;3;2;1;0.211374304577295;3.84219733202867;3.98007234502207;3;2;1;1701.09647779479;2649.68549004594;38.6912327718224;1702.09581646424;2647.43319838057;37.3556005398111;1631.08880455408;2710.60113851992;45.7753320683112
S3_Ivana-Field-23-Airyscan3DProcessed;11;479.5728;4;0;2;NaN;NaN;NaN;NaN;NaN;NaN;NaN;NaN;NaN;NaN;NaN;NaN;NaN;NaN;NaN
S3_Ivana-Field-23-Airyscan3DProcessed;13;134.90848;1;1;1;0.248489746622088;0.314451118784673;0.136083011551373;1;1;1;2900.75278293135;1351.75510204082;24.871521335807;2901.80524590164;1350.30819672131;23.1718032786885;2898.79519774011;1350.54449152542;22.7238700564972
S3_Ivana-Field-23-Airyscan3DProcessed;14;480.385696;1;1;1;2.44174991734979;5.00678202161176;2.77584288173354;1;1;1;607.570968780174;73.1573865465079;21.9092372063083;548.805034550839;81.2300098716683;17.7912142152024;482.5296404276;75.2332361516035;23.4149659863946
S3_Ivana-Field-23-Airyscan3DProcessed;15;524.599936;2;2;1;0.320338360973622;0.510889290435304;0.262024922734184;1;1;1;1314.44945848375;2507.83290355854;18.3158844765343;1308.07190265487;2511.41703539823;17.3849557522124;1305.1794188862;2509.16053268765;15.834382566586
S3_Ivana-Field-23-Airyscan3DProcessed;16;449.195712;3;1;4;0.725447745094981;0.376202192756561;0.429333739594383;2;1;2;1442.0786163522;564.149371069182;19.8042452830189;1448.39927331449;564.326201049657;24.6608800968914;1448.82396606575;565.716861081654;21.6224814422057
S3_Ivana-Field-23-Airyscan3DProcessed;17;565.397728;3;1;3;0.366808605464363;0.778576256954698;0.91135028371061;3;1;2;1986.95611285266;328.688087774295;25.2405956112853;1980.80844155844;327.63474025974;27.1612554112554;1986.35500650195;348.069787602948;24.7581274382315
S3_Ivana-Field-23-Airyscan3DProcessed;18;191.336768;0;0;1;NaN;NaN;NaN;NaN;NaN;NaN;NaN;NaN;NaN;NaN;NaN;NaN;NaN;NaN;NaN
S3_Ivana-Field-23-Airyscan3DProcessed;19;137.876928;0;0;1;NaN;NaN;NaN;NaN;NaN;NaN;NaN;NaN;NaN;NaN;NaN;NaN;NaN;NaN;NaN
S3_Ivana-Field-23-Airyscan3DProcessed;20;69.328672;1;0;1;NaN;NaN;NaN;NaN;NaN;NaN;NaN;NaN;NaN;NaN;NaN;NaN;NaN;NaN;NaN
S3_Ivana-Field-23-Airyscan3DProcessed;21;330.597344;2;1;1;0.253516456181498;0.526454083038422;0.359383134991966;2;1;1;1805.51606425703;2207.7921686747;36.8192771084337;1805.72459770115;2209.00229885057;35.0427586206897;1810.22017673049;2203.20397643594;33.5611192930781
S3_Ivana-Field-24-Airyscan3DProcessed;1;2539.26848;10;11;9;0.307051027376985;0.472696069002989;0.374110874217996;4;2;2;86.2426322163908;2131.9196608801;19.0686314089625;88.1470076980382;2135.23541097591;17.1668736031785;85.9665492957746;2127.14172535211;15.981514084507
S3_Ivana-Field-24-Airyscan3DProcessed;1;2539.26848;10;11;9;0.497668400530884;0.660913831748082;1.03831313625526;5;5;4;535.923487976682;2070.35365557445;28.9460772407093;527.58785942492;2063.39217252396;30.6805111821086;533.837282074207;2077.77872150201;24.7711220384443
S3_Ivana-Field-24-Airyscan3DProcessed;1;2539.26848;10;11;9;2.11803985230805;1.96142214793824;0.437504842389109;7;6;7;291.257380073801;1979.82426199262;31.1379151291513;315.878932968536;2026.04103967168;33.3803009575923;322.016680567139;2017.02251876564;33.6063386155129
S3_Ivana-Field-24-Airyscan3DProcessed;1;2539.26848;10;11;9;0.417855210433042;2.02592849250583;2.3146216497155;8;7;6;480.706831119545;1858.38425047438;33.1290322580645;470.775489186406;1860.56642636457;32.4449021627188;522.858220211161;1866.17194570136;25.420814479638
S3_Ivana-Field-24-Airyscan3DProcessed;1;2539.26848;10;11;9;1.82590791672532;2.23719291613582;0.715292539183216;9;9;8;509.519300361882;1562.80277442702;39.1724969843185;464.327338129496;1558.17482014388;40.4496402877698;454.210706638116;1568.94946466809;37.5734475374732
S3_Ivana-Field-24-Airyscan3DProcessed;2;2469.954592;6;5;4;0.444405730282622;0.599590385714984;0.689596680881963;3;3;3;1223.16750113792;1170.64360491579;37.9285389167046;1216.54915590864;1168.55312810328;35.4498510427011;1214.72351343193;1168.77512828252;34.4304255961364
S3_Ivana-Field-24-Airyscan3DProcessed;2;2469.954592;6;5;4;8.52913006599325;7.95584515085745;0.160563011859405;4;1;1;1452.13488520408;791.871173469388;39.2257653061224;1411.70166163142;980.874622356495;13.4969788519637;1410.12656147272;970.721564760026;17.4523339907955
S3_Ivana-Field-24-Airyscan3DProcessed;2;2469.954592;6;5;4;1.04919353152712;2.06145723333189;1.08357256004907;6;5;4;1265.58550231087;1520.14765263926;49.6942349793238;1279.92446319018;1515.05828220859;43.5897239263804;1289.86060606061;1522.66565656566;36.7252525252525
S3_Ivana-Field-24-Airyscan3DProcessed;3;1641.740576;8;6;8;0.375486527088779;0.888316795797792;0.796309827769513;4;2;4;1352.57135898685;2710.42328300049;23.5538236726741;1348.63197026022;2705.83234200743;21.5029739776952;1361.82108317215;2713.52998065764;17.8539651837524
S3_Ivana-Field-24-Airyscan3DProcessed;3;1641.740576;8;6;8;0.339943485405224;0.767199007043083;0.749460434890608;5;3;2;1258.34174153421;2461.24844505874;27.7460262612301;1257.03912111468;2467.59860664523;26.1757770632369;1265.0653638814;2455.04784366577;22.9292452830189
S3_Ivana-Field-24-Airyscan3DProcessed;3;1641.740576;8;6;8;0.457567673313246;2.76112459935352;0.276060273012282;6;5;7;1537.63619518221;2710.59295861643;26.9437924644843;1529.8431372549;2718.23725490196;27.9205882352941;1469.22657450077;2702.45238095238;28.1804915514593
S3_Ivana-Field-24-Airyscan3DProcessed;3;1641.740576;8;6;8;0.372487188420246;0.48985493978831;2.50578767176102;7;4;6;1122.24477958237;2422.37877030162;29.5319025522042;1130.86549707602;2420.02485380117;28.7836257309942;1129.97911938266;2420.99727644122;26.8479346345892
S3_Ivana-Field-24-Airyscan3DProcessed;4;1028.497344;5;6;3;0.441430258221088;0.583530622693792;0.264759576932711;1;1;1;2380.68717504333;2560.69064124783;12.5025996533795;2384.14292659212;2561.10549343704;9.51045211473019;2379.47202106649;2564.01184990125;8.45885450954575
S3_Ivana-Field-24-Airyscan3DProcessed;4;1028.497344;5;6;3;0.858960280615411;0.592786178963195;0.828325497321789;3;4;2;2482.9011113204;2388.18986626483;23.5053682426069;2493.5262919311;2379.87307343608;28.2783318223028;2488.69071497897;2374.83629893238;22.7081850533808
S3_Ivana-Field-24-Airyscan3DProcessed;5;893.69056;3;3;2;0.586914769930879;0.620355002000635;0.303136910455036;1;1;1;529.574251497006;2674.71017964072;39.6724550898204;515.049948612539;2674.26310380267;39.0912641315519;517.145705869023;2670.46589621573;37.3156582823476
S3_Ivana-Field-24-Airyscan3DProcessed;5;893.69056;3;3;2;0.893842836555496;1.15939415965898;0.638995859043594;3;3;2;737.650382186773;2700.22499169159;49.6400797607178;729.46112886049;2700.25346112886;43.6996805111821;740.813697040046;2691.11462565293;41.8305281485781
S3_Ivana-Field-24-Airyscan3DProcessed;6;943.75904;3;4;5;0.618133609657962;0.685758936072757;0.544014656998224;2;2;2;824.722734254992;1643.69278033794;27.9493087557604;835.844160104987;1651.79888451444;25.9409448818898;836.647806738716;1638.93134138589;24.7037507946599
S3_Ivana-Field-24-Airyscan3DProcessed;7;763.040096;2;2;2;1.84714822695904;1.57748304336185;1.32646018760445;1;1;1;2814.20841889117;372.064681724846;35.9707392197125;2854.69363032435;351.405236420477;33.6389214536929;2829.1228555617;350.206972883232;27.6159380188157
S3_Ivana-Field-24-Airyscan3DProcessed;7;763.040096;2;2;2;0.798511725462766;0.847225945049341;1.49907118530249;2;2;2;2874.17737296261;59.1994247363375;34.8600191754554;2854.81292749658;59.9907660738714;36.2274281805746;2884.03870043;51.3850931677019;29.9918776875299
S3_Ivana-Field-24-Airyscan3DProcessed;8;559.083392;2;2;2;0.518465030643176;0.84634425591134;0.67866782245589;1;1;1;66.6658696951584;2439.77824267782;34.6198445905559;76.17024;2446.7712;33.08736;68.3652575957728;2445.29458388375;28.8038309114927
S3_Ivana-Field-24-Airyscan3DProcessed;8;559.083392;2;2;2;0.341408668375376;0.503562131568448;0.436725130547048;2;2;2;85.0601503759399;2501.92815371763;50.7719298245614;77.9231994901211;2506.60930528999;50.7644996813257;73.701226993865;2496.58159509202;50.5049079754601
S3_Ivana-Field-24-Airyscan3DProcessed;9;366.41696;1;1;1;4.44025488657478;4.28432293971279;0.393654214524817;1;1;1;536.589327146172;1080.70649651972;27.3776102088167;439.488294314381;1100.05797101449;13.0367892976589;447.412547528517;1103.85646387833;11.7709125475285
S3_Ivana-Field-24-Airyscan3DProcessed;10;423.407936;1;2;3;0.614120337824936;3.46568263975502;3.2388007282089;1;2;3;2140.65840660805;132.945110578204;28.0935251798561;2147.54128929142;143.949120937666;30.4366009589771;2097.25023877746;207.404011461318;30.6241642788921
S3_Ivana-Field-24-Airyscan3DProcessed;12;757.222144;2;4;3;3.36288611883399;3.32427703876653;0.325877268808329;1;2;2;2163.82527881041;1217.94795539033;13.4894671623296;2145.94251171971;1199.81100419442;36.3811991117691;2138.42110552764;1199.6864321608;35.4874371859297
S3_Ivana-Field-24-Airyscan3DProcessed;12;757.222144;2;4;3;3.62027256109675;3.62953552843683;0.632758150420875;2;3;3;2298.49414715719;1313.83361204013;24.9013377926421;2262.79897959184;1249.17551020408;39.8479591836735;2264.9685767098;1239.57116451017;36.3105360443623
S3_Ivana-Field-24-Airyscan3DProcessed;13;546.66304;1;2;2;3.58532036706039;2.55374186006555;4.61784882402331;1;2;1;2742.08142777468;2091.12046848857;26.9419966536531;2678.84615384615;2033.95026026605;19.0294968189705;2791.7426199262;2053.2241697417;23.1771217712177
S3_Ivana-Field-24-Airyscan3DProcessed;14;468.322848;1;0;0;NaN;NaN;NaN;NaN;NaN;NaN;NaN;NaN;NaN;NaN;NaN;NaN;NaN;NaN;NaN
S3_Ivana-Field-24-Airyscan3DProcessed;15;480.3176;1;1;1;0.196241225625449;6.43083764449314;6.38984863066952;1;1;1;1147.26945126945;457.411957411957;43.8624078624079;1146.54016445288;460.554712207464;44.9184060721063;1212.13130699088;593.690577507599;28.0358662613982
S3_Ivana-Field-24-Airyscan3DProcessed;16;323.993152;0;1;2;NaN;NaN;NaN;NaN;NaN;NaN;NaN;NaN;NaN;NaN;NaN;NaN;NaN;NaN;NaN
S3_Ivana-Field-25-Airyscan3DProcessed;1;501.546752;3;2;3;0.772746115243336;2.55487377624457;1.89788637520756;1;1;1;564.774350086655;2614.50294627383;19.5081455805893;563.823081110506;2597.42406096897;22.0734893848666;586.103957075788;2555.73440643863;23.2434607645875
S3_Ivana-Field-25-Airyscan3DProcessed;1;501.546752;3;2;3;2.34027928778192;2.62072943605039;3.2033014464624;3;2;2;523.48156899811;2561.76039697543;40.5793950850662;499.959586466165;2600.33458646617;51.2001879699248;482.833333333333;2593.09892473118;28.944623655914
S3_Ivana-Field-25-Airyscan3DProcessed;2;782.760608;2;4;3;0.285522553724743;0.51638842487776;0.260728354354026;1;1;1;819.541158915693;1394.957224571;47.461825416563;820.485793311541;1396.93613276339;45.5209957254212;821.842852732325;1394.52701451065;43.8345168261809
S3_Ivana-Field-25-Airyscan3DProcessed;2;782.760608;2;4;3;0.281761161810261;0.432147979425214;0.385650712671067;2;2;2;849.973927670311;1377.02186711522;51.932716568545;851.886235955056;1381.06994382022;50.3789325842697;843.909210526316;1376.94013157895;49.3782894736842
S3_Ivana-Field-25-Airyscan3DProcessed;3;801.667328;2;0;2;NaN;NaN;NaN;NaN;NaN;NaN;NaN;NaN;NaN;NaN;NaN;NaN;NaN;NaN;NaN
S3_Ivana-Field-25-Airyscan3DProcessed;4;913.167136;3;4;3;0.758630179639162;0.960569701788358;0.266011085121248;2;4;3;2037.00186567164;1225.56343283582;44.134328358209;2043.20367610532;1243.38201689021;44.6865375062096;2038.22157603955;1247.36231462634;41.277115440535
S3_Ivana-Field-25-Airyscan3DProcessed;4;913.167136;3;4;3;3.33286999818375;3.39322375936552;0.541198723874285;3;2;1;1696.98394004283;989.785867237687;49.7184154175589;1656.53032440056;1044.83921015515;36.0902679830748;1658.57450710683;1042.99816597891;34.3603851444292
S3_Ivana-Field-25-Airyscan3DProcessed;5;333.909184;3;3;2;0.295534112845253;0.863728695969476;0.659777113959024;3;3;1;101.223592493298;1637.4836461126;37.3651474530831;100508;1633.941;35524;87.4389246054939;1635.06604324956;32.666861484512
S3_Ivana-Field-25-Airyscan3DProcessed;6;1178.982112;6;4;3;0.226604771167865;4.60410354226096;4.687112901781;2;3;1;1198.38063694268;1477.05579617834;21.7643312101911;1199.68524382521;1476.8841038632;20.1899936668778;1146.79538216561;1576.73964968153;29.0525477707006
S3_Ivana-Field-25-Airyscan3DProcessed;6;1178.982112;6;4;3;1.58656362906527;1.37617569322881;0.665485101483602;5;4;3;1468.93244444444;1640.11022222222;44.4804444444444;1475.5111976631;1605.95326192795;49.9259980525803;1463.12859304085;1607.15935451336;46.7700453857791
S3_Ivana-Field-25-Airyscan3DProcessed;7;444.9648;3;3;4;0.16232689804174;2.26959006386372;2.38145272780248;1;1;3;1793.15105667627;2574.37632084534;27.2127761767531;1791.95275229358;2571.96651376147;26.3449541284404;1839.42067553736;2606.43398157625;29.2497441146366
S3_Ivana-Field-25-Airyscan3DProcessed;7;444.9648;3;3;4;0.220848357757844;0.527161336608978;0.375397395788639;2;2;1;1904.57789779809;2654.53302866639;28.4702949729954;1900.75595238095;2652.28246753247;27.5308441558442;1903.02571166208;2647.52571166208;25.3122130394858
S3_Ivana-Field-25-Airyscan3DProcessed;7;444.9648;3;3;4;0.117371375546561;0.170189376488122;0.0975327521555599;3;3;4;1822.32004904966;2766.20600858369;35.1256897608829;1820.93721286371;2767.77794793262;34.5382848392037;1822.16129032258;2767.29755283649;33.9516129032258
S3_Ivana-Field-25-Airyscan3DProcessed;9;486.242176;2;1;1;0.419136871696511;0.357249228989195;0.619856377960583;1;1;1;2416.29469901168;1637.65318957772;16.2291105121294;2410.21603498542;1646.18454810496;16.3008746355685;2418.10036978341;1636.22979397781;13.7633386159535
S3_Ivana-Field-25-Airyscan3DProcessed;10;420.153664;2;1;2;0.301355367879011;0.295402607117111;0.281550301727104;2;1;1;2412.41634241245;2074.63164721141;31.8339818417639;2410.224858002;2080.16805880388;30.5152021383228;2411.9272467903;2073.90192582026;29.7389443651926
S3_Ivana-Field-25-Airyscan3DProcessed;11;1396.920224;4;7;5;0.576712543533648;1.23051686221766;1.0375645947142;1;4;3;2224.57901944673;423.723363462065;36.6559846617365;2224.24783653846;423.892788461538;32.5379807692308;2227.90243902439;449.490372272144;31.9492939666239
S3_Ivana-Field-25-Airyscan3DProcessed;11;1396.920224;4;7;5;0.660642394436121;0.646444930792761;0.771404626243883;4;7;5;2392.2677484787;309.596754563895;50.5436105476673;2387.86548672566;325.510619469027;50.653982300885;2399.11344743276;316.889975550122;46.9168704156479
S3_Ivana-Field-25-Airyscan3DProcessed;12;296.959712;2;3;2;0.477147455536804;0.728042302772623;0.260479042741962;2;2;1;253.227298686465;115.612792689891;34.4106225014278;243.6625;114.22380952381;32.4130952380952;238.809108527132;111.375968992248;31.4767441860465
S3_Ivana-Field-25-Airyscan3DProcessed;13;1062.841248;3;3;0;NaN;NaN;NaN;NaN;NaN;NaN;NaN;NaN;NaN;NaN;NaN;NaN;NaN;NaN;NaN
S3_Ivana-Field-25-Airyscan3DProcessed;14;597.57488;2;4;2;0.590655898683205;1.04367485451822;0.474066377638383;1;1;1;2743.16474863719;1159.93821926105;18.6299212598425;2736.65596080566;1169.51007076756;16.0103429504627;2731.13532763533;1179.48290598291;15.0833333333333
S3_Ivana-Field-25-Airyscan3DProcessed;14;597.57488;2;4;2;0.252149878298563;3.92598761542946;3.9904350612269;2;3;2;2810.25419515227;1245.85518955873;34.8085767557489;2807.72791243159;1250.74394057858;33.9300234558249;2906.32750242954;1256.08260447036;29.8707482993197
S3_Ivana-Field-25-Airyscan3DProcessed;15;294.929376;1;2;2;0.515272857162419;0.424666414918877;0.685736174224495;1;2;2;211.223120837298;615.02901998097;38.6127497621313;219.614626556017;616.176867219917;41.3858921161826;218.114845938375;618.724556489262;36.5611577964519
S3_Ivana-Field-25-Airyscan3DProcessed;16;990.112704;5;7;6;0.198467237760176;0.539901935034312;0.747933231188323;1;3;3;931.056301983365;623.227767114523;22.8413307741523;935.031763417306;621.555312157722;23.5421686746988;933.72319201995;631.868661679135;19.978387364921
S3_Ivana-Field-25-Airyscan3DProcessed;16;990.112704;5;7;6;0.381452438690059;1.04661083500389;0.649503340648353;2;2;2;1239.13047910296;387.452599388379;23.2945973496432;1238.36831132731;396.100069492703;22.1667824878388;1228.9263502455;402.644844517185;17.9517184942717
S3_Ivana-Field-25-Airyscan3DProcessed;16;990.112704;5;7;6;0.126722190110429;0.344121995510111;0.253890583915322;4;6;5;943.539689295595;309.532666524792;34.5905511811024;943.038247995065;307.331276989513;33.9555829734732;942.245483528162;308.397449521785;32.182252922423
S3_Ivana-Field-25-Airyscan3DProcessed;18;58.363872;1;0;0;NaN;NaN;NaN;NaN;NaN;NaN;NaN;NaN;NaN;NaN;NaN;NaN;NaN;NaN;NaN