image_ID;DAPI_ID;DAPI_volume;nFC1;nFC2;nFC3;MNN_D_FC1FC2;MNN_D_FC1FC3;MNN_D_FC2FC3;ID_FC1;ID_FC2;ID_FC3;xFC1;yFC1;zFC1;xFC2;yFC2;zFC2;xFC3;yFC3;zFC3
S4_Ivana-Field-01-Airyscan3DProcessed;1;721.078624;4;5;3;0.396700686760539;0.980477959580892;0.611853605413719;2;1;1;216.607457898958;1947.7016840417;26.0549318364074;217.829198473282;1938.32251908397;25.2027671755725;213;1923.90152284264;24.7340101522843
S4_Ivana-Field-01-Airyscan3DProcessed;1;721.078624;4;5;3;0.193227329346971;0.753369504173252;0.565403464174689;3;2;2;408.332718043378;1758.03922473466;30.2639593908629;409.088383838384;1753.85921717172;29.6066919191919;412.81387283237;1743.94219653179;26.9329479768786
S4_Ivana-Field-01-Airyscan3DProcessed;1;721.078624;4;5;3;0.0597081381634705;0.484067036970897;0.523766923193891;4;4;3;286.940317460317;1889.38603174603;39.4444444444444;287.095701540957;1889.38929440389;39.8686131386861;289.446776039679;1898.15604731019;37.172071728348
S4_Ivana-Field-01-Airyscan3DProcessed;2;806.41456;4;3;3;0.445036121016681;0.327039795851279;0.194087360142026;1;1;2;1682.02665121669;1861.61066048667;42.0046349942063;1673.58713355049;1857.37622149837;40.3232899022801;1676.8907480315;1860.9030511811;40.1983267716535
S4_Ivana-Field-01-Airyscan3DProcessed;2;806.41456;4;3;3;0.888193936386423;1.20000799007284;0.368028194911786;3;2;3;1497.28877005348;1790.18288770053;50.2112299465241;1506.5138223369;1792.83118319204;44.4902322152599;1504.52895480226;1792.67867231638;41.9237288135593
S4_Ivana-Field-01-Airyscan3DProcessed;3;447.661088;2;3;1;1.47310707190912;1.65878958850253;0.455659959627249;1;1;1;2575.08876811594;2159.65307971014;29.8913043478261;2597.56461644782;2158.07809260539;21.5680718728404;2590.86906951085;2158.56454578889;18.9385803604266
S4_Ivana-Field-01-Airyscan3DProcessed;4;1431.904992;5;4;4;0.5243577258039;2.19753530822272;2.43637988637324;1;2;2;414.927634774162;418.599320058281;32.3661971830986;419.461920529801;428.692052980132;30.3576158940397;362.431719965428;407.934745030251;28.8824546240277
S4_Ivana-Field-01-Airyscan3DProcessed;4;1431.904992;5;4;4;0.405568844977874;0.521683810542606;0.312329892435844;4;4;3;559.907484407484;571.692307692308;49.2962577962578;555.758949880668;576.814319809069;47.0949880668258;562.357627885921;576.513354459031;45.9053870529651
S4_Ivana-Field-01-Airyscan3DProcessed;5;483.343392;2;1;2;0.324998848404864;0.990907262101681;0.944938009277321;2;1;2;1129.5416227608;2456.33140147524;40.8013698630137;1122.3231913455;2453.18593644354;41.3739012846518;1124.1926286509;2438.71349095967;36.0660639777469
S4_Ivana-Field-01-Airyscan3DProcessed;7;1455.240416;2;5;5;0.106057766140899;0.220458184948322;0.13159380165534;2;5;5;1045.06444589593;310.93054648378;52.3376877857609;1043.55657036347;312.464305684995;51.8946877912395;1042.48858346265;312.353136776768;51.0062070494347
S4_Ivana-Field-01-Airyscan3DProcessed;8;2102.385152;10;8;9;0.447201751299369;0.561769843421499;0.531986470343691;1;1;1;2731.04691358025;772.02304526749;22.2962962962963;2741.62443946188;771.330044843049;21.2809417040359;2733.53265720081;774.666125760649;18.419878296146
S4_Ivana-Field-01-Airyscan3DProcessed;8;2102.385152;10;8;9;0.294240479006752;0.424989033284654;0.549258767987045;2;2;3;2504.61716489875;795.987463837994;28.1128254580521;2511.4118426867;793.169686257181;28.1294741493593;2499.31252709146;787.068487212831;28.7641959254443
S4_Ivana-Field-01-Airyscan3DProcessed;8;2102.385152;10;8;9;0.296243123012287;0.635644637346588;0.610458493612853;3;3;2;1820.44571428571;752.740317460317;29.7561904761905;1814.61066666667;756.886666666667;29.2133333333333;1820.95895330939;755.256028732683;25.2755259107234
S4_Ivana-Field-01-Airyscan3DProcessed;8;2102.385152;10;8;9;0.641105364757656;0.713084425427023;0.40721028175493;7;4;7;2115.30780277645;789.448061273337;40.661081857348;2121.51889714994;784.273543990087;36.7069392812887;2111.8786407767;785.211974110032;35.8114886731392
S4_Ivana-Field-01-Airyscan3DProcessed;8;2102.385152;10;8;9;0.38174665084242;0.758375399053948;0.424879821711149;10;8;9;1857.99028452464;834.221374045802;50.5759888965996;1856.65708418891;841.657084188912;48.9096509240246;1857.69511355816;852.227804542326;48.8823124569855
S4_Ivana-Field-01-Airyscan3DProcessed;9;465.92336;3;2;0;NaN;NaN;NaN;NaN;NaN;NaN;NaN;NaN;NaN;NaN;NaN;NaN;NaN;NaN;NaN
S4_Ivana-Field-01-Airyscan3DProcessed;10;794.102848;3;3;3;0.29172787461466;0.317730704167904;0.153168778838221;1;1;1;2445.80167014614;2685.47599164927;23.3897007654836;2449.17073888725;2680.27318221961;24.4877833382396;2447.6289092296;2677.85659801678;23.7623951182304
S4_Ivana-Field-01-Airyscan3DProcessed;12;70.734272;1;1;0;NaN;NaN;NaN;NaN;NaN;NaN;NaN;NaN;NaN;NaN;NaN;NaN;NaN;NaN;NaN
S4_Ivana-Field-01-Airyscan3DProcessed;13;423.313184;2;2;2;0.962394066160816;1.02895775237438;0.472329238872224;1;2;2;1587.37443070917;1368.31180871828;38.4715354586858;1594.5960591133;1388;35.1018062397373;1595.80405405405;1389.50225225225;35.0713213213213
S4_Ivana-Field-01-Airyscan3DProcessed;13;423.313184;2;2;2;0.487638475370102;0.745497445933893;0.0772258806551838;2;1;1;1501.18406889128;1418.71474703983;40.0570505920344;1495.9530726257;1414.04469273743;37.2078212290503;1494.06517690875;1423.71322160149;35.3476101800124
S4_Ivana-Field-01-Airyscan3DProcessed;14;359.751168;4;2;2;0.249846691111074;1.15391729175417;1.00096228702928;2;2;1;2733.08363903155;2769.68158473955;29.6764490095378;2737.10061919505;2769.08707430341;28.3204334365325;2747.76561085973;2747.21176470588;26.6561085972851
S4_Ivana-Field-02-Airyscan3DProcessed;1;1210.807808;6;3;3;0.895314857372795;0.834805210021839;0.368943792055325;5;2;1;707.323717948718;469.26282051282;50.4128205128205;709.15811309158;469.692839582053;44.0404118008605;702.153365521159;464.331155921613;44.8102811701221
S4_Ivana-Field-02-Airyscan3DProcessed;1;1210.807808;6;3;3;0.728937559303186;0.807014446168291;0.0867036449396983;6;3;2;831.953333333333;329.351666666667;50.5705555555556;825.326591314694;329.458655562165;45.7204045211184;825.506351292159;329.173455978975;45.1086289969339
S4_Ivana-Field-02-Airyscan3DProcessed;2;647.849664;2;3;3;0.641716503409929;0.512086372578373;0.449684553175998;1;1;1;1072.57507886435;2422.10757097792;27.1378548895899;1085.65553080921;2423.44172234595;24.5115070527097;1077.11966351209;2416.23049421661;24.1589905362776
S4_Ivana-Field-02-Airyscan3DProcessed;2;647.849664;2;3;3;0.23120459722976;0.532965808535504;0.338559922524636;2;3;3;1160.97331198292;2530.59220709901;45.4414198025087;1158.76337734538;2533.5361362057;44.1681723419041;1159.22811816193;2533.40426695842;41.753829321663
S4_Ivana-Field-02-Airyscan3DProcessed;3;411.704608;2;1;1;0.771596263335344;1.02919418968031;0.748222730110474;1;1;1;1280.81291390728;1897.27759381898;25.5347682119205;1287.47425952045;1881.88399153738;22.8127644569817;1279.73031026253;1889.80827366746;18.5067621320605
S4_Ivana-Field-02-Airyscan3DProcessed;4;311.455424;1;0;1;NaN;NaN;NaN;NaN;NaN;NaN;NaN;NaN;NaN;NaN;NaN;NaN;NaN;NaN;NaN
S4_Ivana-Field-02-Airyscan3DProcessed;5;1489.102272;7;8;6;0.586633664755263;0.71542613540435;0.499037017670485;1;3;2;2677.68790369935;1500.18173810922;30.8884321785085;2668.36469398078;1511.42943854325;30.5209914011128;2669.14438700148;1502.3253323486;26.4409158050222
S4_Ivana-Field-02-Airyscan3DProcessed;5;1489.102272;7;8;6;0.327934067151009;0.682124617145307;0.678137009714385;2;6;5;2549.23880597015;1222.61420171868;34.9244685662596;2544.76375404531;1229.39805825243;35.2330097087379;2549.21050737675;1231.87405541562;30.8330334652753
S4_Ivana-Field-02-Airyscan3DProcessed;5;1489.102272;7;8;6;3.5278256621423;3.54609053074818;0.648766973505943;6;1;1;2538.97592245153;958.421513445904;40.6069418386492;2602.48592592593;939.934814814815;23.9392592592593;2594.86977648202;931.375121477162;22.5286686103013
S4_Ivana-Field-02-Airyscan3DProcessed;5;1489.102272;7;8;6;0.661058155343003;1.14157272930827;0.567451642512106;7;8;6;2693.8247734139;1186.22280966767;50.2416918429003;2686.16572890026;1181.50281329923;46.2808184143222;2672.76634512326;1180.69131832797;44.9699892818864
S4_Ivana-Field-02-Airyscan3DProcessed;8;1870.034208;9;3;9;0.304159202663492;0.63250209212086;0.613515487037768;3;2;2;1958.59484978541;1050.83776824034;26.2454935622318;1962.42736077482;1057.14043583535;26.7730024213075;1956.42886812046;1060.45171339564;22.7123572170301
S4_Ivana-Field-02-Airyscan3DProcessed;8;1870.034208;9;3;9;0.575011985465362;0.33789210232409;0.631106655676772;4;1;4;1931.79226450405;711.81409856519;28.3605739238927;1929.83766233766;713.561688311688;24.3222402597403;1938.86876355748;715.982646420824;27.7960954446855
S4_Ivana-Field-02-Airyscan3DProcessed;8;1870.034208;9;3;9;0.161898650968678;0.602062756996602;0.521011628155744;9;3;5;2202.87557603687;1529.04045058884;46.9114183307732;2202.26905417814;1525.27134986226;46.5272421181512;2202.65504753282;1524.47125396107;42.8143956541421
S4_Ivana-Field-02-Airyscan3DProcessed;9;432.42752;3;2;3;1.09099062952302;0.950134006993336;0.209340858812072;3;2;1;2409.31331331331;487.028028028028;31.9399399399399;2415.2371349096;506.299026425591;37.1884561891516;2416.20694542877;505.465627214741;35.7384833451453
S4_Ivana-Field-02-Airyscan3DProcessed;11;283.57168;2;1;2;0.559031933359457;0.565981698434812;0.325402583462007;1;1;1;1204.61467079099;1470.48033583738;32.4918250110473;1193.73626760563;1473.91654929577;30.1852112676056;1197.0307486631;1480.97058823529;30.8592914438503
S4_Ivana-Field-02-Airyscan3DProcessed;12;403.578336;3;3;2;0.13031682121607;0.414953748469369;0.290869231192923;1;1;1;1575.32501861504;2373.1777736411;27.7135145197319;1575.62409249798;2372.15272922829;26.8340951868782;1577.22238232469;2372.38568683958;24.8083573487032
S4_Ivana-Field-02-Airyscan3DProcessed;12;403.578336;3;3;2;0.482507460478939;0.628062506892484;0.147241249885779;3;3;2;1592.3367543297;2451.6144964721;50.1148171905067;1598.92076730609;2450.93494578816;47.23352793995;1601.00411861614;2450.11532125206;46.3986820428336
S4_Ivana-Field-02-Airyscan3DProcessed;14;88.353888;0;1;1;NaN;NaN;NaN;NaN;NaN;NaN;NaN;NaN;NaN;NaN;NaN;NaN;NaN;NaN;NaN
S4_Ivana-Field-03-Airyscan3DProcessed;1;3440.584672;13;14;13;3.7651718797018;1.44593358985447;0.861060388985162;1;3;5;1003.84210526316;1612.60964912281;21.8289473684211;1031.19522546419;1701.96286472149;25.0631299734748;1003.1401416325;1627.46664181886;31.2422661200149
S4_Ivana-Field-03-Airyscan3DProcessed;1;3440.584672;13;14;13;0.285766851103283;0.701960665947637;3.29957598940228;2;1;1;1274.32715770447;2343.10483506552;24.1893357433348;1269.71290197598;2337.84153428904;23.7807051530415;1289.69956002514;2341.81772470145;21.7988686360779
S4_Ivana-Field-03-Airyscan3DProcessed;1;3440.584672;13;14;13;1.84075186132796;1.54846768973755;0.739762134068857;8;14;12;960.538246789503;2054.76102735902;39.7197096594082;972.794912559618;2055.53179650238;52.3910969793323;971.354753053638;2055.15029208709;50.3390865639936
S4_Ivana-Field-03-Airyscan3DProcessed;1;3440.584672;13;14;13;1.78527234360815;1.6116140950522;0.600568765038717;9;9;10;1179.27794381351;2497.14136282128;40.3445905558876;1189.6557486631;2453.9699197861;41.6390374331551;1186.55634517766;2463.1116751269;46.146192893401
S4_Ivana-Field-03-Airyscan3DProcessed;1;3440.584672;13;14;13;0.464018806833934;0.697567957603359;0.440982339270895;11;11;9;1199.05073995772;2411.82135306554;50.2741367159972;1193.11644177911;2421.74912543728;50.0194902548726;1199.00044603033;2421.21320249777;46.0758251561106
S4_Ivana-Field-03-Airyscan3DProcessed;1;3440.584672;13;14;13;0.158430918644335;0.420084724973803;0.293397348709537;13;13;11;1272.87195425162;2490.6670810542;51.6887120835405;1275.36341263331;2493.37489745693;52.1074651353568;1273.03930280246;2496.17293233083;49.133971291866
S4_Ivana-Field-03-Airyscan3DProcessed;2;803.758816;5;4;1;2.71446584302256;2.69337312091177;0.277911136378065;3;3;1;31.7097872340426;1890.02468085106;27.371914893617;9.23942208462332;1829.46233230134;33.3137254901961;11.8671147880041;1831.5620475698;35.0506721820062
S4_Ivana-Field-03-Airyscan3DProcessed;3;563.246656;5;3;0;NaN;NaN;NaN;NaN;NaN;NaN;NaN;NaN;NaN;NaN;NaN;NaN;NaN;NaN;NaN
S4_Ivana-Field-03-Airyscan3DProcessed;4;1171.411584;4;2;6;3.36245576425475;3.68842100551329;1.3295147358;3;2;6;1365.61618257261;1287.82365145228;40.7707468879668;1446.39694148936;1309.20877659574;43.3809840425532;1452.07615230461;1285.749498998;49.9098196392786
S4_Ivana-Field-03-Airyscan3DProcessed;5;531.883968;2;3;0;NaN;NaN;NaN;NaN;NaN;NaN;NaN;NaN;NaN;NaN;NaN;NaN;NaN;NaN;NaN
S4_Ivana-Field-03-Airyscan3DProcessed;6;407.015616;2;2;2;0.482981519749836;0.638149798394953;0.193845121931088;1;1;1;2034.2284375;490.3453125;27.6003125;2025.98676012461;490.809190031153;25.082554517134;2024.21910955478;494.174087043522;24.223611805903
S4_Ivana-Field-03-Airyscan3DProcessed;6;407.015616;2;2;2;0.564122402211512;0.88653271420691;0.701181972891175;2;2;2;2159.8246097337;339.134986225895;30.4012855831038;2162.43090537781;325.277059223962;30.3304969366916;2155.44155844156;324.789915966387;25.7394957983193
S4_Ivana-Field-03-Airyscan3DProcessed;7;1241.97584;7;4;4;3.68710979109862;3.28477577532777;0.702908579835978;5;2;2;2511.12881679389;989.69465648855;40.6507633587786;2550.55707882942;1071.97416293172;36.9011336672818;2549.14022140221;1058.36439114391;33.7509225092251
S4_Ivana-Field-03-Airyscan3DProcessed;7;1241.97584;7;4;4;0.142325670247672;0.609140628744753;0.545850343013002;6;4;4;2384.60894227561;961.094761428095;46.2489155822489;2385.935;958.534166666667;45.6533333333333;2379.69194756554;958.729166666667;42.186797752809
S4_Ivana-Field-03-Airyscan3DProcessed;8;1345.514912;5;6;7;0.407411072049102;5.5136110855512;5.15737535758785;1;1;3;2743.90096618357;2919.14009661836;20.8462157809984;2735.63165626148;2913.65736320235;21.5038560411311;2647.28707718994;2875.76973113617;46.0550737207285
S4_Ivana-Field-03-Airyscan3DProcessed;8;1345.514912;5;6;7;0.511686845674885;5.12273123245162;4.83774080512852;2;2;5;2738.38630538264;2781.09520322226;24.825704870011;2726.59535333979;2783.54695062924;23.593417231365;2640.67857142857;2827.27232142857;44.4598214285714
S4_Ivana-Field-03-Airyscan3DProcessed;8;1345.514912;5;6;7;0.225281796616454;0.414880269494433;0.472613473951856;4;4;4;2491.15704658658;2615.15177263405;45.3606797538822;2491.73573200993;2611.22084367246;44.220223325062;2499.64122807018;2619.98771929825;44.3622807017544
S4_Ivana-Field-03-Airyscan3DProcessed;8;1345.514912;5;6;7;0.860391733115756;0.974807050901523;1.37784895758385;5;6;1;2649.10250620908;2684.46647098668;49.3477082862949;2645.71296296296;2705.18355119826;50.6873638344227;2642.98201438849;2685.66037170264;42.6166067146283
S4_Ivana-Field-03-Airyscan3DProcessed;11;325.781344;1;1;0;NaN;NaN;NaN;NaN;NaN;NaN;NaN;NaN;NaN;NaN;NaN;NaN;NaN;NaN;NaN
S4_Ivana-Field-03-Airyscan3DProcessed;12;91.495936;0;0;0;NaN;NaN;NaN;NaN;NaN;NaN;NaN;NaN;NaN;NaN;NaN;NaN;NaN;NaN;NaN
S4_Ivana-Field-03-Airyscan3DProcessed;13;74.180064;0;0;0;NaN;NaN;NaN;NaN;NaN;NaN;NaN;NaN;NaN;NaN;NaN;NaN;NaN;NaN;NaN
S4_Ivana-Field-03-Airyscan3DProcessed;14;264.684896;2;2;3;0.834625741904326;1.41596241064878;0.612976392611244;1;1;1;322.648406931246;1141.53269983231;38.5136948015651;326.168191721133;1146.60697167756;32.8191721132898;323.816568047337;1146.21449704142;28.4940828402367
S4_Ivana-Field-03-Airyscan3DProcessed;14;264.684896;2;2;3;0.675138722374459;1.11680502557405;1.60556234568314;2;2;2;352.89818468824;1166.05840568272;44.4048934490923;352.629813664596;1163.1149068323;49.1527950310559;362.425476034143;1148.40840446487;38.8555482600131
S4_Ivana-Field-03-Airyscan3DProcessed;15;194.490912;1;1;1;5.44407962975589;3.86533441274866;1.89875404440355;1;1;1;2816.3465679677;2333.60699865411;36.2415881561238;2895.52650176678;2223.32862190813;38.9964664310954;2887.12886969042;2269.67746580274;40.6760259179266
S4_Ivana-Field-03-Airyscan3DProcessed;16;50.122464;1;1;1;0.339077107453181;0.660578295860499;0.430656611178651;1;1;1;2860.78204370939;18.4057885410514;41.761961015948;2860.91389207807;25.7227324913892;40.5396096440873;2859.74614594039;25.2959917780062;37.4840698869476
S4_Ivana-Field-04-Airyscan3DProcessed;1;2503.32768;12;10;11;0.89710485236596;0.695082988687005;0.40431285182372;1;2;2;1522.17852522639;2443.71502494918;27.1077434854925;1499.84466019417;2442.90013869625;26.5707350901526;1527.68476621418;2436.20286576169;22.9162895927602
S4_Ivana-Field-04-Airyscan3DProcessed;1;2503.32768;12;10;11;0.567422371123634;0.900197350054864;1.25444704864533;2;1;1;1953.95445544554;2583.87079207921;26.2742574257426;1942.9051080926;2580.59709202219;23.9108475224794;1941.75780274657;2577.8879525593;21.1479400749064
S4_Ivana-Field-04-Airyscan3DProcessed;1;2503.32768;12;10;11;0.449778697675427;0.419933735525299;0.363414610924427;4;6;7;1772.88172992056;2363.8852603707;30.8676081200353;1783.63652173913;2362.51043478261;31.7191304347826;1781.04485776805;2369.16739606127;29.7363238512035
S4_Ivana-Field-04-Airyscan3DProcessed;1;2503.32768;12;10;11;0.589573304627552;0.450473928194685;0.654921977298049;5;4;3;2178.51433296582;2692.63726571114;31.9597574421169;2166.14239742558;2699.02976669348;30.5800482703138;2176.89521723257;2687.84665936473;29.0847024461482
S4_Ivana-Field-04-Airyscan3DProcessed;1;2503.32768;12;10;11;0.563399097710726;0.507743632358092;0.398382729477386;7;3;5;2268.48966942149;2761.95144628099;32.1911157024793;2271.25134611243;2775.14968770192;31.0282145164764;2270.63257065949;2768.75841184388;29.1917900403769
S4_Ivana-Field-04-Airyscan3DProcessed;1;2503.32768;12;10;11;0.159575414899678;0.657276373456337;0.697074316422016;8;7;8;2432.36906756002;2700.31044109436;34.4433277498604;2428.97046759639;2699.36341263331;34.9753896636587;2435.24302246426;2685.70319945541;32.4560925799864
S4_Ivana-Field-04-Airyscan3DProcessed;1;2503.32768;12;10;11;1.05301329443594;1.28884298866374;0.357386192734456;11;9;10;1399.71946169772;2603.38716356108;48.0786749482402;1410.67291967292;2627.20442520443;48.7657527657528;1419.45099818512;2628.78947368421;48.6197822141561
S4_Ivana-Field-04-Airyscan3DProcessed;1;2503.32768;12;10;11;0.190460249125259;0.322931133123572;0.149814561267808;12;10;11;1945.88457446809;2768.77021276596;51.4281914893617;1944.11307300509;2771.26451612903;50.3857385398981;1944.72015466409;2774.28129531174;49.7757370710488
S4_Ivana-Field-04-Airyscan3DProcessed;4;849.326464;5;4;3;5.16261255741156;4.8244115334778;0.42064131082045;1;1;1;696.749565217391;2211.92782608696;30.9817391304348;630.747368421053;2104.56390977444;23.0300751879699;638.065553494125;2111.29746444032;22.0531849103278
S4_Ivana-Field-04-Airyscan3DProcessed;4;849.326464;5;4;3;0.683320625997882;0.549342331593452;0.434317711433219;2;2;2;849.356192012908;2199.27067365873;40.0552642194433;834.336204336204;2199.38847638848;37.7303237303237;843.241271495571;2193.91036998437;36.8931735278791
S4_Ivana-Field-04-Airyscan3DProcessed;4;849.326464;5;4;3;0.567148295406629;1.10654983197491;0.566631460697133;5;4;3;562.988144635447;2364.22821576763;49.9164196799052;574.080103359173;2356.16968130922;48.8837209302326;580.558553696708;2345.60820291419;46.9217485159201
S4_Ivana-Field-04-Airyscan3DProcessed;5;275.424128;2;1;1;1.01899703514936;4.81046555671485;5.10879915470633;1;1;1;1143.52389705882;2388.20404411765;27.7509191176471;1165.01491918773;2401.82801491919;28.100290095317;1184.94594594595;2277.03400174368;33.3809938971229
S4_Ivana-Field-04-Airyscan3DProcessed;6;401.250304;2;1;2;0.318758591432208;0.383443100084597;0.489284527881173;2;1;2;1631.44338983051;307.088813559322;50.8142372881356;1638.66980181391;307.054753107155;49.8545515619751;1628.33682008368;312.047280334728;48.644769874477
S4_Ivana-Field-04-Airyscan3DProcessed;7;1733.1664;5;6;5;0.263134808153115;0.490553704887024;0.155635549258145;1;3;2;1857.43098745226;207.837152209493;31.0253682487725;1858.16787103947;213.77932184547;31.8037798777098;1865.12023000523;208.180345007841;28.2974385781495
S4_Ivana-Field-04-Airyscan3DProcessed;7;1733.1664;5;6;5;0.518459530279648;0.513333959090925;0.607013141014104;3;2;1;2001.80809156242;366.90976843226;32.2557891935055;2009.67772511848;373.611035883548;30.021327014218;2006.32434456929;375.497565543071;29.8559925093633
S4_Ivana-Field-04-Airyscan3DProcessed;8;347.960032;1;1;1;0.954358921512379;4.96274990897761;4.51893522030505;1;1;1;2169.679943101;725.826458036984;49.6908487434803;2164.65503875969;724.063676633444;43.0459579180509;2188.52228412256;621.821727019499;31.1281337047354
S4_Ivana-Field-04-Airyscan3DProcessed;9;891.808064;3;3;3;0.259986851606013;5.98936299979399;5.75259247357974;1;1;1;267.517711171662;2761.84377838329;22.9473206176203;263.616249361267;2756.66377107818;22.8221768012264;140.491926182238;2684.31718569781;27.6799307958477
S4_Ivana-Field-04-Airyscan3DProcessed;9;891.808064;3;3;3;0.461409685776452;1.11060527312904;0.951789680421039;2;2;2;553.647321428571;2762.5353422619;34.7027529761905;560.108769544527;2760.6390210741;37.3786539768865;557.047234307023;2737.07085146053;37.7116221255438
S4_Ivana-Field-04-Airyscan3DProcessed;9;891.808064;3;3;3;0.13487945523645;0.256668698042552;0.193332802647281;3;3;3;503.431346282652;2756.10247823175;49.8419290020094;503.037668408029;2753.58509760792;49.2108880945834;499.888852023889;2755.52687458527;48.3221632382216
S4_Ivana-Field-04-Airyscan3DProcessed;11;309.697024;1;1;2;0.277483196726812;0.500713302840143;0.40976949025396;1;1;1;696.113715710723;584.071321695761;29.886783042394;702.032114183765;587.250669045495;29.392952720785;697.686874011597;591.399051133369;27.0221402214022
S4_Ivana-Field-04-Airyscan3DProcessed;12;1783.566176;6;8;9;2.57317665060327;2.29411098924354;0.7534007423097;1;2;1;1106.11466666667;824.428666666667;33.6813333333333;1050.29147640791;840.392694063927;41.5951293759513;1052.00332667997;841.193280106454;36.2408516300732
S4_Ivana-Field-04-Airyscan3DProcessed;12;1783.566176;6;8;9;0.232083166338785;0.646624175338346;0.572017545781548;2;3;4;1120.01893373194;574.443447932237;41.8724464374689;1125.50709438618;575.726095003085;41.4787168414559;1123.92250712251;576.276353276353;37.4210826210826
S4_Ivana-Field-04-Airyscan3DProcessed;12;1783.566176;6;8;9;0.104107922497897;0.221704686725202;0.278500589145617;5;7;8;1205.4077294686;1066.90241545894;49.4531400966184;1202.96192893401;1066.67367657723;49.2073966642495;1209.13856427379;1065.5041736227;48.3522537562604
S4_Ivana-Field-04-Airyscan3DProcessed;12;1783.566176;6;8;9;0.345070585230246;4.07379831545465;4.20764107808149;6;8;9;1430.24047417443;973.101608806097;51.7129551227773;1435.75776926352;976.050234142188;50.0157513835675;1346.85619047619;1031.46857142857;52.7333333333333
S4_Ivana-Field-04-Airyscan3DProcessed;13;331.538368;1;2;1;0.334937420709826;0.617678826296096;0.812716873151227;1;1;1;930.373002523129;267.060134566863;47.2603027754415;925.091975308642;263.13024691358;48.7388888888889;926.555721393035;265.817910447761;43
S4_Ivana-Field-04-Airyscan3DProcessed;14;745.982944;3;2;2;0.521463166873218;0.627933719353834;0.288800885840817;3;2;2;2087.23565356004;1376.91020191286;32.8876195536663;2081.67320051414;1382.86439588689;29.9800771208226;2084.95373085696;1379.08276311502;28.4936461388074
S4_Ivana-Field-04-Airyscan3DProcessed;15;474.337248;2;2;3;0.256282671168537;0.306194101545456;0.52502957063865;1;1;2;1994.79592507394;1693.44725599737;28.319421623398;1992.06504702194;1691.18495297806;29.8440438871473;2000.1012154233;1691.20452640402;26.8788767812238
S4_Ivana-Field-04-Airyscan3DProcessed;15;474.337248;2;2;3;0.316495644750981;0.728094237293545;0.52767250412015;2;2;3;1910.92326139089;1876.23638232271;36.2130866735183;1907.44233233661;1875.84344297309;34.1860316104229;1912.26300148588;1867.03046062407;31.7429420505201
S4_Ivana-Field-04-Airyscan3DProcessed;16;299.54848;1;2;1;2.51705384312341;3.08290912669063;1.9380154125548;1;1;1;2234.18213058419;1066.20206185567;46.8735395189003;2195.37885095754;1029.82348043297;37.2664446294754;2188.66740971913;1004.40748996879;48.8947837717343
S4_Ivana-Field-04-Airyscan3DProcessed;17;375.430944;4;1;2;2.76940354084686;2.57731451150034;1.25994293174402;3;1;1;2436.6453362256;2108.21939882244;34.524171056709;2395.81293103448;2082.52586206897;20.335775862069;2397.07216494845;2113.98748159057;20.0898379970545
S4_Ivana-Field-04-Airyscan3DProcessed;18;456.188992;3;1;1;2.65451243034048;2.82060764721975;0.468232270374877;3;1;1;2364.29845123483;692.273754709083;43.2055253244035;2414.87867177522;726.681353767561;50.5555555555556;2416.34107285829;735.991192954363;48.5716573258607
S4_Ivana-Field-04-Airyscan3DProcessed;19;338.935968;1;1;1;2.53955750205027;3.93339482033395;1.84800651437529;1;1;1;2644.81225646475;1216.9975203684;48.9433227063408;2595.12643678161;1235.81609195402;39.0128465179175;2557.94081757169;1258.68334350214;43.3343502135448
S4_Ivana-Field-04-Airyscan3DProcessed;20;135.82016;2;1;1;0.242398631204361;0.0816399372286469;0.250686998037387;2;1;1;2862.54963357761;1396.74350433045;31.2451698867422;2864.4680974478;1391.55394431555;30.5388631090487;2862.95355299722;1397.59904724097;30.7284636760619
S4_Ivana-Field-04-Airyscan3DProcessed;21;342.187328;1;1;0;NaN;NaN;NaN;NaN;NaN;NaN;NaN;NaN;NaN;NaN;NaN;NaN;NaN;NaN;NaN
S4_Ivana-Field-04-Airyscan3DProcessed;22;154.672672;0;1;1;NaN;NaN;NaN;NaN;NaN;NaN;NaN;NaN;NaN;NaN;NaN;NaN;NaN;NaN;NaN
S4_Ivana-Field-05-Airyscan3DProcessed;1;1918.43904;8;4;7;0.242816223499043;0.689233968561804;0.48361482089456;3;1;4;1954.38222605695;1656.12424503883;36.7126833477135;1949.98623853211;1653.29816513761;35.8302752293578;1945.22651933702;1652.68181818182;32.6597187343044
S4_Ivana-Field-05-Airyscan3DProcessed;2;431.234048;1;1;3;0.329263207377273;0.454531916578573;0.28595250469233;1;1;2;143.029552715655;2893.11022364217;27.258785942492;147.955929123126;2891.43207632894;25.4366197183099;143.598918918919;2886.55459459459;24.6118918918919
S4_Ivana-Field-05-Airyscan3DProcessed;3;401.162944;3;1;2;0.419712312782307;2.32535685564901;2.30338475292926;2;1;2;113.950026867276;1849.29339065019;43.1950564212789;106.505997818975;1854.6808433297;41.7477280988731;147.981691368788;1889.839581517;36.3295553618134
S4_Ivana-Field-05-Airyscan3DProcessed;4;314.10176;2;2;2;0.287554427924266;0.825826883956559;0.854440068490485;1;1;2;1139.08149779736;397.63986784141;46.8226872246696;1142.27106741573;394.228230337079;45.2612359550562;1121.50528541226;389.519027484144;44.7748414376321
S4_Ivana-Field-05-Airyscan3DProcessed;5;2468.337536;7;11;6;0.636144464482915;0.633076976330235;0.701911706666867;4;8;4;2342.05517536356;2521.26603934987;49.8396065012831;2331.78169605374;2514.08144416457;47.0436607892527;2344.93697478992;2505.79171668667;49.3673469387755
S4_Ivana-Field-05-Airyscan3DProcessed;6;1369.38592;5;6;6;3.12314040966597;3.33214971812307;0.30790238972113;3;1;3;2589.42070030896;1502.64006179197;45.2435633367662;2549.24354066986;1558.72679425837;34.799043062201;2545.84444444444;1558.77984496124;32.8258397932817
S4_Ivana-Field-05-Airyscan3DProcessed;6;1369.38592;5;6;6;1.34753391975538;1.22082258331083;0.595562302411302;4;5;4;2758.8073316283;1569.39727195226;49.6206308610401;2774.83864004317;1542.58553696708;46.017539125742;2761.96532846715;1545.95656934307;44.1094890510949
S4_Ivana-Field-05-Airyscan3DProcessed;7;393.853824;2;2;2;0.24971789761781;0.546416538434785;0.592132313580432;2;1;2;443.734335839599;411.484962406015;34.4956140350877;447.265125430398;411.472700442695;33.0245941957698;433.291928721174;407.352201257862;32.2735849056604
S4_Ivana-Field-05-Airyscan3DProcessed;8;556.321024;3;2;1;0.480315786360639;0.746063941143268;1.07828847183047;2;2;1;1355.75656647712;997.938532358516;34.9918765231519;1359.5415282392;987.823255813953;33.4923588039867;1347.76097888032;1011.63627220919;32.1877304726785
S4_Ivana-Field-05-Airyscan3DProcessed;9;463.236032;1;2;1;0.580323552814437;0.714224506307448;0.562067238945376;1;1;1;2650.23888649115;396.166378938282;37.2127751402676;2661.47566371681;398.971792035398;34.7162610619469;2652.06529680365;393.366666666667;32.2013698630137
S4_Ivana-Field-05-Airyscan3DProcessed;10;543.702656;4;2;2;0.579348957314308;0.414933041752466;0.545141228956331;1;1;1;408.858481724461;1305.9381443299;31.360824742268;404.937435367115;1308.34436401241;27.4369183040331;416.555909090909;1308.08318181818;29.4709090909091
S4_Ivana-Field-05-Airyscan3DProcessed;11;1313.713632;7;4;6;0.235186416023545;0.277217649072094;0.175466453365996;5;2;2;1920.51197357556;775.480594549959;42.6870355078448;1925.24682539683;777.271428571429;41.8325396825397;1923.4674556213;774.928106508876;40.9029585798817
S4_Ivana-Field-05-Airyscan3DProcessed;11;1313.713632;7;4;6;0.0938046593465339;0.166804882681008;0.239178213918717;7;4;6;1743.86131996658;525.756892230576;52.2949039264829;1745.7403210576;524.497639282342;52.1180358829084;1740.3201320132;526.584158415842;51.7117711771177
S4_Ivana-Field-05-Airyscan3DProcessed;12;580.507424;5;2;1;1.07652480545228;1.14651236824024;0.315911008685309;3;1;1;943.223869532987;1097.33876945886;39.5196441808747;956.851942941466;1117.78307919331;36.3817019183473;956.276100086281;1115.05090595341;34.2709232096635
S4_Ivana-Field-05-Airyscan3DProcessed;13;434.882784;1;1;1;2.38700198339614;3.07450232980646;2.97025679944217;1;1;1;1400.32624495289;506.165275908479;39.7738896366083;1394.45652173913;474.677133655395;25.3880837359098;1331.25548387097;509.83935483871;30.1967741935484
S4_Ivana-Field-05-Airyscan3DProcessed;14;379.624224;1;1;1;0.784035725690751;0.804367778105225;0.659648239657441;1;1;1;1581.94425305355;1152.53398058252;44.6902599436267;1565.57816091954;1146.71005747126;42.0962643678161;1566.57170808061;1141.29837605165;46.5380551751125
S4_Ivana-Field-06-Airyscan3DProcessed;1;2675.22528;15;11;7;0.214250584875768;0.57126478774767;0.459072251417741;1;1;1;2455.75424973767;1947.69129066107;22.6488982161595;2457.1847565842;1946.09297685555;21.2466081404629;2451.90446428571;1952.37589285714;18.9544642857143
S4_Ivana-Field-06-Airyscan3DProcessed;1;2675.22528;15;11;7;0.30771860527296;0.696957302659379;0.436573623365421;2;5;2;2494.43278084715;1953.81491712707;24.7034990791897;2486.98944988696;1952.48229088169;24.2991710625471;2480.92573696145;1947.10742630385;22.2100340136054
S4_Ivana-Field-06-Airyscan3DProcessed;1;2675.22528;15;11;7;0.510297400203382;0.769398303539986;0.441703318125166;5;6;4;2509.3808490111;1440.56054027979;31.5689821514713;2514.00792507205;1431.47694524496;29.3775216138329;2509.34911717496;1432.78972712681;26.5417335473515
S4_Ivana-Field-06-Airyscan3DProcessed;1;2675.22528;15;11;7;0.0625891348999827;3.38388809573586;0.379159585379845;10;10;3;2500.1865470852;1668.70403587444;41.6780269058296;2501.15433673469;1668.73596938776;41.3268494897959;2544.99833748961;1718.08395677473;26.8038237738986
S4_Ivana-Field-06-Airyscan3DProcessed;1;2675.22528;15;11;7;0.480944021861662;0.43274486540361;3.33257117353278;11;8;6;2523.09850187266;1468.60411985019;42.8513108614232;2518.21734327534;1474.93095829881;40.2844518088926;2523.99854333576;1467.62636562272;39.7836853605244
S4_Ivana-Field-06-Airyscan3DProcessed;1;2675.22528;15;11;7;5.04272331019538;0.8787591446056;5.85692760314552;13;11;7;2368.00806916427;1376.82132564842;45.0414985590778;2367.92363636364;1501.89381818182;49.5592727272727;2359.61676875957;1357.25842266462;43.489280245023
S4_Ivana-Field-06-Airyscan3DProcessed;2;570.340288;4;3;2;0.436709201547623;0.69891158722986;0.716019400082501;3;2;1;82.1606621226874;1159.58812074002;43.1304771178189;81.069994574064;1148.81443298969;42.7330439500814;77.2063037249284;1157.40487106017;38.3839541547278
S4_Ivana-Field-06-Airyscan3DProcessed;2;570.340288;4;3;2;0.356595529640131;0.549091326241065;0.369988243462749;4;3;2;106.485436893204;1273.29390997352;49.8283318623124;115.223268698061;1272.12686980609;50.207756232687;117.714741544352;1270.74026802808;47.6936821952776
S4_Ivana-Field-06-Airyscan3DProcessed;3;371.909664;2;2;1;0.711036726308859;0.281018409564536;0.552296081909803;1;2;1;568.640358485111;2728.50332466031;29.6684012720439;562.512221618686;2711.83758826725;29.4323737099403;569.595904239977;2723.1300836458;28.4043841938275
S4_Ivana-Field-06-Airyscan3DProcessed;4;1012.837504;5;5;3;0.582199903100552;0.633038696160938;0.203648153578268;2;1;1;1035.33975481611;1216.48423817863;35.6436077057793;1030.90684487647;1220.39732685298;31.8436614013771;1026.23667377399;1221.77703320134;32.2680475175145
S4_Ivana-Field-06-Airyscan3DProcessed;4;1012.837504;5;5;3;0.339722743649493;1.88981734165315;2.15595942872657;4;4;2;1009.12031558185;1316.36193293886;36.3155818540434;1002.98075923037;1311.07748309932;37.0447217888716;1054.38153395212;1325.46995603322;39.181240840254
S4_Ivana-Field-06-Airyscan3DProcessed;4;1012.837504;5;5;3;0.207696212659505;0.846738107150285;0.6963127037301;5;5;3;1221.13685045617;1546.82427608092;45.7346291154304;1218.42436661699;1543.56818181818;44.8774217585693;1220.31341719078;1539.31341719078;40.0849056603774
S4_Ivana-Field-06-Airyscan3DProcessed;5;550.627168;1;3;2;0.382706630667836;1.776960411655;1.70434463115449;1;2;2;1630.27519952705;1851.01773573751;44.0062075081289;1628.03767491927;1846.62002152853;41.6641550053821;1663.09919404836;1822.4172349659;41.481401115933
S4_Ivana-Field-06-Airyscan3DProcessed;6;1316.528416;5;4;6;1.78877396933046;2.24113256647763;0.698791914372539;3;1;1;1733.06009615385;2479.64583333333;36.1670673076923;1706.75;2473.54590488771;25.9834874504624;1703.99077490775;2457.76350218048;23.9937940288494
S4_Ivana-Field-06-Airyscan3DProcessed;6;1316.528416;5;4;6;1.52520626769246;2.05469321751699;0.70364857499012;4;2;3;1911.17210820896;2603.6786380597;37.3875932835821;1885.88065395095;2598.69100817439;29.3602179836512;1880.78129602356;2609.50331369661;25.6730486008837
S4_Ivana-Field-06-Airyscan3DProcessed;6;1316.528416;5;4;6;0.388743633591112;0.655064306864584;0.288234464574845;5;4;6;1930.09027404621;2812.0061794734;41.7068780225685;1924.88818398097;2807.64789849326;39.7192704203013;1923.58139534884;2806.35297157623;37.7286821705426
S4_Ivana-Field-06-Airyscan3DProcessed;7;391.788992;1;2;1;3.75578036972367;4.04561589260669;0.689195715866383;1;2;1;2915.23181985973;1375.76559616095;46.9405684754522;2843.21508034611;1316.16069221261;49.4480840543881;2828.92015030531;1323.0847815876;47.5403945514326
S4_Ivana-Field-06-Airyscan3DProcessed;8;2299.666656;9;7;9;0.282631827972925;0.581934313685581;0.415552491888963;4;4;7;590.287474332649;2424.9009810632;44.9247091033539;585.422957600827;2419.93829713892;45.2899000344709;576.278583264292;2421.8137945319;45.6172328086164
S4_Ivana-Field-06-Airyscan3DProcessed;8;2299.666656;9;7;9;0.350894271198002;0.546773065144689;0.376190632747557;6;3;6;161.968960863698;1860.51079622132;43.8529014844804;157.480222841226;1862.6791086351;41.7905292479109;164.950094161959;1858.65065913371;40.0786252354049
S4_Ivana-Field-06-Airyscan3DProcessed;8;2299.666656;9;7;9;0.196822014310177;0.313793545053966;0.239529293340242;7;6;9;559.137432631063;2449.60387065164;49.8934345908868;554.893074792244;2448.53573407202;49.2509695290859;557.716471647165;2447.5499549955;47.7686768676868
S4_Ivana-Field-06-Airyscan3DProcessed;8;2299.666656;9;7;9;0.0718172127097363;0.233232836458873;0.255501484555333;9;7;8;366.90564805746;2367.46359777995;51.082925236696;367.34711883099;2368.99393438103;50.8461538461538;366.947384615385;2363.81815384615;49.7827692307692
S4_Ivana-Field-06-Airyscan3DProcessed;9;327292;2;2;2;0.554694828061902;0.728575482611287;0.29840832526169;1;1;1;95.4045112781955;2632.17368421053;35.5684210526316;94.4863690241012;2636.86408534176;31.8490715132359;95.4164187983343;2631.58358120167;30.3670434265318
S4_Ivana-Field-06-Airyscan3DProcessed;9;327292;2;2;2;0.113985637046708;0.270592550631866;0.223831306201998;2;2;2;196.080883803512;2703.78023278753;50.2122706648254;198.360431235431;2702.07342657343;50.1824009324009;198.870925965897;2701.23850636736;48.6082451974962
S4_Ivana-Field-06-Airyscan3DProcessed;10;580.468672;2;2;3;0.732918271378415;0.669562498652959;0.475874529209613;1;2;2;666.574006014033;1827.03842298697;32.0948880721684;668.429553264605;1822.87187039764;27.0245459008346;657.343839541547;1824.42488743348;28.1756037658616
S4_Ivana-Field-06-Airyscan3DProcessed;11;2222.7016;8;10;10;0.153912350735475;0.281450966102494;0.242684843394382;1;3;2;2195.76314038589;7.72388556220892;23.6912840984697;2194.36069418386;8.5046904315197;24.6904315196998;2200.64406779661;8.41837644959857;22.256913470116
S4_Ivana-Field-06-Airyscan3DProcessed;11;2222.7016;8;10;10;0.515754030348013;0.63262112776055;0.423382300540847;2;2;1;2181.74587458746;344.71204620462;25.598597359736;2185.73880873104;350.877173510914;22.5708472068073;2182.27826817991;355.817990752417;22.385035729298
S4_Ivana-Field-06-Airyscan3DProcessed;11;2222.7016;8;10;10;0.450383650621139;0.529225580395483;0.216989120475777;4;4;4;2394.69477234401;297.916245081506;26.2715008431703;2399.92114840275;290.003639304489;24.5369995956328;2400.53614806246;292.768652400231;23.2151532677848
S4_Ivana-Field-06-Airyscan3DProcessed;11;2222.7016;8;10;10;2.15324013084323;0.566159921952596;2.18052074639392;5;9;8;2434.81936887922;452.998367791077;29.5326441784548;2479.01235839341;477.303810504634;34.908341915551;2428.8279245283;465.789433962264;29.7924528301887
S4_Ivana-Field-06-Airyscan3DProcessed;12;473.845344;2;1;2;0.0621756894639293;0.264900367355207;0.205624580581002;2;1;2;2019.05829596413;1212.6418161435;50.2572869955157;2018.67420083952;1212.38876331934;49.8330642557314;2019.14020028612;1211.92989985694;48.376251788269
S4_Ivana-Field-06-Airyscan3DProcessed;13;392.176736;2;2;0;NaN;NaN;NaN;NaN;NaN;NaN;NaN;NaN;NaN;NaN;NaN;NaN;NaN;NaN;NaN
S4_Ivana-Field-06-Airyscan3DProcessed;14;362.216288;2;1;2;0.42491716981229;0.571407215907624;0.425882032621501;1;1;1;2629.2531709792;639.118721461187;32.4464738711314;2622.55;645.741176470588;31.0450980392157;2625.22474596533;640.296473401076;28.5451285116557
S4_Ivana-Field-06-Airyscan3DProcessed;15;701.016064;4;2;2;2.9603060597438;1.53717091460218;1.78954684770201;2;1;1;2772.23374458153;123.690896965655;25.7342447482494;2770.39292730845;196.282416502947;21.6512770137525;2761.07122982749;153.199777406789;19.4652198107958
S4_Ivana-Field-06-Airyscan3DProcessed;15;701.016064;4;2;2;0.317684705980231;0.775822376795189;0.685455254038841;3;2;2;2635.01126126126;67.768018018018;35.1456456456456;2642.06634615385;70.9653846153846;34.6442307692308;2637.33333333333;75.8116154221571;30.1469009272816
S4_Ivana-Field-06-Airyscan3DProcessed;16;363.466432;2;2;3;0.496489550285875;0.601659947240083;0.845706791659709;1;2;3;47.475753604194;294.568152031455;34.7021625163827;41.1091954022989;288.292580982236;32.2419017763845;53.210970464135;303.902250351617;31.7573839662447
S4_Ivana-Field-06-Airyscan3DProcessed;16;363.466432;2;2;3;2.65566813034014;3.15383542104147;0.792959536870203;2;1;2;147.587058823529;246.587647058824;46.3676470588235;105.031421158835;239.976650331508;31.9308157970597;99.8466501240695;220.560545905707;30.054094292804
S4_Ivana-Field-06-Airyscan3DProcessed;17;554.002624;3;4;4;0.614163926435107;0.977001077850271;0.51612711981582;1;3;1;2789.22127831715;2639.49555016181;29.5465210355987;2780.45138441726;2640.87121699936;25.9671603348358;2782.1300330033;2632.68382838284;23.1584158415842
S4_Ivana-Field-06-Airyscan3DProcessed;17;554.002624;3;4;4;0.350576455131928;0.742184928598205;0.547811398390291;3;4;4;2836.71635883905;2882.53100263852;49.4498680738786;2833.49840933192;2874.54718981972;48.9787910922587;2826.32636248416;2874.84283903676;45.6463878326996
S4_Ivana-Field-06-Airyscan3DProcessed;18;391.352192;3;1;2;0.202241213873803;0.491666491286734;0.397708441519857;1;1;1;221.05460385439;964.327623126338;30.2044967880086;223.776691116544;968.18826405868;29.6894865525672;226.534689619197;965.427230046948;27.0766823161189
S4_Ivana-Field-06-Airyscan3DProcessed;19;712.33344;2;3;2;0.41937107872769;0.74051001473556;0.60799365041145;1;1;1;1278.09835706462;2123.45805038335;30.4295728368018;1270.25749318801;2130.35876475931;30.6884650317893;1271.16679360244;2133.46991622239;26.4455445544554
S4_Ivana-Field-06-Airyscan3DProcessed;19;712.33344;2;3;2;0.273490288580189;0.519104698921225;0.64113224584098;2;3;2;1134.32661717922;2062.39766702015;36.0222693531283;1141.10226820533;2063.26263430163;35.9363310783924;1131.54537444934;2056.20925110132;32.8614537444934
S4_Ivana-Field-07-Airyscan3DProcessed;1;397.701024;1;2;2;0.479582446948855;0.370096648734575;0.710875446558754;1;2;2;355.429969879518;1652.14608433735;33.7424698795181;365.835974643423;1653.206022187;32.068145800317;348.220967172609;1650.85880691846;32.1267207906813
S4_Ivana-Field-07-Airyscan3DProcessed;2;1092.073024;5;2;2;3.78888930717446;0.408629513040794;4.04734394049912;2;1;1;486.02263822377;2770.81410535481;25.1828471919896;429.162822252374;2699.90468113976;17.5637720488467;489.381683168317;2778.50222772277;23.5175742574257
S4_Ivana-Field-07-Airyscan3DProcessed;3;1866.854528;8;6;6;0.246753853066225;1.27239595419619;0.100284610726704;2;2;1;1807.5601965602;1341.65356265356;24.2764127764128;1808.95726495726;1345.73964497041;23.0177514792899;1814.03830508475;1372.60745762712;23.2966101694915
S4_Ivana-Field-07-Airyscan3DProcessed;3;1866.854528;8;6;6;4.11247462279589;4.06171248407863;1.09445797529504;4;1;2;1472.76223544974;1345.57043650794;37.0095899470899;1404.30735455543;1284.93395536041;23.5858031467252;1404.06833910035;1287.42923875433;23.5728373702422
S4_Ivana-Field-07-Airyscan3DProcessed;3;1866.854528;8;6;6;0.312182189216905;0.306602351149914;0.173562222709853;5;5;4;1556.72439148073;1748.65212981744;37.8283468559838;1555.62517162471;1741.15011441648;37.2997711670481;1551.55111821086;1746.32651757189;36.3552715654952
S4_Ivana-Field-07-Airyscan3DProcessed;3;1866.854528;8;6;6;0.100399902427575;0.486645072542428;0.294811220108262;6;6;3;1442.23937360179;1200.36577181208;38.9267337807606;1440.45278137128;1199.18111254851;38.5536869340233;1442.32619316047;1196.05035700864;35.6768132281097
S4_Ivana-Field-07-Airyscan3DProcessed;3;1866.854528;8;6;6;0.861584576233313;0.817962435721625;0.428387171422381;8;4;5;1468.01564455569;1664.48435544431;43.6677096370463;1475.70416666667;1657.06794871795;38.3237179487179;1476.02517306482;1661.3926998112;38.3650094398993
S4_Ivana-Field-07-Airyscan3DProcessed;4;729.730624;5;4;4;0.389789555598997;0.372813329586437;0.430025423077528;3;1;3;235.463351907415;1286.79554222032;34.9009858551222;228.865274151436;1293.0684073107;33.9080939947781;234.846245530393;1286.28307508939;32.2479141835518
S4_Ivana-Field-07-Airyscan3DProcessed;4;729.730624;5;4;4;0.579716667468304;0.533259658971893;0.649013266717518;4;2;2;284.002097902098;1289.19020979021;34.391958041958;278.725380304243;1302.49399519616;33.7397918334668;290.445792563601;1294.65636007828;31.4457925636008
S4_Ivana-Field-07-Airyscan3DProcessed;4;729.730624;5;4;4;0.474171158556487;0.364390309954217;0.367927167156659;5;3;4;444.723922548407;1307.89569019363;46.7395377888819;450.398320554947;1316.67761956919;48.3355239138372;446.982372881356;1316.21627118644;45.8989830508475
S4_Ivana-Field-07-Airyscan3DProcessed;5;482.608224;2;3;3;0.185833507612194;0.518899406442628;0.333345160318569;1;1;1;812.838646395292;1188.43550760177;27.664296223639;812.994027303754;1188.85196245734;26.3430034129693;813.045185583647;1189.07746100054;23.9628832705756
S4_Ivana-Field-07-Airyscan3DProcessed;6;310.05744;4;1;1;0.485217722193432;0.800453371029832;0.628974865790569;2;1;1;966.467625899281;759.775670372793;23.1478090255069;975.83144963145;752.064373464373;23.1616707616708;972.870082815735;747.982401656315;18.906314699793
S4_Ivana-Field-07-Airyscan3DProcessed;7;1230.960192;7;3;5;0.658054332970275;0.580063045992917;0.279852162075072;1;1;1;859.039111784002;2849.25738077214;21.5001261670452;875.366894197952;2851.26450511945;21.542662116041;871.804777594728;2853.43080724876;19.9373970345964
S4_Ivana-Field-07-Airyscan3DProcessed;7;1230.960192;7;3;5;0.0798954697993529;0.441928858256148;0.376259232155007;5;2;2;1070.35135135135;2646.09945945946;32.3502702702703;1071.54374158816;2646.51413189771;31.9080305069538;1073.2578051088;2644.02081362346;29.3632923368023
S4_Ivana-Field-07-Airyscan3DProcessed;9;480.341792;1;2;1;4.99649629187341;5.84458169459701;0.910696240477006;1;2;1;2775.29117361785;2647.2898157129;38.2853540252182;2748.5623807707;2527.95040061045;31.0190766882869;2735.53589890867;2510.19758759334;29.3653072946582
S4_Ivana-Field-07-Airyscan3DProcessed;10;322.144032;3;2;3;2.79796465532592;2.02350752489019;1.49492971723323;1;1;2;660.451560818084;2125.64262648009;32.4779332615716;675.682964094729;2075.0320855615;19.3865546218487;652.933333333333;2078.3661971831;27.8046948356808
S4_Ivana-Field-07-Airyscan3DProcessed;10;322.144032;3;2;3;0.128879732373759;0.140760509484665;0.122563329228239;3;2;3;535.24511427625;2215.76747267307;50.8747929778072;537.388096208724;2216.23685283327;50.2005707297187;535.563492063492;2213.84176587302;50.0381944444444
S4_Ivana-Field-07-Airyscan3DProcessed;11;836.827488;4;4;2;0.478778143947131;0.471071427635258;0.174650265608375;1;1;1;1285.44395973154;2065.69093959732;20.4355704697987;1290.99840764331;2058.78184713376;18.1377388535032;1291.75224719101;2062.8202247191;17.7151685393258
S4_Ivana-Field-07-Airyscan3DProcessed;11;836.827488;4;4;2;0.338082608414539;0.310814228530395;0.122620250142596;3;4;2;1358.45128779395;2373.61366181411;26.8656215005599;1364.74372384937;2368.81171548117;26.0188284518828;1365.26043405676;2371.816360601;25.9273789649416
S4_Ivana-Field-07-Airyscan3DProcessed;12;505.51872;3;3;3;0.184774330016605;0.555438986116558;0.390060004530281;2;2;2;1900.87715651632;2706.29557264602;30.1951777177302;1899.04054054054;2706.11104582844;28.9853113983549;1900.03422273782;2703.47621809745;26.3178654292343
S4_Ivana-Field-07-Airyscan3DProcessed;12;505.51872;3;3;3;0.362854277889885;0.93353813107712;0.824488493657896;3;3;3;1980.17191489362;2615.8570212766;34.3021276595745;1982.70818505338;2610.89181494662;32.2576512455516;1969.66325581395;2619.66325581395;28.4483720930233
S4_Ivana-Field-07-Airyscan3DProcessed;13;479.92112;1;1;1;6.19406742415481;5.35112553778081;0.8429928912634;1;1;1;2051.44331797235;932.297695852535;28.641935483871;2110.80484848485;1067.6404040404;41.8517171717172;2102.54979485267;1049.25885863484;40.0876538604998
S4_Ivana-Field-07-Airyscan3DProcessed;14;216.242432;2;1;0;NaN;NaN;NaN;NaN;NaN;NaN;NaN;NaN;NaN;NaN;NaN;NaN;NaN;NaN;NaN
S4_Ivana-Field-07-Airyscan3DProcessed;15;380.76976;1;1;1;0.398339862763669;0.611533489063654;0.263380114535948;1;1;1;229.563648513197;661.257935182092;26.7133311059138;237.452949438202;665.214185393258;25.3953651685393;238.194576271186;669.570508474576;24.0006779661017
S4_Ivana-Field-07-Airyscan3DProcessed;16;468.54976;2;3;2;0.432075373773596;0.5929987974117;0.774799382563717;2;1;1;1124.96325254105;1138.80688037529;18.512118842846;1132.08145240432;1146.69381746811;19.0696761530913;1134.15328994939;1129.91178597252;16.3702096890817
S4_Ivana-Field-07-Airyscan3DProcessed;17;431.1048;2;3;2;0.354869676984244;0.651937291366047;0.390510131590022;1;1;1;1256.88880063543;193.768864177919;21.566719618745;1261.63245670301;194.283515073765;19.4297626683772;1269.8429073857;189.156506447831;19.0668229777257
S4_Ivana-Field-07-Airyscan3DProcessed;17;431.1048;2;3;2;0.723059366020542;1.01744959971084;0.466317211367561;2;2;2;1181.75214408233;277.368353344768;37.393653516295;1183.02150537634;265.73476702509;33.4573476702509;1181.81766583895;270.30258957077;30.4122029088329
S4_Ivana-Field-07-Airyscan3DProcessed;18;578.355008;2;1;3;0.490448031909804;0.719920179390742;0.441411025290032;2;1;1;1632.78645007924;100.428288431062;32.3474643423138;1623.73256537983;102.008405977584;30.0286425902864;1629.00964320154;99.9725168756027;27.3213596914176
S4_Ivana-Field-07-Airyscan3DProcessed;19;336.53984;1;1;1;0.674856751461571;5.58427902153239;5.61497784912802;1;1;1;2567.2798013245;891.248758278146;42.0157284768212;2569.14771337735;902.189043775984;38.3851797505503;2690.34725274725;834.494505494505;32.4391208791209
S4_Ivana-Field-07-Airyscan3DProcessed;20;50.035328;0;0;0;NaN;NaN;NaN;NaN;NaN;NaN;NaN;NaN;NaN;NaN;NaN;NaN;NaN;NaN;NaN
S4_Ivana-Field-07-Airyscan3DProcessed;21;292.479936;0;1;2;NaN;NaN;NaN;NaN;NaN;NaN;NaN;NaN;NaN;NaN;NaN;NaN;NaN;NaN;NaN
S4_Ivana-Field-07-Airyscan3DProcessed;22;103.158496;0;0;0;NaN;NaN;NaN;NaN;NaN;NaN;NaN;NaN;NaN;NaN;NaN;NaN;NaN;NaN;NaN
S4_Ivana-Field-08-Airyscan3DProcessed;1;1101.96576;3;4;5;0.355161338291396;1.44629376991464;1.25511765860406;1;1;1;858.443894389439;2663.13641364136;28.3778877887789;857.657165479018;2666.13618368963;26.0007917656374;835.0693000693;2652.90020790021;21.0589050589051
S4_Ivana-Field-08-Airyscan3DProcessed;2;463.465856;2;1;3;0.41169734034745;0.829658752443303;0.496964172112696;2;1;3;1897.82490686535;2717.30867482704;50.711548696115;1889.32976653697;2711.5359922179;50.5214007782101;1878.30076726343;2713.66138107417;49.0040920716113
S4_Ivana-Field-08-Airyscan3DProcessed;3;367.341632;2;0;2;NaN;NaN;NaN;NaN;NaN;NaN;NaN;NaN;NaN;NaN;NaN;NaN;NaN;NaN;NaN
S4_Ivana-Field-08-Airyscan3DProcessed;4;635.456416;3;3;3;0.815453260287926;0.731536509523006;0.182633001050671;3;3;2;1582.84889490302;359.014659449707;33.7988272440235;1598.36750572082;370.825171624714;32.1016018306636;1596.36511875222;367.764267990074;31.320808224034
S4_Ivana-Field-08-Airyscan3DProcessed;5;877.460416;4;3;5;0.316408204371083;0.608939622019422;0.731507228617634;2;3;1;2213.05120126034;1845.3804647499;30.7471445450965;2207.96484375;1841.91731770833;32.1673177083333;2212.81927710843;1835.23076923077;27.5060240963855
S4_Ivana-Field-08-Airyscan3DProcessed;6;674.46624;1;1;3;0.528237837871222;4.1857231070928;4.42560852096574;1;1;2;2691.39117482778;1283.14708620369;44.7008005957922;2697.98812925918;1284.34601011211;47.9514178940426;2702.875;1189.81118421053;31.5868421052632
S4_Ivana-Field-08-Airyscan3DProcessed;8;348.076736;3;2;2;0.190489948049703;0.716113819541229;0.670522563962448;1;1;1;269.332949971248;2431.85278895917;33.4738355376653;271.136436597111;2432.4810058855;32.2273943285179;267.256273764259;2417.21368821293;30.5897338403042
S4_Ivana-Field-08-Airyscan3DProcessed;8;348.076736;3;2;2;0.195469187595119;0.475355544595918;0.336175477774258;3;2;2;241.630897317299;2401.83533765032;45.2053654024052;240.883303411131;2401.57181328546;43.8276481149013;239.283901665345;2408.16812053925;42.411578112609
S4_Ivana-Field-08-Airyscan3DProcessed;9;454.08384;2;2;2;0.404720403651866;0.197365780594007;0.361448732514553;1;1;1;554.469251336898;2418.64906417112;22.9304812834225;546.244320297952;2413.53780260708;23.7683426443203;551.650909090909;2420.75909090909;23.9181818181818
S4_Ivana-Field-08-Airyscan3DProcessed;10;1134.635488;7;5;3;0.397437915834247;0.597862332344568;0.388518162574306;5;4;1;1117.34467323187;1490.1369740376;45.4655326768129;1108.52384316496;1490.07806428824;44.1589544330625;1111.22725293862;1486.19198955159;41.7357422725294
S4_Ivana-Field-08-Airyscan3DProcessed;10;1134.635488;7;5;3;0.447695499612037;0.96150511991148;0.882265978413626;6;5;3;1186.86169442433;1710.74873280232;47.8595220854453;1193.11666666667;1704.3908045977;45.9275862068965;1203.89454160042;1722.97562268151;44.5007949125596
S4_Ivana-Field-08-Airyscan3DProcessed;12;634.459168;6;6;1;4.36721732088325;6.21421077324148;3.85664766724812;5;3;1;1862.30241545894;1254.11787439614;39.1217391304348;1858.35947712418;1363.01888162672;37.196804647785;1767.20483641536;1371.2439544808;28.5341394025605
S4_Ivana-Field-08-Airyscan3DProcessed;13;471.3016;2;2;2;0.721948593353493;0.669154824830154;0.483583131841149;1;1;1;2240.22847222222;883.9375;25.90625;2224.99260042283;893.606765327696;25.8033826638478;2225.8016295832;884.649326230022;23.4951425885302
S4_Ivana-Field-08-Airyscan3DProcessed;13;471.3016;2;2;2;0.436250593730385;0.596237219765129;0.257631200559768;2;2;2;2181.19279201042;824.779418150239;44.3968736430743;2181.91683038638;826.130320890635;41.3117223313687;2183.00964416362;820.80412371134;40.3252411040905
S4_Ivana-Field-08-Airyscan3DProcessed;15;330.57472;2;2;1;0.40394565859199;0.414144038950897;0.647960978041842;2;2;1;1954.34273772205;2363.45350052247;42.6185997910136;1956.75866388309;2373.18037578288;42.9724425887265;1949.9054157132;2363.00915331808;39.9488939740656
S4_Ivana-Field-08-Airyscan3DProcessed;16;537.413408;3;2;1;0.460959408723049;0.914303472463147;0.592584286840563;1;1;1;2394.87446259673;331.346087704213;36.4312123817713;2397.2656855151;326.348179705655;33.5441518202943;2396.72404181185;334.304529616725;29.9770034843206
S4_Ivana-Field-08-Airyscan3DProcessed;18;647.086048;3;1;1;0.752971499346067;0.508096248371073;0.477505906857801;1;1;1;1376.17305389222;2050.56407185629;34.9946107784431;1392.46356453029;2058.06979806848;36.6268656716418;1386.99806949807;2055.4000965251;33.6920849420849
S4_Ivana-Field-08-Airyscan3DProcessed;19;143.085376;1;1;1;4.16136915543419;3.01694149091653;1.87763274124124;1;1;1;2866.19368075503;2365.70496512105;21.6622897004514;2896.43066884176;2431.63512778684;42.9706362153344;2915.82121212121;2403.54141414141;33.7646464646465
S4_Ivana-Field-08-Airyscan3DProcessed;20;80.21552;0;0;0;NaN;NaN;NaN;NaN;NaN;NaN;NaN;NaN;NaN;NaN;NaN;NaN;NaN;NaN;NaN
S4_Ivana-Field-08-Airyscan3DProcessed;21;286.721792;0;2;0;NaN;NaN;NaN;NaN;NaN;NaN;NaN;NaN;NaN;NaN;NaN;NaN;NaN;NaN;NaN
S4_Ivana-Field-08-Airyscan3DProcessed;23;52.315424;1;0;1;NaN;NaN;NaN;NaN;NaN;NaN;NaN;NaN;NaN;NaN;NaN;NaN;NaN;NaN;NaN
S4_Ivana-Field-09-Airyscan3DProcessed;1;2664.004224;12;12;13;0.272162805016144;0.832482946029357;0.617320719563266;1;2;2;1413.83291058973;1122.1128725428;21.282181357007;1418.47459807074;1127.08424437299;21.2282958199357;1431.47865853659;1129.59451219512;18.9646341463415
S4_Ivana-Field-09-Airyscan3DProcessed;1;2664.004224;12;12;13;0.387239316776338;0.925464517799101;0.617075472393137;6;9;9;1394.48675867214;1043.50801939575;39.9921671018277;1402.97142857143;1047.11774891775;39.1493506493507;1410.4490603363;1046.72007912957;35.295746785361
S4_Ivana-Field-09-Airyscan3DProcessed;1;2664.004224;12;12;13;0.652302598873109;0.736006925464431;0.227446733446337;7;10;10;1892.84122042341;1392.76650062267;42.9059775840598;1879.61378026071;1395.9270018622;40.3348230912477;1881.75698447894;1396.31662971175;38.8341463414634
S4_Ivana-Field-09-Airyscan3DProcessed;1;2664.004224;12;12;13;0.108190712304535;0.891385577830692;0.795837593306108;10;12;13;1761.85891748004;1237.30922803904;47.0732031943212;1760.88154674498;1238.30885952031;46.4116495349976;1755.76018447348;1235.86779400461;40.9631053036126
S4_Ivana-Field-09-Airyscan3DProcessed;2;3803.187584;15;13;13;1.45087808681607;0.730835487658808;1.15179395012268;4;1;3;2201.75616547335;1998.43357199682;28.417661097852;2221.83354192741;1977.39749687109;22.2232790988736;2205.53832442068;2000.80481283422;23.355614973262
S4_Ivana-Field-09-Airyscan3DProcessed;2;3803.187584;15;13;13;4.88055347968498;4.98527585021623;0.515775624136799;8;7;10;2647.45641527914;2367.25759059745;36.9382957884427;2637.65055762082;2488.87286245353;36.6602230483271;2634.10709677419;2490.46;33.1470967741935
S4_Ivana-Field-09-Airyscan3DProcessed;2;3803.187584;15;13;13;0.443936669395797;0.696135042819765;0.294628808358751;12;10;12;2120.46161825726;2199.15819502075;44.7079875518672;2127.00790960452;2192.37664783427;43.0338983050847;2127.93636363636;2189.99090909091;41.0606060606061
S4_Ivana-Field-09-Airyscan3DProcessed;3;334.725216;1;2;1;1.91294157447007;1.83658957633885;0.511728332716548;1;1;1;963.604481024234;172.754000914495;30.5468678555098;948.00689179876;128.074431426602;28.5768435561682;959.851111111111;127.044444444444;29.9266666666667
S4_Ivana-Field-09-Airyscan3DProcessed;4;950.03552;5;4;3;0.449809665922023;0.61301307422362;0.48750681271225;3;1;1;989.980063795853;2609.58054226475;23.8979266347687;979.583424209378;2608.60632497274;22.7055616139586;984.777406620103;2599.33525660492;21.000607348922
S4_Ivana-Field-09-Airyscan3DProcessed;4;950.03552;5;4;3;0.145655171735566;0.58412808486166;0.441187602281885;4;3;3;727.680379746835;2747.5039556962;41.2705696202532;728.598278335725;2747.35222381636;40.2647058823529;729.361265260821;2748.25527192009;37.1315205327414
S4_Ivana-Field-09-Airyscan3DProcessed;5;1439.110848;8;7;6;0.14286955247697;0.31758791872655;0.201179937183027;1;1;2;1076.32756079587;1852.41838614591;21.3148489314665;1077.55989010989;1851.73846153846;20.3769230769231;1081.04251207729;1853.86666666667;19.5371980676329
S4_Ivana-Field-09-Airyscan3DProcessed;5;1439.110848;8;7;6;3.14653059337469;2.6504344166905;1.76713848071663;2;5;4;993.395723684211;1823.60657894737;20.3723684210526;933.313036690086;1860.95472287276;30.199843871975;952.338996763754;1861.10962783172;30.6674757281553
S4_Ivana-Field-09-Airyscan3DProcessed;5;1439.110848;8;7;6;0.114644153363127;1.72078457666825;0.76387431091177;3;2;1;623.918380889184;2134.57133377571;20.4293297942933;624.22464022464;2131.75710775711;20.5573885573886;659.206268958544;2152.16582406471;15.5146612740142
S4_Ivana-Field-09-Airyscan3DProcessed;5;1439.110848;8;7;6;0.814687891311755;0.892756935485952;0.435040860994904;7;6;5;960.320363820111;1942.40146538656;37.3812531581607;967.484190476191;1960.7820952381;35.9340952380952;970.865513173417;1955.98898938262;33.3173417223751
S4_Ivana-Field-09-Airyscan3DProcessed;5;1439.110848;8;7;6;0.465285761129252;0.641657396652052;0.234048486877328;8;7;6;1377.87028657617;1801.90196078431;38.5555555555556;1380.19586942039;1807.73217854763;35.7574950033311;1385.32904689864;1809.02647503782;35.0453857791225
S4_Ivana-Field-09-Airyscan3DProcessed;7;364.258944;0;0;0;NaN;NaN;NaN;NaN;NaN;NaN;NaN;NaN;NaN;NaN;NaN;NaN;NaN;NaN;NaN
S4_Ivana-Field-09-Airyscan3DProcessed;8;376516;3;1;1;0.202438641824766;0.525309286003297;0.333411429305404;2;1;1;1697.046824293;2847.1314325452;31.0503013444599;1694.86280884265;2846.36020806242;29.7646293888166;1693.9701986755;2846.95253863135;27.4028697571744
S4_Ivana-Field-09-Airyscan3DProcessed;9;383.655776;1;1;2;0.389964156565204;0.36065473486223;0.643149976525481;1;1;1;2606.31370799881;1040.47517097829;28.3936961046685;2609.22320819113;1033.40341296928;30.1215017064846;2606.46014492754;1038.77536231884;25.8641304347826
S4_Ivana-Field-09-Airyscan3DProcessed;10;284.651808;1;1;1;8.61066704326656;0.71565180598452;8.35804692448875;1;1;1;650.448924731183;323.755913978495;40.0537634408602;441.420289855072;320.348550724638;25.3869565217391;647.537064166423;326.02226779959;35.0518605332552
S4_Ivana-Field-09-Airyscan3DProcessed;11;716.164736;4;3;3;0.134913957896802;0.257031394965445;0.122961450265294;1;1;1;1179.98945518453;420.715289982425;22.817223198594;1181.48803827751;422.950358851675;22.2362440191388;1183.26932515337;424.728220858896;21.7319018404908
S4_Ivana-Field-09-Airyscan3DProcessed;12;342.371904;1;1;1;1.83194226540852;0.222060376086109;1.9019839587865;1;1;1;343.809132888661;2410.87993842996;20.1970241149307;375.265739385066;2389.52049780381;27.49121522694;346.418168709445;2412.18024513338;18.8471521268926
S4_Ivana-Field-09-Airyscan3DProcessed;13;111.377056;1;1;1;0.14190393208246;5.41676466760709;5.29726704883869;1;1;1;2876.08992094862;2786.13241106719;37.0049407114625;2873.80040221217;2788.7677224736;36.824534942182;2852.71924661566;2919.50088287228;36.3660977045321
S4_Ivana-Field-09-Airyscan3DProcessed;14;712.8912;2;3;3;2.36763139858665;2.32009500211778;0.282172674384978;1;1;1;1825.25321888412;425.26008583691;19.0412017167382;1795.48713826367;472.067926045016;24.9421221864952;1790.38439306358;467.367877786953;24.5767960363336
S4_Ivana-Field-09-Airyscan3DProcessed;15;151.809056;1;1;1;5.05823534766284;4.9812163978291;0.316279115553029;1;1;1;471.991726990693;2913.99069286453;29.112202688728;596.335329341317;2909.25694066413;22.6766467065868;593.361147327249;2914.25771403738;21.1468926553672
S4_Ivana-Field-10-Airyscan3DProcessed;1;896.028448;3;5;3;3.23195328186307;3.64167524987425;0.587570137496608;3;2;1;1673.82795698925;1108.29416282642;40.8824884792627;1728.85808893094;1144.70104068117;27.5586565752129;1734.07524985303;1141.06466784245;23.7754262198707
S4_Ivana-Field-10-Airyscan3DProcessed;2;470.331456;2;2;2;4.94656258304161;4.75354709944214;0.347248736227286;1;1;1;1985.71161417323;1821.80118110236;23.7834645669291;2045.2445807771;1930.15869120654;24.5541922290389;2040.52392065344;1927.17036172695;22.6557759626604
S4_Ivana-Field-10-Airyscan3DProcessed;3;889.866656;5;3;3;0.351492531362983;0.682512970020208;0.650859401145119;1;1;1;199.318232044199;2368.21104972376;25.6309392265193;198.896869565217;2376.97582608696;25.764347826087;192.124048706241;2374.52739726027;21.5955098934551
S4_Ivana-Field-10-Airyscan3DProcessed;3;889.866656;5;3;3;0.628756297422253;0.41293439490296;0.327031440184943;3;2;2;222.121293800539;2553.41913746631;28.3319856244385;223.70598146588;2543.27127211457;24.9321819713564;218.901285583104;2545.38934802571;26.722681359045
S4_Ivana-Field-10-Airyscan3DProcessed;3;889.866656;5;3;3;0.481250972866284;0.508276308970476;0.251949420218985;5;3;3;382.577010910936;2395.67800050749;46.8063943161634;377.840243902439;2387.85365853659;44.5731707317073;380.426022706794;2391.8633988106;43.3982699585511
S4_Ivana-Field-10-Airyscan3DProcessed;4;1115.592576;5;3;4;0.294417790572149;0.376115444595699;0.517654707624806;2;1;2;1746.04191750279;2767.13377926421;24.3505016722408;1742.84676582497;2773.7640954687;24.3282601176064;1741.33348880597;2762.90625;22.3633395522388
S4_Ivana-Field-10-Airyscan3DProcessed;5;389.3736;2;1;2;0.541826355001378;0.271632565524251;0.316721357493024;2;1;1;1905.77637335926;287.95867768595;42.8283908604764;1910.01791808874;279.332764505119;40.1015358361775;1907.82163501239;286.178364987614;41.0495458298927
S4_Ivana-Field-10-Airyscan3DProcessed;7;410.094944;1;2;0;NaN;NaN;NaN;NaN;NaN;NaN;NaN;NaN;NaN;NaN;NaN;NaN;NaN;NaN;NaN
S4_Ivana-Field-10-Airyscan3DProcessed;8;859.264224;5;5;2;0.881500462506335;0.821255694848659;0.271530691875833;1;3;1;2623.59397344229;976.79315628192;32.1746680286006;2644.22051282051;980.610256410256;34.1046153846154;2642.88808501017;983.756274022157;32.4286683246665
S4_Ivana-Field-10-Airyscan3DProcessed;8;859.264224;5;5;2;0.354827066401707;0.39122887439049;0.294849057550136;4;4;2;2440.43761904762;949.372857142857;50.43;2443.471150781;941.090851131654;50.1597067261715;2444.16624122527;944.351946394384;48.2814294830887
S4_Ivana-Field-10-Airyscan3DProcessed;9;331.361408;1;1;1;5.40455356933211;1.86564853787134;6.59788718657477;1;1;1;2190.07411982705;2305.52995676343;30.6170475602224;2123.27958236659;2191.47389791183;22.6096287703016;2213.17214996174;2329.70084162204;21.3251721499617
S4_Ivana-Field-10-Airyscan3DProcessed;11;85.935136;0;0;0;NaN;NaN;NaN;NaN;NaN;NaN;NaN;NaN;NaN;NaN;NaN;NaN;NaN;NaN;NaN
S4_Ivana-Field-10-Airyscan3DProcessed;13;128.47072;0;1;0;NaN;NaN;NaN;NaN;NaN;NaN;NaN;NaN;NaN;NaN;NaN;NaN;NaN;NaN;NaN
S4_Ivana-Field-10-Airyscan3DProcessed;14;63.2632;0;0;0;NaN;NaN;NaN;NaN;NaN;NaN;NaN;NaN;NaN;NaN;NaN;NaN;NaN;NaN;NaN
S4_Ivana-Field-10-Airyscan3DProcessed;15;52.612672;1;0;1;NaN;NaN;NaN;NaN;NaN;NaN;NaN;NaN;NaN;NaN;NaN;NaN;NaN;NaN;NaN
S4_Ivana-Field-11-Airyscan3DProcessed;1;568.824928;3;2;3;0.597171890853677;0.998624753082182;0.419100404341699;2;2;3;1663.82516053707;1879.39112667834;49.1009924109749;1670.86704946996;1871.21466431095;46.1532685512367;1672.12842465753;1865.47174657534;43.6755136986301
S4_Ivana-Field-11-Airyscan3DProcessed;2;790.671392;4;3;2;0.244724564906616;0.503875831396997;0.333116110863499;3;3;1;2230.70754716981;2907.24921383648;34.313679245283;2230.66446748351;2905.9575871819;32.6050895381715;2228.75703564728;2906.00469043152;30.7757973733583
S4_Ivana-Field-11-Airyscan3DProcessed;2;790.671392;4;3;2;0.398512650158168;0.418463502165227;0.267231166664366;4;2;2;2414.73523649594;2721.44108592219;40.0755667506297;2418.48907103825;2715.9118852459;37.9644808743169;2410.26560900716;2716.87512794268;37.7088024564995
S4_Ivana-Field-11-Airyscan3DProcessed;3;436.46624;1;1;2;0.264793741738978;0.528106985039128;0.26645237525182;1;1;2;209.329545454545;2360.19886363636;51.3068181818182;206.734468937876;2354.1127254509;51.2449899799599;205.145045965271;2347.75893769152;50.8978549540347
S4_Ivana-Field-11-Airyscan3DProcessed;4;261.080064;1;1;1;3.24061193777558;5.88157103148799;3.66300442869009;1;1;1;1522.5625400898;1589.57023733162;30.9839640795382;1475.89217919514;1655.77828397874;30.5952923310554;1385.80709313888;1642.45807093139;27.8362611866092
S4_Ivana-Field-11-Airyscan3DProcessed;5;914.294976;5;4;3;0.211095500859043;0.25610316570774;0.107426790100675;2;1;1;2205.4511993383;1073.82837055418;23.1803143093466;2204.41182795699;1072.86344086021;21.7279569892473;2206.87600644122;1072.66103059581;21.4283413848631
S4_Ivana-Field-11-Airyscan3DProcessed;5;914.294976;5;4;3;1.66649641155609;1.48429859418861;0.573089543372613;3;2;2;2094.08078750849;1549.7800407332;25.448744059742;2064.35297326787;1520.67484997272;26.0812875068194;2067.22298624754;1526.46070726916;22.4273084479371
S4_Ivana-Field-11-Airyscan3DProcessed;6;474.827136;1;1;2;0.46011029010873;0.620315144497642;0.188709502004144;1;1;2;2242.9526505404;1888.59855892949;44.1672671127123;2244.59057832248;1884.73535044044;41.1072386058981;2243.53872687363;1885.65882721856;39.8200062715585
S4_Ivana-Field-11-Airyscan3DProcessed;7;941.963456;7;5;5;0.92865308972841;1.256836553148;0.331174491572907;1;1;1;2395.84838350056;2309.51616499443;25.6989966555184;2387.22138836773;2328.48530331457;22.7748592870544;2385.36203966006;2335.69235127479;21.7388101983003
S4_Ivana-Field-11-Airyscan3DProcessed;7;941.963456;7;5;5;0.339738768759385;0.568691952731205;0.411918887556821;6;3;4;2561.64835164835;2177.22527472527;45.9686813186813;2565.2776821572;2175.0562248996;43.8640275387263;2556.71467889908;2172.38165137615;42.4192660550459
S4_Ivana-Field-11-Airyscan3DProcessed;7;941.963456;7;5;5;0.967176971150068;0.351025372799159;1.18783894450333;7;4;5;2262.21537001898;2210.1394686907;50.1394686907021;2242.88804958358;2197.15398024404;48.2773581251211;2268.69334532374;2211.82464028777;48.5179856115108
S4_Ivana-Field-11-Airyscan3DProcessed;8;522.342016;3;4;3;3.50599142651054;0.831874053088721;4.15187384394217;1;4;1;2791.43944844125;1289.08693045564;26.0545563549161;2771.71025399812;1297.18391345249;50.3447789275635;2784.31397174254;1278.25222396651;21.4092098377813
S4_Ivana-Field-11-Airyscan3DProcessed;9;839.310528;5;3;2;0.850312778205548;0.569466766255087;1.26296585168718;2;2;1;357.848021582734;1360.6654676259;33.7805755395683;377.994716618636;1367.44572526417;33.7281460134486;349.917607567897;1358.6682941715;30.4510222764724
S4_Ivana-Field-11-Airyscan3DProcessed;10;703.522848;4;2;3;0.476085843917753;0.152265028905392;0.591403279937031;1;1;2;1047.98036605657;1010.30016638935;33.5091514143095;1046.4438588085;1003.07538731832;36.1756907842198;1050.92992424242;1011.03432765152;32.8544034090909
S4_Ivana-Field-11-Airyscan3DProcessed;10;703.522848;4;2;3;0.200829213670013;0.545899070542202;0.479996862407942;4;2;3;818.223304122038;1038.429406037;45.3002271989614;817.650160771704;1042.12797427653;44.3440514469453;826.663806158506;1049.14891468955;45.3922261484099
S4_Ivana-Field-11-Airyscan3DProcessed;11;577.663296;3;1;2;0.415180567736771;0.624350371718334;0.845875182622175;2;1;1;1940.76717557252;590.465648854962;41.5844465648855;1941.14438502674;598.42627960275;39.6844919786096;1932.89273049645;578.959219858156;39.5797872340426
S4_Ivana-Field-11-Airyscan3DProcessed;12;693.888832;4;3;4;0.621420905245528;0.872477107252577;0.266721950278657;4;3;4;1401.70436331256;179.480854853072;39.4612644701692;1416.55275381553;177.209688122097;38.3284671532847;1422.29243027888;178.43984063745;37.4247011952191
S4_Ivana-Field-11-Airyscan3DProcessed;13;743.842848;3;2;1;0.352410672058192;0.908841508351023;0.704731614448108;3;1;1;1688.69658439292;1454.23610072301;38.8090251807529;1688.4141076315;1446.51048951049;37.6017026451809;1692.72275862069;1447.38620689655;32.7271724137931
S4_Ivana-Field-12-Airyscan3DProcessed;1;2096.092992;8;9;9;0.694336309768544;0.649290019752822;0.183980470910613;2;3;5;1897.03224013341;2017.10894941634;30.5580878265703;1894.82021379981;2014.68318756074;25.6880466472303;1891.16075721154;2016.70492788462;26.2358774038462
S4_Ivana-Field-12-Airyscan3DProcessed;1;2096.092992;8;9;9;0.209863638884586;0.580203736366573;0.483467837349868;3;7;7;1815.06107261996;2100.19373877342;35.022324865281;1814.73363733906;2102.96217811159;33.7524141630901;1811.81863285557;2095.17585446527;31.2458654906284
S4_Ivana-Field-12-Airyscan3DProcessed;1;2096.092992;8;9;9;0.515699993259789;0.540907221864312;0.339611102222044;6;9;9;1430.21505376344;2013.34050179211;49.4959677419355;1429.77100646353;2023.22068328717;47.1329639889197;1432.09268292683;2016.56178861789;45.7821138211382
S4_Ivana-Field-12-Airyscan3DProcessed;2;1048.403776;3;1;5;0.214747286035978;2.84741080664129;2.99640760052243;2;1;4;833.027160493827;2010.92134038801;30.5195767195767;834.679841897233;2013.53577075099;29.2658102766798;827.2470703125;2030.48291015625;50.00537109375
S4_Ivana-Field-12-Airyscan3DProcessed;3;627.722592;3;3;3;3.33388713764962;4.31183458576271;1.02861603308377;1;1;1;2379.88913857678;2280.2404494382;36.8584269662921;2299.37663469922;2286.18003487358;42.7776809067132;2274.44685828877;2292.22794117647;42.2657085561497
S4_Ivana-Field-12-Airyscan3DProcessed;3;627.722592;3;3;3;4.41209872435251;4.52773972870735;0.308911441151089;2;2;2;2187.00520833333;2514.22395833333;46.5329861111111;2220.99054820416;2410.24291115312;42.4966918714556;2219.68181818182;2407.98237476809;40.4202226345083
S4_Ivana-Field-12-Airyscan3DProcessed;4;740.500544;4;4;4;0.524747198957581;0.674282410227043;0.402520680414051;1;2;2;156.016184664367;1895.99655080923;33.8567259219952;167.770142900578;1893.69534813013;32.3274551535421;163.915023474178;1893.2544600939;29.6746478873239
S4_Ivana-Field-12-Airyscan3DProcessed;4;740.500544;4;4;4;0.674924441570037;1.45557586794819;0.887688837666271;2;3;3;353.511043412034;1938.51104341203;36.1028179741051;348.664056382146;1944.3727486296;31.7995301487862;340.571887919155;1935.9053743684;26.4138723013321
S4_Ivana-Field-12-Airyscan3DProcessed;4;740.500544;4;4;4;0.502550494127516;0.777922638078034;0.600193955264519;3;4;4;200.540052651373;1913.59157578037;39.9462203836029;194.858096828047;1903.6469115192;38.4707846410684;207.298758217677;1900.89335281227;36.2067202337473
S4_Ivana-Field-12-Airyscan3DProcessed;5;527.29488;3;2;0;NaN;NaN;NaN;NaN;NaN;NaN;NaN;NaN;NaN;NaN;NaN;NaN;NaN;NaN;NaN
S4_Ivana-Field-12-Airyscan3DProcessed;6;408.340576;3;2;3;0.597928486712501;0.402624887989012;0.645832840062308;1;1;1;1690.55303717135;1228.9202175884;23.6455122393472;1697.36668700427;1241.53264185479;24.85600976205;1684.45717806531;1236.00739371534;22.5791743684535
S4_Ivana-Field-12-Airyscan3DProcessed;6;408.340576;3;2;3;0.428072531865115;1.25016998724218;1.09910534534664;2;2;3;1609.44510978044;1256.81536926148;39.2345309381238;1607.88659793814;1261.67131594906;36.5463917525773;1583.4437751004;1273.42269076305;37.8072289156626
S4_Ivana-Field-12-Airyscan3DProcessed;7;128.585856;1;2;1;0.620659599741329;0.478818758279653;0.508033941428757;1;1;1;2410.47902097902;2859.31701631702;26.2937062937063;2403.25085259568;2868.33421750663;29.2519893899204;2398.84869375907;2859.10123367199;27.1008708272859
S4_Ivana-Field-12-Airyscan3DProcessed;8;413.647808;2;2;2;0.794737928639475;1.19722295402922;0.485045137286686;1;1;1;2763.54898499559;2509.18270079435;24.4713150926743;2747.9246171967;2497.52391048292;25.5670200235571;2736.95018796992;2495.48872180451;24.2128759398496
S4_Ivana-Field-12-Airyscan3DProcessed;9;457.553376;2;2;1;0.235418998683112;2.13060510117194;2.2342565204859;1;1;1;727.145847871598;1143.37334263782;23.2323796231682;722.33368869936;1144.32622601279;22.3033049040512;716.370338741816;1123.89809279818;37.0586393395958
S4_Ivana-Field-12-Airyscan3DProcessed;10;782.206432;2;3;8;0.173328269780137;0.465569270139783;0.403515309000286;1;2;2;1371.19286403086;1654.24397299904;27.0405014464802;1371.48167539267;1658.50261780105;26.8272251308901;1368.80053908356;1658.73315363881;24.0494159928122
S4_Ivana-Field-12-Airyscan3DProcessed;11;420.450464;3;2;3;0.356587955228729;0.765377910250639;0.578954411608037;2;2;2;1381.8089976322;993.652328334649;34.7304656669298;1388.29599177801;989.51901336074;33.4429599177801;1382.73141122914;985.257966616085;29.8247344461305
S4_Ivana-Field-12-Airyscan3DProcessed;12;457.187808;1;2;2;0.275628054395211;0.22127459869216;0.430378801610493;1;1;1;1895.26718092567;2620.84151472651;24.7124824684432;1891.94935691318;2622.66237942122;26.3577170418006;1892.78262295082;2621.47016393443;23.3118032786885
S4_Ivana-Field-12-Airyscan3DProcessed;13;1010.669632;5;4;1;0.855929889034818;1.37304249443943;0.69151222384275;3;2;1;1949.80396203054;519.674783326455;44.0548906314486;1957.10396039604;507.401281304601;39.5017472335469;1950.44203233256;506.972286374134;34.9454965357968
S4_Ivana-Field-12-Airyscan3DProcessed;14;1283.767072;8;2;6;4.9947296410508;5.23383245393649;0.454341244401369;7;1;4;1227.10697115385;302.056290064103;45.9867788461538;1328.6772073922;372.226694045175;40.6287474332649;1338.89385150812;367.285382830626;40.4947795823666
S4_Ivana-Field-13-Airyscan3DProcessed;1;467.601344;1;1;1;3.0253712616612;3.37466004311754;0.436322996732866;1;1;1;2527.25284090909;1542.10227272727;43.7467532467532;2461.61986754967;1577.72450331126;40.3192052980132;2454.60996835443;1580.04588607595;38.0253164556962
S4_Ivana-Field-13-Airyscan3DProcessed;2;500.351488;4;3;3;0.287164916602247;1.05550465658697;1.13635389922514;2;1;1;702.270924422236;2015.13194878201;35.3390068707058;703.445111492281;2014.82718696398;33.3173241852487;679.663060278207;2028.73956723338;35.2952086553323
S4_Ivana-Field-13-Airyscan3DProcessed;3;613.312672;2;1;2;0.436272089212092;0.91121094637252;0.484122964444802;1;1;1;1574.37814029364;870.983360522023;37.3288743882545;1568.66319315221;876.367696315594;35.165984369185;1563.51875498803;879.838467677574;32.1971268954509
S4_Ivana-Field-13-Airyscan3DProcessed;4;1707.519744;6;4;3;0.160783102585043;0.231609321647803;0.204517185800926;3;2;2;2100.20701168614;2456.30467445743;30.1026711185309;2102.77113264283;2458.67089876378;30.6729034413632;2104.29447565543;2459.25374531835;29.2883895131086
S4_Ivana-Field-13-Airyscan3DProcessed;6;756.764064;5;4;3;1.6318817204845;1.068955585997;0.612770768691352;2;2;1;169.36518448439;1912.06906338694;24.484389782403;160.554755043228;1947.57853025937;29.6419308357349;161.638604930848;1936.52856283824;26.6262778111846
S4_Ivana-Field-13-Airyscan3DProcessed;6;756.764064;5;4;3;0.251356486232739;0.509571884220585;0.499397399852482;4;3;2;287.681911262799;2113.18907849829;35.0460750853242;284.473004153207;2118.41716658976;34.6566682048916;289.498542274052;2115.46088435374;31.5024295432459
S4_Ivana-Field-13-Airyscan3DProcessed;7;434.354368;2;1;1;0.567294895149284;0.646030738985497;0.27352885524361;1;1;1;1057.05007052186;674.99365303244;33.950634696756;1053.93358999038;688.177574590953;35.1496631376323;1052.6479321315;690.383881230117;33.3372216330859
S4_Ivana-Field-13-Airyscan3DProcessed;8;505.014496;3;2;2;0.262879871158294;0.520483668054169;0.344053911344007;1;1;1;1023.37870806765;950.320487940116;36.315497643471;1028.31171383648;953.434748427673;35.4508647798742;1028.32350142721;953.429115128449;32.9933396764986
S4_Ivana-Field-13-Airyscan3DProcessed;8;505.014496;3;2;2;0.756773964346858;0.687148653047268;0.9923102578424;2;2;2;1111.70484581498;1133.69918187539;36.35368156073;1116.49084017688;1150.43651295009;38.47062539482;1128.46003016591;1129.91704374057;36.4279250161603
S4_Ivana-Field-13-Airyscan3DProcessed;9;393.894592;2;2;1;0.42386290043321;2.54871827158801;2.2570066946422;2;2;1;1101.57204486626;2844.47368421053;45.7338222605695;1108.3870292887;2847.21373779637;43.5516039051604;1155.08024072217;2820.97893681043;38.4784353059178
S4_Ivana-Field-13-Airyscan3DProcessed;10;722.469888;7;3;4;1.13304276650179;1.03232966499787;0.315397931161095;5;2;1;931.942703670546;1429.76812891674;33.8370635631155;932.755387931035;1457.97449712644;34.5431034482759;930.200264375413;1455.13417052214;32.5723727693325
S4_Ivana-Field-13-Airyscan3DProcessed;11;388.069696;1;1;2;0.0993318486691795;0.264157758705252;0.270069314154428;1;1;1;1898.31755780347;339.39848265896;35.1528179190751;1897.18625060946;339.394441735739;34.5212091662604;1902.79054054054;335.769932432432;34.2297297297297
S4_Ivana-Field-13-Airyscan3DProcessed;12;390.3816;1;0;1;NaN;NaN;NaN;NaN;NaN;NaN;NaN;NaN;NaN;NaN;NaN;NaN;NaN;NaN;NaN
S4_Ivana-Field-13-Airyscan3DProcessed;13;916.667136;4;4;3;0.540469899936461;0.405149432873043;0.563081907081576;3;2;1;2586.25617283951;2259.53209876543;26.9320987654321;2574.587890625;2266.31966145833;26.763671875;2586.07263590681;2264.87802649612;24.474645957058
S4_Ivana-Field-13-Airyscan3DProcessed;14;513.214464;1;2;2;0.600129974328511;0.65432149038908;0.267143397435583;1;1;1;417.944692239072;418.363960749331;35.9110912875409;414.164456233422;414.065428824049;31.9487179487179;419.661115736886;417.046461282265;31.2784346378018
S4_Ivana-Field-13-Airyscan3DProcessed;15;65.369024;0;0;1;NaN;NaN;NaN;NaN;NaN;NaN;NaN;NaN;NaN;NaN;NaN;NaN;NaN;NaN;NaN
S4_Ivana-Field-13-Airyscan3DProcessed;16;484.061536;1;1;1;0.515139675990275;0.673201050272292;0.598505397750345;1;1;1;2855.68990169794;208.763181411975;32.7662198391421;2859.85338345865;217.817400644468;30.4355531686359;2850.27053721995;209.347145266201;28.2168152252469
S4_Ivana-Field-13-Airyscan3DProcessed;17;141.60496;1;0;1;NaN;NaN;NaN;NaN;NaN;NaN;NaN;NaN;NaN;NaN;NaN;NaN;NaN;NaN;NaN
S4_Ivana-Field-13-Airyscan3DProcessed;18;277.15632;2;1;1;0.102844365707741;0.24105782701488;0.309252787042705;1;1;1;769.208625877633;118.988966900702;32.7988966900702;770.086678832117;120.706204379562;33.2846715328467;772.255983350676;117.440166493236;31.3808532778356
S4_Ivana-Field-14-Airyscan3DProcessed;1;330.556128;1;1;0;NaN;NaN;NaN;NaN;NaN;NaN;NaN;NaN;NaN;NaN;NaN;NaN;NaN;NaN;NaN
S4_Ivana-Field-14-Airyscan3DProcessed;2;400.9208;3;2;1;2.0448376272566;1.99847585576955;0.126284528433963;1;2;1;674942;2083.012;22302;693.315165876777;2117.01718009479;31.8613744075829;694.10020097617;2117.66436979615;31.0074648291703
S4_Ivana-Field-14-Airyscan3DProcessed;3;558.628672;3;0;3;NaN;NaN;NaN;NaN;NaN;NaN;NaN;NaN;NaN;NaN;NaN;NaN;NaN;NaN;NaN
S4_Ivana-Field-14-Airyscan3DProcessed;4;2633.977696;8;8;7;0.375592250659592;0.636323089041279;0.571097717988688;2;2;1;1289.23881221246;2531.52112086993;23.9259723964868;1290.8487219614;2523.40375586854;22.6583202921231;1291.80162703379;2532.14142678348;19.4436795994994
S4_Ivana-Field-14-Airyscan3DProcessed;4;2633.977696;8;8;7;0.235694510406149;0.432348297667812;0.444184165676324;3;3;2;966.599102468212;2108.38556469708;25.2322363500374;962.86789856497;2104.38057794378;24.6090033418518;958.203104786546;2114.40922811557;24.3264338076757
S4_Ivana-Field-14-Airyscan3DProcessed;4;2633.977696;8;8;7;0.447262049953814;0.592622913862419;0.675866248674283;4;4;3;1338.94600938967;2423.92509603073;30.575117370892;1349.67190872649;2422.66389145853;29.7474560592044;1340.27316224445;2434.77642453241;27.7181383210091
S4_Ivana-Field-14-Airyscan3DProcessed;5;1532.823264;8;6;4;0.262341417535016;0.622917859350983;0.680646083970433;1;1;1;1804.0174379611;2236.78604963112;26.504359490275;1798.95652173913;2233.27762681159;25.8596014492754;1806.32314180285;2243.07538218239;22.4876120189773
S4_Ivana-Field-14-Airyscan3DProcessed;5;1532.823264;8;6;4;0.234974677921304;0.33622715686652;0.247194245046376;7;4;4;2303.33671252715;2115.7320782042;37.6813902968863;2299.29478040929;2112.22694872384;36.9882731662451;2301.13247974915;2114.2383067677;35.403449176901
S4_Ivana-Field-14-Airyscan3DProcessed;6;440.057856;2;2;1;0.478915284698085;0.542689048432447;0.436392745717229;1;2;1;1896.94897959184;893.230229591837;25.1843112244898;1891.19303423849;884.869539551358;23.3701298701299;1896.62956901255;891.168576104746;21.354064375341
S4_Ivana-Field-14-Airyscan3DProcessed;7;371.058016;1;2;0;NaN;NaN;NaN;NaN;NaN;NaN;NaN;NaN;NaN;NaN;NaN;NaN;NaN;NaN;NaN
S4_Ivana-Field-14-Airyscan3DProcessed;8;920192;4;5;5;0.232441504269217;0.947495123883102;0.878606636779181;1;2;1;2528.45454545455;456.448598130841;27.1223449447749;2531.82349974786;458.507816439738;25.904185577408;2516.7269772481;461.75406283857;21.4409534127844
S4_Ivana-Field-14-Airyscan3DProcessed;8;920192;4;5;5;0.384406228610377;0.359120506547441;0.503593736123933;2;3;4;2532.15802675585;378.28135451505;43.1505016722408;2539.27231404959;383.451652892562;44.2574380165289;2533.4354094579;383.377162629758;41.0703575547866
S4_Ivana-Field-14-Airyscan3DProcessed;8;920192;4;5;5;0.436915805515775;0.348264545825765;0.619290117650345;3;4;5;2420.24282094595;659.702702702703;48.2069256756757;2419.42113095238;660.723214285714;45.1086309523809;2428.7671594509;660.648363252376;48.6351636747624
S4_Ivana-Field-14-Airyscan3DProcessed;9;927.881024;7;3;5;0.475920681564478;0.986584736362216;0.612659721744849;1;1;3;467.792253521127;1669.95674044266;36.013078470825;462.06993006993;1664.07847707848;33.5508935508935;460.979888268156;1667.28770949721;29.2832402234637
S4_Ivana-Field-14-Airyscan3DProcessed;9;927.881024;7;3;5;0.336671690203532;0.313779271921824;0.274401025642058;4;3;4;249.397391304348;1916.36260869565;43.0765217391304;241.285305343511;1915.74236641221;43.6927480916031;242.942484662577;1916.51610429448;41.8036809815951
S4_Ivana-Field-14-Airyscan3DProcessed;10;382.405856;1;1;2;0.159210409967679;0.675209744747826;0.578458078071343;1;1;2;560.990571715145;1115.1705115346;41.4511534603811;558.984242424242;1111.73595959596;41.4925252525253;562.103305785124;1100.80702479339;38.9376033057851
S4_Ivana-Field-14-Airyscan3DProcessed;12;496.153952;3;2;2;0.609338260872115;0.935153026037231;0.586538181984522;1;1;1;2395.77946639649;938.126646403242;26.9804120229652;2408.80022279985;936.168585220943;24.7916821388786;2405.49948400413;925.358101135191;22.1228070175439
S4_Ivana-Field-14-Airyscan3DProcessed;14;342.872768;3;4;3;0.393572016297365;0.987905365950115;0.596017993091136;1;2;1;795.520754716981;173.110566037736;42.268679245283;796.190520446097;176.047862453532;39.5924721189591;798.922687861272;180.057080924855;35.5671965317919
S4_Ivana-Field-14-Airyscan3DProcessed;14;342.872768;3;4;3;0.265335423887728;0.238087654641853;0.40687445316176;3;3;3;877.27429609446;252.210717529519;51.7402361489555;880.675977653631;250.129608938547;50.2256983240223;871.481158088235;251.915900735294;51.3589154411765
S4_Ivana-Field-14-Airyscan3DProcessed;15;375.725952;3;2;2;0.555937465576274;0.611165803922404;0.389443297275681;3;2;2;2408.50907868191;1491.36987222596;48.1304640215198;2418.12233718807;1494.63055386488;45.4181375532562;2409.89823763502;1495.62819783968;43.9567936327459
S4_Ivana-Field-14-Airyscan3DProcessed;16;583.246496;1;2;3;0.270907781895733;0.382333805832802;0.494912770179352;1;2;3;2747.48290341932;1503.925014997;51.2993401319736;2743.90469916557;1500.82213438735;49.9161176987264;2755.36654478976;1498.57404021938;51.0822669104205
S4_Ivana-Field-14-Airyscan3DProcessed;17;356.13424;1;1;0;NaN;NaN;NaN;NaN;NaN;NaN;NaN;NaN;NaN;NaN;NaN;NaN;NaN;NaN;NaN
S4_Ivana-Field-14-Airyscan3DProcessed;18;162.503264;1;0;0;NaN;NaN;NaN;NaN;NaN;NaN;NaN;NaN;NaN;NaN;NaN;NaN;NaN;NaN;NaN
S4_Ivana-Field-15-Airyscan3DProcessed;1;1244.929728;6;6;4;0.151577254247387;0.532697518046169;0.46457731783709;2;1;1;2082.7130977131;1664.35204435204;25.005544005544;2083.25744476465;1667.93659942363;24.6906820365034;2081.15604867573;1668.67072297781;21.4337866857552
S4_Ivana-Field-15-Airyscan3DProcessed;1;1244.929728;6;6;4;0.414286168677925;1.40962264128358;1.3896062226055;5;6;4;2004.4872417983;1800.24260834346;46.1567436208991;2004.95683453237;1797.56731757451;43.3011305241521;1993.55594231726;1829.90601690701;41.7076081551467
S4_Ivana-Field-15-Airyscan3DProcessed;2;477.88832;3;3;2;2.33254415756859;2.14924811856652;0.436709615979712;1;2;2;1127.00101626016;2785.43597560976;26.9019308943089;1092.59657412877;2812.33786178382;37.9421145894861;1088.33455882353;2808.43198529412;35.2959558823529
S4_Ivana-Field-15-Airyscan3DProcessed;3;566.459936;3;2;3;0.361318427724649;0.806597471297103;0.641408933091085;1;1;1;1542.00239005736;150.492351816444;38.0578393881453;1547.85981308411;143.964032851883;37.440668365902;1542.36535859269;138.475642760487;33.4323410013532
S4_Ivana-Field-15-Airyscan3DProcessed;3;566.459936;3;2;3;0.402126149620874;0.788337856461108;0.577577076626005;3;2;3;1556.31306364339;266.15640298892;46.2499355836125;1556.27474560592;258.502775208141;44.3876040703053;1556.803946694;264.518452075859;40.6401845207586
S4_Ivana-Field-15-Airyscan3DProcessed;5;863.385376;4;3;6;0.138256162489408;0.637550361730384;0.714711800060807;2;1;3;277.121181262729;181.489816700611;44.2942973523422;277.526558182376;178.90666257292;43.6484494933988;273.749156578686;196.070450486208;42.7273268505656
S4_Ivana-Field-15-Airyscan3DProcessed;5;863.385376;4;3;6;0.481192479414535;0.890565192746253;0.528450001681177;3;2;4;313.590625;150.40625;47.8864583333333;319.034126365055;154.982644305772;45.1142745709828;321.967483741871;147.924462231116;42.0355177588794
S4_Ivana-Field-15-Airyscan3DProcessed;5;863.385376;4;3;6;0.939253101491011;0.670779328071389;1.2015182381055;4;3;5;342.715861174181;763.55530327603;49.1352578657152;366.102250296092;763.711804184761;49.7362810896171;342.73055028463;760.6110056926;44.4184060721063
S4_Ivana-Field-15-Airyscan3DProcessed;6;369.937344;1;2;2;0.243073255108815;0.494976725844256;0.449301837266067;1;2;2;426.329957148422;1011.30112972341;36.3992987923646;432.179235356015;1010.0968081375;36.7204489652753;433.735886650432;1011.49745406243;33.5674119991145
S4_Ivana-Field-15-Airyscan3DProcessed;7;404.507712;0;1;1;NaN;NaN;NaN;NaN;NaN;NaN;NaN;NaN;NaN;NaN;NaN;NaN;NaN;NaN;NaN
S4_Ivana-Field-15-Airyscan3DProcessed;8;616.738752;3;3;2;0.110877490462733;0.579342019965477;0.589132415749032;1;1;1;1091.83781018163;179.470708621131;23.5052443080072;1090.37324929972;181.224089635854;23.0567226890756;1094.07978723404;171.103280141844;20.188829787234
S4_Ivana-Field-15-Airyscan3DProcessed;8;616.738752;3;3;2;0.239985396538231;0.784358273811998;0.639803264346997;2;2;2;1001.05947407225;134.373556156304;28.2555910543131;1006.31177730193;132.844539614561;27.5516059957173;1008.54619480113;135.402756028813;23.0858127153148
S4_Ivana-Field-15-Airyscan3DProcessed;9;469.461216;1;1;1;2.27336837002804;2.87554696503789;0.603274661475897;1;1;1;1114.6319690622;1518.99452143087;37.6793425717048;1101.3112830088;1553.91117631368;25.4451853827687;1098.09252669039;1562.44946619217;22.0142348754448
S4_Ivana-Field-15-Airyscan3DProcessed;10;663.023424;4;4;3;0.743914412964792;0.614302951145511;0.417068548951063;1;1;1;1237.85243243243;2204.74;25.4702702702703;1228.17480998914;2200.12920738328;21.128121606949;1237.55549845838;2204.67831449126;21.0832476875642
S4_Ivana-Field-15-Airyscan3DProcessed;10;663.023424;4;4;3;0.184698469836143;0.431276380400977;0.285846950634076;2;2;2;1097.96475195822;2526.11716710183;31.2787206266319;1098.00416418798;2525.91671624033;29.9607376561571;1093.07676130389;2523.75394321767;28.6172450052576
S4_Ivana-Field-15-Airyscan3DProcessed;10;663.023424;4;4;3;0.116192218174123;0.669525068672001;0.57848697132259;4;3;3;1267.18388341192;2149.80882983283;46.7693956279468;1266.39118913548;2151.99933752898;46.2736005299768;1264.09880564604;2154.28664495114;42.2464712269273
S4_Ivana-Field-15-Airyscan3DProcessed;11;732.65248;3;4;5;0.445349244262708;0.444897216751105;0.102926505338131;2;3;3;1384.33233532934;1123.79820359281;36.7341317365269;1393.87816011236;1127.12640449438;35.4013342696629;1393.1279956427;1125.57135076253;34.8562091503268
S4_Ivana-Field-15-Airyscan3DProcessed;12;729.724576;4;2;1;0.582066560721323;0.816897186083322;0.247328757811714;2;1;1;1312.72356935015;1983.42599418041;33.1513094083414;1308.06877228732;1973.19612837494;30.5104431991849;1305.44832944833;1970.79176379176;29.0652680652681
S4_Ivana-Field-15-Airyscan3DProcessed;13;727.04688;2;1;3;3.93558407608938;3.77965788775694;0.701467009368196;1;1;3;1939.54549469965;672.200530035336;28.6908127208481;1951.49868073879;734.472295514512;50.1856860158311;1934.29570484581;731.769273127753;49.5941629955947
S4_Ivana-Field-15-Airyscan3DProcessed;14;372.10656;1;2;1;0.355272254716169;0.480550298744779;0.565211750618533;1;2;1;2280.10766045549;2432.61801242236;49.703933747412;2273.32776617954;2438.34446764092;49.8058455114823;2280.45940460081;2435.81190798376;46.3964817320704
S4_Ivana-Field-15-Airyscan3DProcessed;16;720.457472;2;3;1;1.13486104118051;1.58413639379622;0.452742347436756;2;2;1;2618.9376225971;2277.8289525304;29.5663005100039;2611.21196827686;2273.42177361211;21.8687815428983;2608.37285390347;2270.0573372206;18.8895367670878
S4_Ivana-Field-15-Airyscan3DProcessed;17;227.039232;1;1;0;NaN;NaN;NaN;NaN;NaN;NaN;NaN;NaN;NaN;NaN;NaN;NaN;NaN;NaN;NaN
S4_Ivana-Field-16-Airyscan3DProcessed;1;2814.734944;14;10;9;0.815199348735382;4.20599667551076;3.74316352906017;1;1;9;1992.83155856728;2146.53146176186;21.75701839303;1992.93437806072;2166.90009794319;21.949069539667;1996.00954198473;2210.40267175573;45.6049618320611
S4_Ivana-Field-16-Airyscan3DProcessed;1;2814.734944;14;10;9;1.99262061855043;0.535263423507897;0.247475346174054;5;4;2;1953.05332385354;1919.10735869179;30.1944543192321;1906.97712418301;1905.18518518519;33.8616557734205;1950.72978303748;1925.85108481262;26.9595660749507
S4_Ivana-Field-16-Airyscan3DProcessed;1;2814.734944;14;10;9;0.400312047710359;0.438080254937398;2.16331241618661;6;3;4;1963.12514484357;1858.9281575898;33.5231749710313;1960.09789702683;1856.66932559826;30.8752719361856;1955.97739130435;1861.10869565217;31.235652173913
S4_Ivana-Field-16-Airyscan3DProcessed;1;2814.734944;14;10;9;0.723616223728701;1.13958828561599;0.526890835639339;10;5;5;2113.2589624631;2415.88232813159;42.994095318431;2100.70739447794;2417.15677562679;39.289749285941;2100.0148673376;2411.49908508692;35.8968435498628
S4_Ivana-Field-16-Airyscan3DProcessed;1;2814.734944;14;10;9;0.684309151643032;0.89298650260825;0.922484822238451;13;10;8;2066.26623376623;1985.18262987013;50.2203733766234;2049.82402234637;1989.8687150838;50.3938547486034;2059.83582089552;1992.86194029851;44.5199004975124
S4_Ivana-Field-16-Airyscan3DProcessed;2;701.494304;4;2;2;0.835403001540288;0.758106272203775;0.329031656620815;1;1;1;1979.28491930996;2602.72843628269;24.2437395659432;1971.40035523979;2618.65222024867;21.1079928952043;1967.79912663755;2611.38427947598;20.7170929507174
S4_Ivana-Field-16-Airyscan3DProcessed;2;701.494304;4;2;2;0.396308734150088;2.97950294960566;2.70314461508973;2;2;2;2137.9347826087;2738.49498327759;26.5451505016722;2134.36811887876;2730.29550827423;25.3259034110098;2148.05263157895;2664.96842105263;28.3492822966507
S4_Ivana-Field-16-Airyscan3DProcessed;3;1142.718976;5;5;6;1.04878760057723;0.864048994662047;1.18402074002331;1;1;1;436.570293884035;564.107625099285;26.5198570293884;456.279247910863;560.745821727019;31.366295264624;454.128552971576;562.652454780362;22.9489664082687
S4_Ivana-Field-16-Airyscan3DProcessed;3;1142.718976;5;5;6;0.341672021865344;0.566246132474776;0.388165642780942;2;4;2;267.721363316936;284.940267041462;33.099437807449;276.066985645933;286.368421052632;32.777033492823;271.831410592554;283.27163083377;29.2585212375459
S4_Ivana-Field-16-Airyscan3DProcessed;3;1142.718976;5;5;6;0.529633640585306;0.587958701206012;0.535439004483607;3;3;4;521.493743984601;418.036252807186;34.172281039461;517.785212915302;417.399625643425;30.5451567618156;527.402941176471;418.446323529412;30.3286764705882
S4_Ivana-Field-16-Airyscan3DProcessed;3;1142.718976;5;5;6;0.489923822203946;0.506148413660227;0.664032335104634;4;5;5;391.904494382022;184.874243733794;42.3928262748487;379.749426342359;185.143184947223;41.969251950436;392.03249251817;185.152201795639;38.7785378366823
S4_Ivana-Field-16-Airyscan3DProcessed;4;1081.042368;7;3;7;0.322742729464137;0.512902438705396;0.55601797072176;1;1;2;1444.31533477322;1645.18286537077;33.2411807055436;1441.78189300412;1637.97236919459;32.5020576131687;1442.890921886;1647.65165376495;29.6692470091485
S4_Ivana-Field-16-Airyscan3DProcessed;5;2637.256384;9;8;11;0.630914312858246;0.886589278989546;0.586544857752455;3;1;2;1523.15861571738;904.795602018746;25.8280461427541;1513.28542510121;896.999190283401;23.1097165991903;1511.61784207354;908.406871609403;20.5207956600362
S4_Ivana-Field-16-Airyscan3DProcessed;5;2637.256384;9;8;11;0.667044777391122;1.01833148387689;0.458918326747869;4;2;3;1580.04426787741;958.859250851305;29.027809307605;1589.680625;953.44125;25.460625;1587.27562062381;945.560789306174;23.1795035009548
S4_Ivana-Field-16-Airyscan3DProcessed;5;2637.256384;9;8;11;0.331941878455992;0.734136574506628;0.448625890924381;6;6;5;1294.97476901208;861.82302771855;35.364960909737;1297.86113537118;868.750218340611;34.3528384279476;1280.575399754;870.837884378844;33.3805658056581
S4_Ivana-Field-16-Airyscan3DProcessed;5;2637.256384;9;8;11;0.559326371665302;0.728716757410181;0.371620654578508;7;4;6;1378.27794263106;751.884272997033;33.3501483679525;1365.12389149713;755.628847157016;34.1820552947313;1364.65741417093;762.36523009496;31.6234477720964
S4_Ivana-Field-16-Airyscan3DProcessed;5;2637.256384;9;8;11;0.513102726866176;0.715969940884217;0.709631005469116;8;5;7;1267.4578820698;1136.62906137184;38.7680505415162;1267.88623775032;1137.95909671922;35.1248402215594;1265.08823529412;1146.60815939279;34.5768500948767
S4_Ivana-Field-16-Airyscan3DProcessed;6;512.747424;3;3;2;0.319213773800801;0.460702256814603;0.382614378459166;2;2;1;2729.89858657244;1915.874204947;26.7190812720848;2730.92917847026;1922.76841359773;25.6090651558074;2724.88676008007;1916.17729482414;23.7575064340864
S4_Ivana-Field-16-Airyscan3DProcessed;6;512.747424;3;3;2;0.906731640033794;0.911648477078524;0.441723842262593;3;1;2;2796.34784735812;2075.06996086106;26.5469667318982;2815.96239717979;2078.4741480611;23.4494712103408;2810.51701427003;2074.90889132821;21.4467618002195
S4_Ivana-Field-16-Airyscan3DProcessed;7;1430.388288;3;5;7;0.11275349966465;0.383199350137313;0.398267048140829;2;4;3;1618.58300991807;2676.47520482967;34.5109961190168;1617.8804108584;2678.89581804842;34.1504035216434;1618.01842439644;2672.02033036849;32.0931808555697
S4_Ivana-Field-16-Airyscan3DProcessed;7;1430.388288;3;5;7;0.167502239805441;0.667252682690413;0.680817629072311;3;5;5;1629.61727574751;2634.45647840532;38.9720930232558;1628.04039535883;2637.30210571551;39.7253975075204;1614.04012112036;2628.88872066616;38.3580620741862
S4_Ivana-Field-16-Airyscan3DProcessed;9;328.344576;1;2;1;0.487585618605094;1.37301010736707;1.06830068883781;1;1;1;906.633383010432;263.947093889717;47.5238450074516;899.731348768835;260.43513414186;44.8342521131937;900.869955156951;274.288030355295;38.3183856502242
S4_Ivana-Field-16-Airyscan3DProcessed;10;1528.121728;0;4;4;NaN;NaN;NaN;NaN;NaN;NaN;NaN;NaN;NaN;NaN;NaN;NaN;NaN;NaN;NaN
S4_Ivana-Field-16-Airyscan3DProcessed;11;814.000992;3;3;2;1.16015238806231;1.51396053732931;0.584338597249601;1;2;1;2881.24714828897;132.218112685793;32.3276875216039;2854.35582630428;130.19368947204;35.3780068728522;2844.66221662469;122.864483627204;33.0617128463476
S4_Ivana-Field-16-Airyscan3DProcessed;12;363.111616;2;0;0;NaN;NaN;NaN;NaN;NaN;NaN;NaN;NaN;NaN;NaN;NaN;NaN;NaN;NaN;NaN
S4_Ivana-Field-16-Airyscan3DProcessed;13;478.462656;3;0;1;NaN;NaN;NaN;NaN;NaN;NaN;NaN;NaN;NaN;NaN;NaN;NaN;NaN;NaN;NaN
S4_Ivana-Field-16-Airyscan3DProcessed;14;481.369728;5;5;5;0.241315879271576;0.313998785260095;0.233053380736958;1;1;1;999.639585342334;1410.15549662488;29.4703471552555;998.956664478004;1409.82534471438;27.7603414313854;1004.34587737844;1407.62367864693;27.8274841437632
S4_Ivana-Field-16-Airyscan3DProcessed;14;481.369728;5;5;5;0.780126087837992;0.325680060615331;0.69519988535661;2;3;4;692.404679376083;1328.4116117851;43.2582322357019;707.434256055363;1340.82136678201;43.4567474048443;699.949227373068;1326.28785871965;42.6282560706402
S4_Ivana-Field-16-Airyscan3DProcessed;14;481.369728;5;5;5;1.00797090345817;1.31382412277042;0.664116718821496;3;4;3;913.50927734375;1379.33056640625;43.4365234375;905.56864216054;1355.79219804951;44.6451612903226;900.09009009009;1353.53897375637;39.0701135918527
S4_Ivana-Field-16-Airyscan3DProcessed;14;481.369728;5;5;5;1.48597823924353;1.33670381075308;0.81568202019805;4;2;2;754.068222621185;1390.75493716338;43.9739676840215;778.799092676604;1397.26960466623;36.2754374594945;762.916553595658;1392.53188602442;34.780868385346
S4_Ivana-Field-16-Airyscan3DProcessed;14;481.369728;5;5;5;0.461293311588126;1.32860965731056;0.949874098767663;5;5;5;964.032719836401;1264.918200409;49.6574642126789;969.091309823678;1265.71977329975;46.7052896725441;975.224502886466;1282.78062860808;42.3232841565106
S4_Ivana-Field-16-Airyscan3DProcessed;15;84.790944;1;0;0;NaN;NaN;NaN;NaN;NaN;NaN;NaN;NaN;NaN;NaN;NaN;NaN;NaN;NaN;NaN
S4_Ivana-Field-17-Airyscan3DProcessed;1;879.757536;4;4;6;0.387888801277136;0.325783626677194;0.291176172573499;3;2;4;509.647683397683;1318.62741312741;33.9527027027027;503.597098214286;1323.546875;32.3058035714286;505.405992509363;1316.54981273408;32.0569288389513
S4_Ivana-Field-17-Airyscan3DProcessed;2;1050.292096;7;4;4;0.66172143938668;0.804678140037305;0.484410864835367;1;2;1;975.629345904537;2359.78314672952;23.1043017088981;961.021907216495;2359.02770618557;20.8962628865979;963.472571428571;2357.93257142857;18.5554285714286
S4_Ivana-Field-17-Airyscan3DProcessed;2;1050.292096;7;4;4;0.644482365559779;1.0269635959361;0.344857106714057;2;1;2;747.311659192825;2666.36547085202;26.0319506726457;744.819392647842;2672.90516782099;21.8854555141183;750.433149724587;2670.96144216325;18.8703054581873
S4_Ivana-Field-17-Airyscan3DProcessed;2;1050.292096;7;4;4;0.295456327611887;0.460110474377622;0.33045595184839;5;4;4;585.198005698006;2682.91975308642;32.4259259259259;592.432692307692;2682.64160839161;32.0078671328671;591.677263969171;2685.82177263969;29.8400770712909
S4_Ivana-Field-17-Airyscan3DProcessed;3;979.618752;7;5;3;3.14112206623537;2.91954135459811;0.891379201374444;7;4;3;2610.78571428571;2466.60793650794;42.1539682539683;2684.51454649173;2483.52766685682;36.1306332002282;2674.4451668834;2469.89683571738;31.9960988296489
S4_Ivana-Field-17-Airyscan3DProcessed;5;1186.588704;5;2;3;0.500903366875483;0.674668152404505;0.353709896501118;5;2;3;404.471687098657;374.338003502627;50.9994162288383;415.904953685058;371.227144583166;49.8417237213049;417.924673585537;377.854703716103;48.2718446601942
S4_Ivana-Field-17-Airyscan3DProcessed;6;427.232064;4;1;2;0.50176499280645;0.471236155162309;0.495029374546611;1;1;1;1701.49867197875;2538.46679946879;23.7051792828685;1704.56493150685;2550.58082191781;24.0186301369863;1698.26304347826;2545.95706521739;21.2771739130435
S4_Ivana-Field-17-Airyscan3DProcessed;7;1061.363744;4;6;5;0.536473765002965;0.601928305433452;0.553279461150531;1;1;1;2290.29678848283;2108.21483942414;20.6836471022518;2288.26231691079;2095.05659121172;20.2230359520639;2288.80509641873;2101.9414600551;16.7988980716253
S4_Ivana-Field-17-Airyscan3DProcessed;7;1061.363744;4;6;5;0.0980986918206598;0.245110318547494;0.205787650097446;2;4;2;2233.91900647948;2078.82311015119;30.3686825053996;2233.55089514067;2076.5273657289;30.1457800511509;2228.42853942652;2076.14650537634;30.2287186379928
S4_Ivana-Field-17-Airyscan3DProcessed;7;1061.363744;4;6;5;0.404732406006778;0.417384876541758;0.183249813124563;4;6;5;1815.22217391304;2152.06826086957;48.9273913043478;1816.46831406935;2150.78158628936;46.0821044240733;1820.55074626866;2152.60248756219;46.3686567164179
S4_Ivana-Field-17-Airyscan3DProcessed;8;1204.12768;5;4;7;0.465534964964562;0.428733573970875;0.468216042049214;1;1;1;1873.15319361277;1354.37774451098;19.5164670658683;1867.33029381966;1347.89564336373;17.3120567375887;1877.23584441162;1353.74101427868;16.6907927129493
S4_Ivana-Field-17-Airyscan3DProcessed;10;716.199456;3;3;4;0.229309045038726;1.79130816725842;1.68537141838492;2;1;3;2876.23102493075;1530.70415512465;26.6216066481994;2879.24080702896;1532.08688577937;25.2847380410023;2894.45833333333;1571.3759057971;25.3740942028986
S4_Ivana-Field-17-Airyscan3DProcessed;10;716.199456;3;3;4;0.77327623860358;1.03964133732621;0.489557798591316;3;2;1;2813.4812967581;1528.82112899569;33.720018136477;2825.35066371681;1529.01438053097;29.3606194690265;2818.62597276265;1529.67607003891;26.4450389105058
S4_Ivana-Field-17-Airyscan3DProcessed;11;325.15616;2;2;1;0.315907318594344;0.533482783877583;0.249006010118301;1;1;1;194.091224018476;2209.48729792148;21.7609699769053;190.981063364894;2210.09468317553;19.6941005098325;185.991750687443;2212.33730522456;18.8450962419798
S4_Ivana-Field-17-Airyscan3DProcessed;12;929.640544;3;1;3;0.729123292418677;1.13289201390015;1.56783831138754;2;1;3;1961.40972222222;2764.06057098765;44.2179783950617;1967.4752362949;2781.24083175803;44.0586011342155;1948.46987951807;2756.15553121577;37.3833515881709
S4_Ivana-Field-17-Airyscan3DProcessed;13;438.538688;2;1;2;0.0800120999640938;0.280529040077096;0.205990949106521;2;1;2;2541.70788614092;1390.99160055996;49.3919738684088;2541.51392515231;1390.24499564839;48.8646649260226;2543.07169811321;1387.6679245283;47.6710691823899
S4_Ivana-Field-17-Airyscan3DProcessed;14;391.353088;1;2;2;0.794192676196473;0.753145191241805;0.363636574220735;1;2;2;1638.35981547924;707.152229625833;24.8862121988724;1632.9559877175;725.295291709314;26.596724667349;1638.99381443299;721.798969072165;28.2618556701031
S4_Ivana-Field-17-Airyscan3DProcessed;15;250.55296;1;1;1;4.14851376211636;4.18804214622475;0.427127613283302;1;1;1;1789.18816388467;2836.9914011128;49.3788568538189;1687.37716615698;2821.78287461774;45.769622833843;1688.97173913043;2814.11304347826;43.6963768115942
S4_Ivana-Field-18-Airyscan3DProcessed;1;7327.03104;30;27;30;0.197361638601535;0.565038300314282;0.376492006883455;1;1;1;1655.79692176144;2143.33390337751;20.5087644292433;1652.3848059455;2144.37737407102;19.5350949628406;1644.97186700767;2148.5791012057;18.392765801973
S4_Ivana-Field-18-Airyscan3DProcessed;1;7327.03104;30;27;30;0.319179707613432;0.660744327373332;0.571649520116903;5;5;4;1430.5;2288.43359073359;24.8907335907336;1429.47829207033;2280.61894510226;24.5339074273412;1435.45357343838;2281.58975801913;20.8351153629713
S4_Ivana-Field-18-Airyscan3DProcessed;1;7327.03104;30;27;30;0.503965508863975;0.822709233063026;0.437074780942489;8;10;3;484.682876712329;2298.67876712329;26.7075342465753;491.812879387701;2292.47954605437;29.0889416732647;479.015862524785;2292.33773959022;21.3569068076669
S4_Ivana-Field-18-Airyscan3DProcessed;1;7327.03104;30;27;30;0.385102624931743;0.160786182447247;1.19742537030586;9;9;8;1641.48613861386;2640.17128712871;26.1910891089109;1635.51407328731;2646.46176314392;27.3847583643123;1644.5877706261;2642.66179052077;26.0257460503218
S4_Ivana-Field-18-Airyscan3DProcessed;1;7327.03104;30;27;30;0.500016470502563;0.712241248484237;0.320146987519265;10;12;12;820.078600636074;2016.76010904134;34.0545206724216;824.879247773012;2007.21807984164;32.1992741669416;823.659784138902;2006.91459408728;29.9408728296574
S4_Ivana-Field-18-Airyscan3DProcessed;1;7327.03104;30;27;30;1.94329521676887;1.42591553304659;0.295664584377624;18;27;28;1499.76285963383;1964.03051438535;40.1482127288579;1487.25119617225;1991.10167464115;51.1058612440191;1511.82551222736;1961.76007931262;49.7105089226702
S4_Ivana-Field-18-Airyscan3DProcessed;1;7327.03104;30;27;30;0.262049721272084;0.540694954756181;1.81583841053121;21;18;21;1722.85714285714;1811.88228999465;44.8496522204387;1725.66291629163;1811.97164716472;43.1584158415842;1731.57614107884;1811.4101659751;41.9014522821577
S4_Ivana-Field-18-Airyscan3DProcessed;1;7327.03104;30;27;30;0.298861536194675;0.559136160844903;0.27111774114717;23;22;24;550.821452072823;2145.67185786357;47.5363018205747;556.266589728794;2148.71206001154;46.3606462781304;559.577657657658;2153.52072072072;45.3769369369369
S4_Ivana-Field-18-Airyscan3DProcessed;1;7327.03104;30;27;30;0.832148043862332;2.27146265811374;0.517459993500136;27;21;17;1136.2195;2817.3965;49.3645;1118.76104417671;2809.92449799197;46.9373493975904;1126.1910652921;2788.09965635739;35.7642611683849
S4_Ivana-Field-18-Airyscan3DProcessed;1;7327.03104;30;27;30;1.83622916519394;1.87118006245805;1.54333512898943;28;25;26;1296.21401077752;2408.58121632025;48.2109314857583;1288.12676767677;2453.63535353535;49.2030303030303;1287.19757033248;2453.50447570332;45.5166240409207
S4_Ivana-Field-18-Airyscan3DProcessed;2;1483.009696;9;5;4;0.32233531606823;0.562337551334785;0.388606338207464;5;2;3;1977.90415466886;1307.28259975319;33.951048951049;1982.44261168385;1301.48659793814;33.0144329896907;1980.20060996272;1301.76956963741;30.3148085394781
S4_Ivana-Field-18-Airyscan3DProcessed;3;408.722944;1;2;1;0.229652471925023;0.415189323667072;0.364286495714472;1;2;1;388.46048951049;1039.3048951049;28.2839160839161;385.053282588011;1043.9257849667;28.2749762131304;389.257893340409;1046.0899442823;26.0512072167684
S4_Ivana-Field-18-Airyscan3DProcessed;4;1717.291296;7;6;7;0.34656924495574;0.58596572374835;0.710757434650197;5;1;3;2505.72424651372;2317.330634278;30.0778227620333;2512.06102987921;2322.91290527654;30.631277813096;2501.83923389437;2323.76842716193;26.485780615206
S4_Ivana-Field-18-Airyscan3DProcessed;4;1717.291296;7;6;7;2.67295003204915;3.50204808384094;2.39573546677491;6;4;4;2109.00840336134;2152.29347123465;35.4945054945055;2093.58802816901;2212.14700704225;42.7517605633803;2054.9793411502;2218.22333891681;29.785036292574
S4_Ivana-Field-18-Airyscan3DProcessed;4;1717.291296;7;6;7;0.119934584317859;0.630760214507014;0.513594912583666;7;5;7;2234.90519877676;2386.31600407747;45.4138634046891;2234.74970603057;2384.88829161767;44.6618511674786;2232.55826794536;2381.28625399593;41.196745132229
S4_Ivana-Field-18-Airyscan3DProcessed;5;703.621184;5;2;5;0.18480833161951;0.156036710862113;0.23717015761255;2;1;2;104.900355871886;1439.56524317912;32.7485172004745;103.310366624526;1435.25632111252;32.6052465233881;106.555627009646;1439.2;31.7446945337621
S4_Ivana-Field-18-Airyscan3DProcessed;5;703.621184;5;2;5;0.655282116868781;0.639180671552085;0.263142853338662;4;2;4;112.498521584861;1344.60260201064;39.9934949733885;126.078475336323;1342.82230941704;37.4254484304933;121.103825136612;1342.17607771706;36.2094717668488
S4_Ivana-Field-18-Airyscan3DProcessed;6;1240.388576;4;3;3;0.458077218054282;1.12521234583184;0.706935608106491;1;1;1;1399.2232928362;893.194595726854;31.7922077922078;1393.45551819016;891.730663405686;28.9966371140324;1384.97594501718;898.751431844215;25.0463917525773
S4_Ivana-Field-18-Airyscan3DProcessed;6;1240.388576;4;3;3;0.423535662637056;0.659402354077666;0.423648538368375;3;2;2;1306.50833333333;931.320175438596;37.6004385964912;1299.68472906404;930.087533156499;35.3141341417204;1305.78061977373;931.969503197245;32.8986719134284
S4_Ivana-Field-18-Airyscan3DProcessed;8;466.558176;4;3;1;0.471958385307652;0.660529051693045;0.210506855907713;1;1;1;1832.4289978678;379.158635394456;26.6891257995736;1836.33877402974;372.963728690606;24.0464272760247;1838.77277085331;372.929050814957;22.7133269415149
S4_Ivana-Field-18-Airyscan3DProcessed;9;867.208384;3;4;2;0.244861091995221;0.492756741002506;0.276345665595403;1;2;2;2339.48172853828;1728.85585846868;43.4144431554524;2341.66653635653;1728.19311962471;41.7916340891321;2341.68010752688;1723.81272401434;40.2652329749104
S4_Ivana-Field-18-Airyscan3DProcessed;10;477.550528;2;2;1;0.702809490754871;0.257791088262634;0.786544875678919;1;1;1;2193.07029575654;651.730390055722;27.5070724389198;2186.6592;646.7216;23.0576;2188.75063326766;648.902054601745;28.6090627638615
S4_Ivana-Field-18-Airyscan3DProcessed;11;352.571744;1;1;2;0.274695084602737;0.257203902886209;0.076979995295893;1;1;1;94.6292648610623;1813.62117481534;38.4776644389729;91.8409854423292;1813.71668533035;36.6847704367301;93.5801853171775;1814.54062722737;36.6842480399145
S4_Ivana-Field-18-Airyscan3DProcessed;12;317.9904;3;3;1;0.60169933215384;0.357016474600879;0.706755782674916;2;2;1;863.24973876698;282.612852664577;31.1212121212121;868.878923766816;292.738629083921;28.3798846893017;855.178108966528;283.229416076228;30.0471536770095
S4_Ivana-Field-18-Airyscan3DProcessed;13;709.225216;4;4;2;0.69339253261628;0.813528241925651;0.526756653830239;2;1;1;2559.06576862124;1174.80322239831;28.2411516111992;2544.20200638395;1181.33766529868;26.5063839489284;2549.75293415556;1178.56037398051;23.1879848816391
S4_Ivana-Field-18-Airyscan3DProcessed;13;709.225216;4;4;2;1.43562989758857;1.24921409725524;0.191943557974593;4;3;2;2583.12653898769;1048.67783857729;48.8823529411765;2573.4549402823;1047.02714440825;39.0184581976113;2575.17284623773;1046.28244274809;40.2808069792803
S4_Ivana-Field-18-Airyscan3DProcessed;15;107.159136;1;0;0;NaN;NaN;NaN;NaN;NaN;NaN;NaN;NaN;NaN;NaN;NaN;NaN;NaN;NaN;NaN
S4_Ivana-Field-18-Airyscan3DProcessed;16;420.45024;1;3;2;0.23128439484222;0.47103618708653;0.327133407912595;1;1;1;982.952181500873;1371.86806282723;24.2743455497382;981.68345323741;1372.09090909091;22.6638325703074;973.712031558185;1373.02564102564;22.2149901380671
S4_Ivana-Field-18-Airyscan3DProcessed;17;382.042976;2;2;2;0.322665662227861;0.54883646274836;0.373587285672813;2;2;2;2705.54881412024;2733.52013237728;36.980694980695;2697.78476190476;2731.57396825397;36.6946031746032;2696.11141552511;2733.61917808219;34.1351598173516
S4_Ivana-Field-18-Airyscan3DProcessed;18;320.366592;2;1;1;1.74387229357991;1.62890547865766;0.444536395228756;2;1;1;2749.07556578443;155.950517836594;37.5186037591101;2712.3920981742;161.986530978749;31.0122717749177;2720.76188418323;158.435609334486;29.1862575626621
S4_Ivana-Field-18-Airyscan3DProcessed;19;806.356992;4;3;2;0.569423719190191;0.998067322683166;0.572945486600055;3;1;1;2201.62636273538;393.667988107037;38.5654112983152;2203.0491345617;407.816862088219;38.7543271915131;2200.36586462784;416.204182595008;35.5266471778727
S4_Ivana-Field-18-Airyscan3DProcessed;20;232.212064;1;1;0;NaN;NaN;NaN;NaN;NaN;NaN;NaN;NaN;NaN;NaN;NaN;NaN;NaN;NaN;NaN
S4_Ivana-Field-18-Airyscan3DProcessed;21;114.772672;2;2;1;0.18054706399824;5.11921897655454;5.08095964413234;1;1;1;1133.25816818425;56.5008034279593;40.9619710765935;1133.80316518299;56.2106824925816;39.6844708209693;1020.82566111655;10.5004897159647;29.4554358472086
S4_Ivana-Field-18-Airyscan3DProcessed;22;53.492992;0;0;0;NaN;NaN;NaN;NaN;NaN;NaN;NaN;NaN;NaN;NaN;NaN;NaN;NaN;NaN;NaN
S4_Ivana-Field-19-Airyscan3DProcessed;1;835.25568;2;4;3;0.276418186713547;2.6217344980876;2.73969806455702;1;1;1;1457.87442806304;2761.17844433147;19.3650228774784;1453.00223214286;2761.66369047619;17.9717261904762;1492.58143607706;2816.40280210158;21.2084063047285
S4_Ivana-Field-19-Airyscan3DProcessed;2;1107.2488;7;3;3;0.110743329621782;0.354256051868739;0.273792247497504;7;3;3;2442.42154368109;2325.60729431722;51.2595419847328;2444.7400482509;2325.20747889023;50.8425814234017;2446.74104156713;2319.67654085045;49.842331581462
S4_Ivana-Field-19-Airyscan3DProcessed;4;306.21584;1;2;2;0.507431021989779;1.1881755625861;1.44730565449166;1;2;2;1235.5500618047;1572.53605274001;42.7799752781211;1225.3606870229;1572.45133587786;44.9389312977099;1228.38897396631;1563.432618683;34.9647779479326
S4_Ivana-Field-19-Airyscan3DProcessed;6;1139.757024;2;3;2;6.87073884457828;0.407984422757738;6.95982304569663;1;3;1;779.827892122072;2706.90259048971;26.166784953868;708.265993265993;2575.59461279461;50.3117845117845;777.362765753687;2704.58896763072;23.4173529975101
S4_Ivana-Field-19-Airyscan3DProcessed;7;1325.183328;6;3;5;0.458959844066815;0.506316057186971;0.601610773143484;2;2;3;1068.46766169154;2456.93345771144;33.6828358208955;1063.31602296451;2446.69650313152;33.8439457202505;1064.47021445592;2455.08419380461;30.2922954725973
S4_Ivana-Field-19-Airyscan3DProcessed;8;427.478016;2;2;1;0.220917346280152;0.298964180603256;0.380103116641024;1;1;1;1163.26880689986;706.119310014375;20.1514135122185;1159.80160320641;701.953106212425;19.848496993988;1169.29060324826;701.978828306265;19.703596287703
S4_Ivana-Field-19-Airyscan3DProcessed;9;332.033632;1;1;1;6.12002602508657;5.90045259903439;1.00351470209911;1;1;1;1410.98486055777;2585.51474103586;42.4350597609562;1292.55623818526;2490.01039697543;47.0666351606805;1286.7392578125;2506.0302734375;41.806640625
S4_Ivana-Field-19-Airyscan3DProcessed;10;1310.761536;3;6;5;0.711246808050895;0.845231707038721;0.691836165466786;1;1;1;1867.79568838805;2158.24840764331;24.9975502204802;1852.413304253;2154.03217011996;22.7519083969466;1861.49393530997;2162.86859838275;19.3881401617251
S4_Ivana-Field-19-Airyscan3DProcessed;10;1310.761536;3;6;5;0.320566819543204;0.456605575092563;0.47076695933966;2;2;3;1380.58502202643;2113.37533039648;27.2669603524229;1375.03562551781;2117.68889809445;28.3670256835128;1371.46663190824;2106.69968717414;27.7273201251303
S4_Ivana-Field-19-Airyscan3DProcessed;10;1310.761536;3;6;5;0.350750024863118;0.520967411978681;0.447735756936295;3;6;4;1772.95928030303;2207.3759469697;51.1609848484849;1777.66367041199;2200.20374531835;50.6404494382022;1775.66284896206;2203.80458124553;47.6667859699356
S4_Ivana-Field-19-Airyscan3DProcessed;11;1411.839968;5;5;7;0.221232889915516;0.592596890998732;3.26883180895216;1;4;3;1858.25768127816;643.256657107743;29.7718148299877;1857.5409921671;644.075195822454;28.222454308094;1859.26560951437;642.454905847374;25.5550049554014
S4_Ivana-Field-19-Airyscan3DProcessed;11;1411.839968;5;5;7;3.87984539317535;1.26561085418505;0.385251914882312;5;1;6;1976.39509536785;876.908719346049;49.9237057220708;1946.93997071742;855.782137628111;24.2184480234261;1981.35228070175;893.761403508772;42.4049122807018
S4_Ivana-Field-19-Airyscan3DProcessed;13;597.212672;3;2;4;0.118440384972117;0.623590455251247;0.517262856095259;2;1;4;278.639652173913;1606.07339130435;41.7906086956522;278.55771195097;1603.78472931563;41.2543411644535;283.111561866126;1592.4462474645;40.0446247464503
S4_Ivana-Field-19-Airyscan3DProcessed;14;427.768544;2;1;2;0.418174921328417;0.550691442569995;0.196305065881795;1;1;1;2018.68561746988;1890.04179216867;29.5489457831325;2018.99225556631;1890.88867376573;26.5730880929332;2016.62916666667;1894.403125;25.8645833333333
S4_Ivana-Field-19-Airyscan3DProcessed;15;348.108768;2;1;0;NaN;NaN;NaN;NaN;NaN;NaN;NaN;NaN;NaN;NaN;NaN;NaN;NaN;NaN;NaN
S4_Ivana-Field-19-Airyscan3DProcessed;16;361.100544;3;1;0;NaN;NaN;NaN;NaN;NaN;NaN;NaN;NaN;NaN;NaN;NaN;NaN;NaN;NaN;NaN
S4_Ivana-Field-19-Airyscan3DProcessed;17;384.48592;1;1;1;0.655202733146952;0.699284417491256;0.467293401760113;1;1;1;2328.76805896806;526.683538083538;32.2540540540541;2313.2802182027;521.839793281654;31.616996841803;2317.30078125;524.1552734375;28.5537109375
S4_Ivana-Field-19-Airyscan3DProcessed;19;160.739936;0;0;0;NaN;NaN;NaN;NaN;NaN;NaN;NaN;NaN;NaN;NaN;NaN;NaN;NaN;NaN;NaN
S4_Ivana-Field-19-Airyscan3DProcessed;20;225.35296;2;0;0;NaN;NaN;NaN;NaN;NaN;NaN;NaN;NaN;NaN;NaN;NaN;NaN;NaN;NaN;NaN
S4_Ivana-Field-20-Airyscan3DProcessed;1;1181.162752;5;3;5;0.414101088671987;0.472770249727233;0.196362184173676;2;1;2;2260.78026070764;2019.05121042831;22.8761638733706;2268.75061728395;2022.00895061728;21.1882716049383;2266.07323788546;2024.99669603524;20.3799559471366
S4_Ivana-Field-20-Airyscan3DProcessed;4;424.194176;1;2;2;0.204377132011628;1.71358377433508;1.73747818694887;1;1;1;1155.90214067278;1857.60328051154;27.7203224909647;1159.51298119964;1857.55684870188;26.6875559534467;1128.51122375091;1880.02244750181;20.8254887762491
S4_Ivana-Field-20-Airyscan3DProcessed;5;793.389632;2;2;4;0.291626106428248;0.370450345791833;0.21342082500516;1;1;1;1198.15589066918;2672.36682375118;21.8248821866164;1201.06490708322;2671.62159978454;19.9267438728791;1198.86311035845;2676.14253457522;19.417160598363
S4_Ivana-Field-20-Airyscan3DProcessed;6;476.174496;3;3;3;0.869609764982459;0.896174368122136;0.825794880438284;1;2;1;157.066237350506;2720.8150873965;35.7644894204232;137.331030818278;2729.22051009564;34.7539851222104;153.001338688086;2738.19277108434;31.8946898705935
S4_Ivana-Field-20-Airyscan3DProcessed;6;476.174496;3;3;3;0.663176093344221;0.605482689526608;0.436045982417185;3;3;3;14.650059311981;2645.85606959272;49.2613681296955;25.4403433476395;2633.3339055794;48.8952789699571;23.9717741935484;2639.54435483871;46.3701612903226
S4_Ivana-Field-20-Airyscan3DProcessed;7;78.617952;1;1;0;NaN;NaN;NaN;NaN;NaN;NaN;NaN;NaN;NaN;NaN;NaN;NaN;NaN;NaN;NaN
S4_Ivana-Field-20-Airyscan3DProcessed;8;735.173152;2;2;2;0.327756585352696;0.699240516593992;0.42059155586039;1;1;1;1200.56760809798;2137.32091977006;37.6340914771307;1200.57667103539;2131.26474442988;36.0571428571429;1207.28440366972;2126.97608662957;34.0947510903895
S4_Ivana-Field-20-Airyscan3DProcessed;8;735.173152;2;2;2;0.319659312215366;0.252512584055514;0.123118772492833;2;2;2;1258.44611383993;2243.2470384282;48.429644611384;1254.46809338521;2240.41712062257;50.2373540856031;1253.88938831346;2240.38850889193;49.3736564393199
S4_Ivana-Field-20-Airyscan3DProcessed;10;926.806048;4;4;3;0.429843664366556;0.516599915147099;0.105487929242059;2;2;2;1472.17618806876;304.182760364004;31.8698179979778;1471.86721991701;311.635892116183;29.6597510373444;1472.88069414317;313.983188720174;29.4750542299349
S4_Ivana-Field-20-Airyscan3DProcessed;11;500.284512;3;2;3;0.368693282509709;0.624889826186179;0.318097510529174;3;2;3;1889.9410745234;1461.56787983824;48.3454650491046;1888.33998574483;1467.34319315752;46.3446186742694;1888.45557059089;1466.14253495715;44.0987821380244
S4_Ivana-Field-20-Airyscan3DProcessed;12;465.741696;3;1;2;0.330716576160443;5.79185921029385;5.79637695919852;1;1;1;2855.83439490446;2179.6663400294;21.4100930916218;2861.48681672026;2183.88038585209;20.1762057877813;2776.94022988506;2300.6153256705;24.448275862069
S4_Ivana-Field-20-Airyscan3DProcessed;13;333.66032;2;0;0;NaN;NaN;NaN;NaN;NaN;NaN;NaN;NaN;NaN;NaN;NaN;NaN;NaN;NaN;NaN
S4_Ivana-Field-20-Airyscan3DProcessed;14;877.079168;5;3;3;0.499427149443375;0.869761588476596;0.463301817987581;3;2;1;2021.51588212782;558.218522770762;30.5300420972063;2025.3320683112;556.460151802657;27.1707779886148;2024.96303578451;563.761698780967;24.6040110106174
S4_Ivana-Field-20-Airyscan3DProcessed;14;877.079168;5;3;3;0.0967913571857409;0.615378163953198;0.534874036925067;4;3;2;1987.53979991301;812.303610265333;38.3727707699;1986.34534883721;812.293023255814;37.771511627907;1984.52642934196;819.105717367853;34.5253505933118
S4_Ivana-Field-20-Airyscan3DProcessed;15;471.098208;3;2;1;1.17463463365505;2.40417087493875;1.46952995553297;1;1;1;2624.12055016181;1636.73948220065;21.1601941747573;2637.87630922693;1610.85486284289;21.6648379052369;2668.49973488865;1601.29851537646;26.780487804878
S4_Ivana-Field-21-Airyscan3DProcessed;1;832.730976;1;2;3;0.571430120839936;0.845009976972231;0.423570049800713;1;1;1;283.012967430639;1735.19149577805;40.8667068757539;276.493776780249;1731.52377065905;37.3893083044277;279.144993498049;1737.26527958388;34.9626137841352
S4_Ivana-Field-21-Airyscan3DProcessed;2;1271.80144;5;3;3;0.69122062153444;0.711519718028908;0.318711934536083;1;1;1;1854.26884353742;2729.6274829932;22.3466666666667;1853.79604051565;2743.09898710866;19.2573664825046;1860.79922096317;2739.94617563739;18.6512039660057
S4_Ivana-Field-21-Airyscan3DProcessed;2;1271.80144;5;3;3;0.111760039198642;8.58239566206982;8.66343953537877;2;2;3;1519.13023255814;2578.20634249471;32.5403805496829;1517.27799479167;2579.37955729167;32.0455729166667;1565.9384787472;2379.17673378076;51.1275167785235
S4_Ivana-Field-21-Airyscan3DProcessed;2;1271.80144;5;3;3;2.22375189406841;2.42183959578431;0.407052638902878;5;3;2;1900.62845849802;2727.05533596838;46.5881422924901;1901.28512396694;2778.7944214876;52.396694214876;1902.66543710808;2786.07488011804;50.4039099963113
S4_Ivana-Field-21-Airyscan3DProcessed;3;495.0512;2;3;3;0.363282352448121;0.474280971768641;0.546885834649575;1;3;3;142.377765173001;217.280771412365;51.6301758366421;141.967375185368;225.083539298072;50.3074641621354;138.304937076476;226.171345595353;49.7144240077444
S4_Ivana-Field-21-Airyscan3DProcessed;3;495.0512;2;3;3;0.511833011844528;0.851549630213451;0.173919793443715;2;2;2;249.683389074693;180.502787068004;51.7045707915273;243.357912648894;170.638684061259;50.2359614293817;236.293819655522;175.515704154002;47.1955420466059
S4_Ivana-Field-21-Airyscan3DProcessed;4;829.654112;3;3;2;0.235261421952696;0.939257483271593;0.70841475424172;1;2;1;835.267722202231;1507.16948542641;44.6128103634401;833.023116438356;1507.05051369863;43.0599315068493;828.434900731452;1503.40188087774;38.2850574712644
S4_Ivana-Field-21-Airyscan3DProcessed;4;829.654112;3;3;2;0.31349738397797;6.19474229950349;6.31432100824555;3;3;2;846.879865449303;1247.83805862566;50.8346948582412;841.918131868132;1250.4989010989;49.2769230769231;870.598013245033;1095.61158940397;46.3278145695364
S4_Ivana-Field-21-Airyscan3DProcessed;5;910.475328;3;3;3;0.752651806614026;0.67760170183473;0.165542853776854;2;2;1;981.798234552333;2502.07818411097;40.6418663303909;973.353336318854;2508.65830721003;36.2207792207792;976.137793531236;2505.59813912273;36.192290651307
S4_Ivana-Field-21-Airyscan3DProcessed;6;532.879872;2;3;0;NaN;NaN;NaN;NaN;NaN;NaN;NaN;NaN;NaN;NaN;NaN;NaN;NaN;NaN;NaN
S4_Ivana-Field-21-Airyscan3DProcessed;7;903.302624;3;5;4;0.250879121600216;0.839088223970046;0.705595445435071;1;2;1;1931.15544554455;1519.2599009901;25.4777227722772;1925.75345957757;1516.61070648216;24.9715950473416;1916.63065953654;1526.14260249554;21.6263814616756
S4_Ivana-Field-21-Airyscan3DProcessed;7;903.302624;3;5;4;0.370606893901554;0.372416965582405;0.411711940135729;3;5;4;2210.74568965517;1380.83023872679;50.5537135278515;2209.0525862069;1389.70344827586;51.1422413793103;2215.20018034265;1386.74301172227;48.9404869251578
S4_Ivana-Field-21-Airyscan3DProcessed;8;795.516512;3;3;3;0.819137970071358;0.81908576309828;1.6319150544814;1;1;1;2105.44580043072;1820.14070351759;36.8470926058866;2102.16426235815;1821.32083092902;42.6126178111175;2106.83127813662;1822.00548052456;31.0342532785281
S4_Ivana-Field-21-Airyscan3DProcessed;9;175.10416;2;1;0;NaN;NaN;NaN;NaN;NaN;NaN;NaN;NaN;NaN;NaN;NaN;NaN;NaN;NaN;NaN
S4_Ivana-Field-21-Airyscan3DProcessed;10;505.334592;4;3;4;0.384265109806287;0.443645384833145;0.682637353883168;1;2;1;2332.6036002939;2604.05290227774;30.1745040411462;2330.78507078507;2612.5990990991;31.3153153153153;2334.87062789718;2605.13906447535;27.0880741677202
S4_Ivana-Field-21-Airyscan3DProcessed;12;430.88528;2;2;2;0.391334389191409;0.461922957516994;0.513134206832937;1;1;1;950.038845427569;1862.9606150526;27.4426760183437;956.501662707838;1870.2864608076;27.5933491686461;953.91562656016;1864.71592611083;24.3754368447329
S4_Ivana-Field-21-Airyscan3DProcessed;12;430.88528;2;2;2;0.366721969945125;0.694723546345899;0.381661157592216;2;2;2;865.912341407151;1893.1598615917;43.5739331026528;863.401112484549;1887.93108776267;41.5454264524104;866.523604269294;1886.39224137931;39.007183908046
S4_Ivana-Field-21-Airyscan3DProcessed;13;1140.955424;7;5;4;0.597796267514826;0.486306760727306;0.201800249129662;1;1;2;1562.00895795247;1014.95009140768;30.9427787934186;1568.68662420382;1019.8101910828;27.384076433121;1564.9220890411;1016.53852739726;27.6010273972603
S4_Ivana-Field-21-Airyscan3DProcessed;13;1140.955424;7;5;4;0.313415023746223;0.569020828031169;0.567047810087445;2;2;1;2030.47906348492;1115.40162089149;28.9855920756416;2025.70794192997;1121.57130657558;29.2002561912895;2033.69317767238;1124.27252827435;25.9438161255016
S4_Ivana-Field-21-Airyscan3DProcessed;13;1140.955424;7;5;4;2.22384877381915;0.497732630841144;0.377197437935313;4;5;3;1622.83226758485;871.079193310379;33.5287752090507;1662.5742035742;835.697746697747;38.1328671328671;1627.14526823388;878.314647377939;30.911995177818
S4_Ivana-Field-21-Airyscan3DProcessed;13;1140.955424;7;5;4;0.24024585509963;0.360165542800787;2.43643570237405;5;4;4;2140.56648648649;1219.2972972973;36.2486486486486;2143.953125;1214.41452205882;35.9990808823529;2142.57558945908;1219.37066574203;33.7409847434119
S4_Ivana-Field-21-Airyscan3DProcessed;15;711.807712;3;3;3;0.371899440144585;0.482977477486625;0.239250055001277;3;2;2;1151.02772643253;944.666173752311;46.6288354898336;1153.13430127042;950.407441016334;44.6279491833031;1148.75013164824;949.295155344918;43.5097419694576
S4_Ivana-Field-21-Airyscan3DProcessed;17;256.08688;1;0;0;NaN;NaN;NaN;NaN;NaN;NaN;NaN;NaN;NaN;NaN;NaN;NaN;NaN;NaN;NaN
S4_Ivana-Field-21-Airyscan3DProcessed;18;239.261568;1;0;1;NaN;NaN;NaN;NaN;NaN;NaN;NaN;NaN;NaN;NaN;NaN;NaN;NaN;NaN;NaN
S4_Ivana-Field-21-Airyscan3DProcessed;19;407.053024;2;2;2;0.241477548109978;1.12793225589325;0.957143061996724;1;1;1;2453.12998007968;582.379482071713;39.2450199203187;2449.2563002681;581.413404825737;37.9512064343164;2453.15206445116;579.901309164149;31.2195367573011
S4_Ivana-Field-21-Airyscan3DProcessed;20;295.400224;2;1;1;0.926710334418184;1.86702992670564;1.51220630301806;1;1;1;2709.39170040486;838.442307692308;27.620951417004;2719.15318416523;857.601835915089;30.0849110728629;2734.72515421522;869.730637422892;20.8725154215216
S4_Ivana-Field-21-Airyscan3DProcessed;21;82.10384;1;1;1;0.5606762956437;0.897073157425658;0.374494619171776;1;1;1;2902.91393939394;1617.68242424242;46.3454545454545;2899.03172205438;1611.77039274924;42.8878398791541;2896.78429319372;1613.13246073298;40.3204188481675
S4_Ivana-Field-21-Airyscan3DProcessed;22;235.1496;1;1;1;4.04105063875394;4.06388206886987;0.200319560355728;1;1;1;2104.90685319639;2783.61430848238;43.0430316982469;2192.81945743686;2782.73830682881;28.8234331150608;2190.86670799752;2781.15561066336;27.5858648481091
S4_Ivana-Field-21-Airyscan3DProcessed;23;70.891296;0;1;1;NaN;NaN;NaN;NaN;NaN;NaN;NaN;NaN;NaN;NaN;NaN;NaN;NaN;NaN;NaN
S4_Ivana-Field-21-Airyscan3DProcessed;24;102.574752;1;0;0;NaN;NaN;NaN;NaN;NaN;NaN;NaN;NaN;NaN;NaN;NaN;NaN;NaN;NaN;NaN
S4_Ivana-Field-22-Airyscan3DProcessed;1;899.480288;5;2;3;1.26146677868507;0.649160178622678;0.862723105521135;5;2;3;2676.25618698442;1675.46012832264;48.9541704857929;2674.01072961373;1644.35193133047;47.6201716738197;2682.49018404908;1663.6527607362;46.3184049079755
S4_Ivana-Field-22-Airyscan3DProcessed;2;389.073216;2;3;2;1.45235515427579;0.639689264346585;0.892001043159719;2;3;1;652.779680365297;2568.62328767123;29.648401826484;636.28447339848;2543.14332247557;23.9554831704669;644.022866703848;2562.44394868935;26.2571109871723
S4_Ivana-Field-22-Airyscan3DProcessed;3;398.335616;1;0;2;NaN;NaN;NaN;NaN;NaN;NaN;NaN;NaN;NaN;NaN;NaN;NaN;NaN;NaN;NaN
S4_Ivana-Field-22-Airyscan3DProcessed;4;368.116224;2;2;2;0.177679193390278;0.318803872015655;0.296281718231518;1;2;1;1810.84389348026;1868.69605142332;47.3425160697888;1809.51639344262;1864.80327868852;47.8219076005961;1803.15952251763;1867.08138903961;46.9522517634292
S4_Ivana-Field-22-Airyscan3DProcessed;5;1434.34144;3;4;3;0.189300041568901;0.786379289007617;0.435560923833012;2;3;2;291.626604692342;1117.76383355467;29.5289951305888;290.231186966641;1115.30566330489;28.44453064391;292.67025862069;1124.63577586207;24.2747844827586
S4_Ivana-Field-22-Airyscan3DProcessed;5;1434.34144;3;4;3;0.398989573592111;0.713075434201276;0.699700693961767;3;2;1;724.382681564246;1399.31763766959;32.0203511572227;727.933279742765;1406.73392282958;30.4069533762058;723.175069673169;1408.3848492526;27.6485938687611
S4_Ivana-Field-22-Airyscan3DProcessed;6;660.12464;2;3;2;0.105681366903241;0.662929427128782;0.570969852690233;1;1;1;1540.44319371728;877.371727748691;42.3358638743455;1540.58153299793;876.404557561409;41.6345072506659;1541.25563132879;879.021078735276;37.6298822070676
S4_Ivana-Field-22-Airyscan3DProcessed;6;660.12464;2;3;2;0.291367128706057;0.320299163346523;0.215921510788246;2;2;2;1464.78744292237;935.214383561644;44.8538812785388;1469.78585558853;932.560830860534;43.5435212660732;1469.83402061856;929.018556701031;44.7072164948454
S4_Ivana-Field-22-Airyscan3DProcessed;8;769.812064;5;2;2;0.294005426471176;0.440920869321994;0.374528884346124;1;1;1;2685.90294438386;2251.7066521265;30.1483097055616;2684.31717850288;2251.94385796545;28.0988483685221;2692.27941176471;2247.04411764706;27.9516806722689
S4_Ivana-Field-22-Airyscan3DProcessed;8;769.812064;5;2;2;3.67892049474114;0.557133596608715;3.75449849082167;3;2;2;2594.13907284768;2410.67770419426;40.4370860927152;2606.61961783439;2499.56662420382;46.1658598726115;2607.77706392547;2407.85126887247;40.4722132990684
S4_Ivana-Field-22-Airyscan3DProcessed;9;384.197408;3;3;1;1.22791370515751;1.33236629570567;0.255989959746847;1;1;1;1344.0350877193;1495.60350877193;32.0694736842105;1351.90866975513;1515.75976174719;25.8484447385837;1346.57807652534;1518.12409513961;25.0951396070321
S4_Ivana-Field-22-Airyscan3DProcessed;10;476.553056;5;3;2;0.229205108217533;0.455577952813169;0.280665724788999;3;1;1;2198.07129798903;2731.04478976234;31.5740402193784;2194.02557200538;2727.71063257066;30.9131897711978;2194.99861111111;2722.78229166667;29.5135416666667
S4_Ivana-Field-22-Airyscan3DProcessed;10;476.553056;5;3;2;0.0707413503036049;0.501002321289489;0.48871928744575;5;2;2;2143.42299794661;2920.04722792608;46.0780287474333;2142.46827524576;2918.57551385165;46.142091152815;2138.61114629512;2917.79670677644;42.837238758708
S4_Ivana-Field-22-Airyscan3DProcessed;11;480.546976;2;2;1;2.11993501882094;2.76178373526092;0.674506468250054;2;2;1;2644.12034161491;442.21350931677;40.4239130434783;2638.63878416588;392.307492931197;35.5737511781338;2640.23561477892;378.708661417323;32.7616596002423
S4_Ivana-Field-22-Airyscan3DProcessed;12;431.419968;2;0;1;NaN;NaN;NaN;NaN;NaN;NaN;NaN;NaN;NaN;NaN;NaN;NaN;NaN;NaN;NaN
S4_Ivana-Field-22-Airyscan3DProcessed;13;338.123968;2;3;2;0.0653528532361954;0.185560388626809;0.1781881267815;1;1;1;752.011472275335;599.91051625239;31.3575525812619;752.95526097763;601.16570008285;31.4863297431649;755.073500967118;600.56802063185;30.3797549967763
S4_Ivana-Field-22-Airyscan3DProcessed;13;338.123968;2;3;2;0.492508501690831;0.735112651084018;0.360051607843939;2;3;2;735.528940338379;539.433659839715;40.1918967052538;730.451923076923;545.356730769231;37.4701923076923;734.497814858959;544.797775129122;35.1783869686134
S4_Ivana-Field-22-Airyscan3DProcessed;14;304.420256;1;1;1;2.22063684883851;0.41911321618749;2.17160967990622;1;1;1;1255.4572810317;2045.25685115529;41.827512090274;1308.13896713615;2030.26009389671;39.2441314553991;1255.84229249012;2044.76798418972;38.8391304347826
S4_Ivana-Field-22-Airyscan3DProcessed;15;462.47152;4;1;2;0.776203206044852;0.785747439352473;1.13919264707361;4;1;2;1720.63089622642;533.160377358491;49.8018867924528;1731.79679261863;546.997363796134;47.5810632688928;1724.71131030846;520.16029528078;45.7590297917216
S4_Ivana-Field-22-Airyscan3DProcessed;16;297.958304;2;1;0;NaN;NaN;NaN;NaN;NaN;NaN;NaN;NaN;NaN;NaN;NaN;NaN;NaN;NaN;NaN
S4_Ivana-Field-22-Airyscan3DProcessed;17;394.8448;2;2;3;0.917713452198072;1.22772664236505;1.96921491169244;1;2;1;1192.05440295067;394.585523282619;33.6002766251729;1209.70481144343;379.99544863459;33.1996098829649;1214.24779195289;375.660942100098;30.868989205103
S4_Ivana-Field-22-Airyscan3DProcessed;17;394.8448;2;2;3;2.29310558848949;0.332162866530645;0.41175930818254;2;1;2;1348.65;374.643965517241;40.4215517241379;1343.0059435364;355.175334323923;25.1002971768202;1347.22201291712;373.395586652314;38.1116792249731
S4_Ivana-Field-22-Airyscan3DProcessed;18;79.022496;1;0;0;NaN;NaN;NaN;NaN;NaN;NaN;NaN;NaN;NaN;NaN;NaN;NaN;NaN;NaN;NaN
S4_Ivana-Field-22-Airyscan3DProcessed;19;207.8664;1;0;1;NaN;NaN;NaN;NaN;NaN;NaN;NaN;NaN;NaN;NaN;NaN;NaN;NaN;NaN;NaN
S4_Ivana-Field-22-Airyscan3DProcessed;20;67.525696;0;1;0;NaN;NaN;NaN;NaN;NaN;NaN;NaN;NaN;NaN;NaN;NaN;NaN;NaN;NaN;NaN
S4_Ivana-Field-23-Airyscan3DProcessed;1;864.259648;6;3;6;1.00542011117132;1.0341239795165;0.542246829354391;2;3;4;2395.46339729922;2052.09026297086;40.727078891258;2411.7768488746;2069.74308681672;38.6266881028939;2404.26981132075;2067.8758490566;35.4460377358491
S4_Ivana-Field-23-Airyscan3DProcessed;2;722.374464;3;3;2;0.993483141732997;0.517460865933567;1.37461399083291;1;1;1;884.026567481403;1874.33049946865;26.240701381509;905.843137254902;1862.55521155831;25.8111455108359;880.540460720614;1885.43827525103;24.6290608387478
S4_Ivana-Field-23-Airyscan3DProcessed;2;722.374464;3;3;2;3.89445426158593;4.00645766425313;0.152416486790427;3;3;2;905.228907330567;1698.13692946058;40.2572614107884;847.461148648649;1772.92398648649;46.9518581081081;846.517579445571;1774.79952670723;47.8603786342123
S4_Ivana-Field-23-Airyscan3DProcessed;3;3259.30192;16;18;16;0.259022778698848;0.689457956034286;0.691848989921002;1;1;1;1538.24812967581;978.26080631754;23.2899002493766;1538.70437776685;973.988932611904;21.905558288244;1541.94405594406;988.841658341658;19.5484515484515
S4_Ivana-Field-23-Airyscan3DProcessed;3;3259.30192;16;18;16;0.748410239698492;0.134473473031741;4.08217218967976;4;6;4;1544.28104575163;840.406681190995;25.199709513435;1541.23896303901;857.44635523614;27.2294661190965;1547.275;840.670161290323;24.7693548387097
S4_Ivana-Field-23-Airyscan3DProcessed;3;3259.30192;16;18;16;4.25402844798441;0.591888453738241;0.791972961682573;5;5;5;1423.89913995309;584.372165754496;28.9194683346364;1500.68206157965;511.762382864793;25.5066934404284;1432.22695035461;587.452324665091;25.5374310480693
S4_Ivana-Field-23-Airyscan3DProcessed;3;3259.30192;16;18;16;0.463337233400038;0.642217895770388;0.383952720522925;8;10;9;1594.40486298726;1065.41142416056;39.1011192589734;1588.45176252319;1068.63450834879;36.4155844155844;1595.52315848214;1073.24135044643;35.1090959821429
S4_Ivana-Field-23-Airyscan3DProcessed;3;3259.30192;16;18;16;0.105935292648478;0.435759351400385;0.332062696231307;9;13;8;1323.23340303189;518.315473078934;41.9053842132776;1322.26799116998;517.97527593819;41.2075055187638;1321.0167542707;516.159658344284;38.9208278580815
S4_Ivana-Field-23-Airyscan3DProcessed;4;392.304864;2;1;3;0.460028810486993;0.828365345856867;0.64311266176302;2;1;2;1740.68395926162;1444.53469127944;34.9077021005729;1729.29633933759;1443.16095293434;35.1470075537478;1725.73595248972;1450.29237094564;31.1576062128826
S4_Ivana-Field-23-Airyscan3DProcessed;5;1403.865792;4;3;3;0.453722149479024;0.391760889742858;0.449221946075591;1;1;2;2823.45081332301;2715.34430673896;35.3268783888459;2824.84472214836;2705.64264823185;33.6955596915714;2815.27955713721;2710.50454725188;34.6429418742586
S4_Ivana-Field-23-Airyscan3DProcessed;5;1403.865792;4;3;3;0.370323270437461;0.7025266527533;0.592567079260508;4;3;3;2857.12988140006;2813.92941857102;44.2293896442002;2850.15314907114;2809.83688264613;42.9424558223833;2856.99709864603;2812.02562862669;39.2410541586073
S4_Ivana-Field-23-Airyscan3DProcessed;6;292.51264;2;2;1;0.203218543627848;0.241293792947877;0.195176260985488;1;1;1;183.84289276808;1893.92331670823;39.5760598503741;179.333186425738;1891.61128250331;39.4737769942706;178.476231884058;1895.77246376812;40.1594202898551
S4_Ivana-Field-23-Airyscan3DProcessed;7;387.573312;2;2;3;0.493398402028881;0.887966830264614;0.409237963183759;2;1;2;988.607853684777;2718.02743410436;41.9585798816568;992.738636363636;2712.71022727273;39.0056818181818;993.221746575342;2706.18835616438;36.7577054794521
S4_Ivana-Field-23-Airyscan3DProcessed;8;1220.319744;4;5;4;0.570639134086092;0.706648233789488;0.278443835498439;2;1;1;1313.2899713467;2363.91977077364;30.487106017192;1309.45478489903;2362.53292361721;26.5812115891133;1315.12404149752;2363.59539918809;25.467749210645
S4_Ivana-Field-23-Airyscan3DProcessed;8;1220.319744;4;5;4;0.554178144694347;0.637939236015269;0.33254638767742;3;3;3;1477.88424068768;2246.20286532951;37.189111747851;1466.72507042254;2249.80225352113;35.0805633802817;1469.79786636721;2245.392476137;33.2683885457608
S4_Ivana-Field-23-Airyscan3DProcessed;9;462.85344;4;3;3;0.15512796318578;0.407404592404855;0.255798861463102;1;1;1;1949.35874812718;2331.82204095222;21.1518228733145;1949.59353612167;2330.85076045627;20.0811787072243;1949.48397863818;2330.88551401869;18.2543391188251
S4_Ivana-Field-23-Airyscan3DProcessed;10;2072.157024;9;10;12;0.154513365306598;0.437231829856946;0.286069182121269;1;1;1;2232.47730739893;1435.60774218154;21.8745232646834;2232.75132060138;1434.74319382365;20.8017066233239;2231.88096885813;1434.36193771626;18.7764705882353
S4_Ivana-Field-23-Airyscan3DProcessed;10;2072.157024;9;10;12;0.414820922200493;0.480481870718971;0.479813747601903;3;2;3;2070.73837482386;1268.58431188351;25.460310004697;2062.42075256556;1264.44669327252;24.1433865450399;2072.75475409836;1263.28;22.4354098360656
S4_Ivana-Field-23-Airyscan3DProcessed;10;2072.157024;9;10;12;0.165727330492555;0.389200751065346;0.227041494351345;4;3;5;2446.09733700643;1271.19467401286;28.7410468319559;2446.61687571266;1271.24287343215;27.5667046750285;2445.84051282051;1271.72564102564;25.9661538461538
S4_Ivana-Field-23-Airyscan3DProcessed;10;2072.157024;9;10;12;0.44186876406691;0.29193842183945;0.415819346281927;5;4;7;2164.5449790795;923.421548117155;32.2562761506276;2169.36677115987;929.246081504702;34.557210031348;2170.08762638421;927.634087626384;31.6302359171883
S4_Ivana-Field-23-Airyscan3DProcessed;10;2072.157024;9;10;12;0.376569634545094;2.23598135582954;1.9604140812179;6;5;4;2201.49247606019;1205.90743274054;41.6593707250342;2203.07784431138;1206.46107784431;39.0127245508982;2175.24230554001;1219.36066032457;28.0926133184107
S4_Ivana-Field-23-Airyscan3DProcessed;10;2072.157024;9;10;12;0.257347137153194;0.457408498078146;0.228503037314854;7;6;9;1972.358526603;1067.83083219645;43.5031377899045;1975.06294326241;1071.60416666667;42.2304964539007;1977.11079274117;1076.89843998727;42.0474371219357
S4_Ivana-Field-23-Airyscan3DProcessed;10;2072.157024;9;10;12;0.594686999166307;0.746261544164015;0.820234902908894;9;9;11;2281.5172275641;1581.70392628205;49.1750801282051;2269.93657305144;1572.90091511518;50.0523824550331;2276.11434735707;1574.64886731392;44.4881337648328
S4_Ivana-Field-23-Airyscan3DProcessed;12;872.282656;4;1;2;0.204475699454608;0.221590379353763;0.381434294877064;2;1;1;433.479781420765;931.906010928962;21.4360655737705;438.158213891952;933.227673649394;21.8875413450937;432.208250166334;928.43379906853;20.2574850299401
S4_Ivana-Field-23-Airyscan3DProcessed;13;316.044064;1;2;2;0.68720230361047;0.614176087188167;0.140801739556156;1;2;2;551.688500727802;2457.77510917031;50.6251819505095;549.479610468655;2440.78697504565;50.2550213024954;547.178749308246;2443.09795240731;50.633646928611
S4_Ivana-Field-23-Airyscan3DProcessed;14;316.333024;2;2;2;0.141611040751573;0.212706716051529;0.20986881546809;1;1;1;759.841975308642;2062.0304526749;19.7818930041152;762.655130540376;2063.36247723133;19.2999392835458;758.322690992018;2064.84663625998;18.5684150513113
S4_Ivana-Field-23-Airyscan3DProcessed;14;316.333024;2;2;2;0.388566680783044;1.30735679054459;1.46488448631951;2;2;2;777.189553042542;1939.94238018309;49.7819063004846;768.542005420054;1942.27680991096;48.7077042198993;798.649381261049;1961.26576311137;46.2474955804361
S4_Ivana-Field-23-Airyscan3DProcessed;15;799.060416;4;2;5;0.353766815223927;0.355674765898255;0.348248581660835;1;1;2;2235.33869929169;528.819703799099;23.8898905344495;2232.6865008881;536.359680284192;22.8081705150977;2235.61551155116;529.890539053905;21.3690869086909
S4_Ivana-Field-23-Airyscan3DProcessed;15;799.060416;4;2;5;0.559855586771209;0.723371394763672;0.504436920635385;4;2;4;1756.40975364505;455.88486676722;36.2679738562092;1752.07755277897;448.196036191297;33.1641533821629;1763.70294599018;449.92062193126;31.8576104746318
S4_Ivana-Field-23-Airyscan3DProcessed;16;622.896736;4;3;3;0.513146783279357;0.680049864424802;0.290200242893298;1;2;1;2784.34472934473;1124.57086894587;35.0787037037037;2786.45975271259;1118.4673227353;31.9119354024729;2780.74594028287;1118.70953378732;30.6364588789942
S4_Ivana-Field-23-Airyscan3DProcessed;17;158.942784;0;1;1;NaN;NaN;NaN;NaN;NaN;NaN;NaN;NaN;NaN;NaN;NaN;NaN;NaN;NaN;NaN
S4_Ivana-Field-25-Airyscan3DProcessed;1;642.405568;3;1;2;0.458015518652913;0.393009798192256;0.36857882535375;1;1;1;1289.09262589928;1841.97212230216;28.6303956834532;1288.45328077904;1832.07071643867;26.9974495710642;1284.04161490683;1839.78861283644;26.3047619047619
S4_Ivana-Field-25-Airyscan3DProcessed;2;1318.550688;2;6;8;2.65929938519212;2.1946346483905;0.543076854110355;1;3;5;574.649200220629;1444.5306122449;20.0755653612796;541.453582554517;1427.1246105919;35.7638629283489;545.698086956522;1424.80104347826;32.1394782608696
S4_Ivana-Field-25-Airyscan3DProcessed;3;387.998688;2;1;2;6.02564228230381;0.589202009848776;6.51975152476705;1;1;1;1295.18638497653;425.885915492958;30.0079812206573;1360.93970588235;306.231985294118;48.1955882352941;1287.07961246841;430.690817186184;26.7733782645324
S4_Ivana-Field-25-Airyscan3DProcessed;4;788.196864;2;1;2;0.376235804894301;0.708460160731543;0.589396337297156;2;1;2;201.069279854148;2025.16955332726;42.7885141294439;191.913663034367;2026.81056160939;43.1877619446773;189.852362204724;2029.91929133858;39.1149114173228
S4_Ivana-Field-25-Airyscan3DProcessed;6;478.087008;4;1;2;0.131426706854498;0.168458754710926;0.128875185021179;2;1;1;329.240126382306;2629.89257503949;32.911532385466;331.819317489336;2629.64564290067;32.3342474101158;329.651547116737;2630.84106891702;31.7450773558368
S4_Ivana-Field-25-Airyscan3DProcessed;8;987.177632;5;5;5;0.443749913399282;1.24686268738723;1.02902429232211;3;3;1;1544.83343577136;2608.71665642286;31.4665027658267;1535.34139110604;2603.04675028506;31.2070695553022;1524.01184758245;2609.11079090618;24.8395773294909
S4_Ivana-Field-25-Airyscan3DProcessed;10;1033.5024;6;4;4;0.895883749910444;0.871273810796566;0.566549716712914;3;1;1;1878.88908765653;458.398926654741;37;1875.94522292994;436.196178343949;37.0108280254777;1878.12612612613;441.014414414414;33.2567567567568
S4_Ivana-Field-25-Airyscan3DProcessed;11;1800.041152;8;4;6;0.276582245584901;0.152064471257293;0.395817561937965;1;1;1;2791.08755573571;613.904742602351;21.7738143494122;2789.96805630753;618.721710882512;23.1545749864645;2790.47315898142;613.823812801101;20.702167928424
S4_Ivana-Field-25-Airyscan3DProcessed;11;1800.041152;8;4;6;0.537729853883533;0.680524628957225;0.824101162769415;2;3;3;2671.08541320022;451.287298946201;30.0709927897948;2681.7449081803;456.374958263773;31.9051752921536;2679.57046413502;455.739662447257;26.0544303797468
S4_Ivana-Field-25-Airyscan3DProcessed;11;1800.041152;8;4;6;0.315151750177719;0.695793689233704;0.620812814585807;6;4;4;2782.62048698573;146.074727120067;38.4139378673384;2784.35;150.292647058824;36.5779411764706;2772.87296669249;143.227730441518;34.3787761425252
S4_Ivana-Field-25-Airyscan3DProcessed;12;305.208288;1;2;0;NaN;NaN;NaN;NaN;NaN;NaN;NaN;NaN;NaN;NaN;NaN;NaN;NaN;NaN;NaN
S4_Ivana-Field-25-Airyscan3DProcessed;13;462.609504;0;3;4;NaN;NaN;NaN;NaN;NaN;NaN;NaN;NaN;NaN;NaN;NaN;NaN;NaN;NaN;NaN
S4_Ivana-Field-25-Airyscan3DProcessed;17;56.103264;0;0;0;NaN;NaN;NaN;NaN;NaN;NaN;NaN;NaN;NaN;NaN;NaN;NaN;NaN;NaN;NaN
S4_Ivana-Field-26-Airyscan3DProcessed;1;720.909952;5;5;4;0.43175134726215;0.779758563946832;0.516771132556831;1;1;1;2531.68125369604;2650.63098758131;18.642223536369;2536.19214676537;2649.40489217895;21.4219504345027;2543.69792364367;2638.89082384461;21.4675150703282
S4_Ivana-Field-26-Airyscan3DProcessed;2;785.363936;6;4;1;0.0895481671026318;0.518857781141861;0.513481109434285;3;2;1;660.901812688822;834.367824773414;40.4977341389728;659.591529073941;832.56783919598;40.4307250538406;656.744722631321;836.612174766814;37.046146293569
S4_Ivana-Field-26-Airyscan3DProcessed;3;361.927552;2;2;3;0.19975749967267;0.523136689774042;0.328199141576767;1;1;1;1058.16468913147;200.261192849233;23.9134630596425;1059.25661375661;201.287566137566;22.552380952381;1058.90785754664;202.257772752968;20.2266817410967
S4_Ivana-Field-26-Airyscan3DProcessed;4;1219.743616;3;4;5;1.25514416311026;0.396570833541472;1.07325107975142;1;2;1;895.528190937392;1447.5593220339;21.0525769629886;916.599403578529;1465.33772365805;25.3339960238569;898.124327233584;1456.79601722282;20.3390742734123
S4_Ivana-Field-26-Airyscan3DProcessed;4;1219.743616;3;4;5;0.390963275953516;0.446346878932619;0.390798891324427;2;4;5;982.444901456727;1400.17583547558;43.613881748072;977.858788676761;1399.80315997367;46.0776826859776;972.236635220126;1400.80188679245;42.3388364779874
S4_Ivana-Field-26-Airyscan3DProcessed;4;1219.743616;3;4;5;3.2358491156709;3.30140944019661;0.571102035148607;3;3;3;937.649104320337;1684.43624868282;45.6343519494204;1008.85540477305;1704.38979878334;36.263453439401;1007.53903598099;1699.58927359131;33.8615071283096
S4_Ivana-Field-26-Airyscan3DProcessed;5;1031.487968;4;4;3;0.321906318761578;0.355562903754282;0.541919775333697;1;1;3;1101.83549432739;1027.35170178282;29.3346839546191;1100.37570728027;1035.26291965296;29.2731044888721;1099.89333333333;1024.25916666667;27.0191666666667
S4_Ivana-Field-26-Airyscan3DProcessed;5;1031.487968;4;4;3;0.354424891889193;1.48522699803861;1.13179739350637;3;3;2;1008.51890243902;1093.19146341463;33.340243902439;1009.11706019288;1098.48486863984;31.317259727303;1011.10247747748;1117.26576576577;25.2972972972973
S4_Ivana-Field-26-Airyscan3DProcessed;6;292.214496;2;2;2;0.292627690444968;0.523252864841733;0.265129385266457;1;1;1;2097.96854146806;1053.16825548141;33.0438512869399;2097.56348661634;1055.45504461222;31.0617707618394;2100.69836829837;1059.58181818182;29.8811188811189
S4_Ivana-Field-26-Airyscan3DProcessed;6;292.214496;2;2;2;0.515577902295662;0.890879517520739;0.385580618089196;2;2;2;2178.02654867257;958.459372485921;40.9557522123894;2177.53448275862;969.969574036511;39.3042596348884;2179.75455116133;977.666038920276;37.7721280602637
S4_Ivana-Field-26-Airyscan3DProcessed;7;608.767488;2;2;2;0.829121715109805;0.974109547218967;0.847231111115843;1;1;1;373.189803921569;688.260392156863;31.3521568627451;355.868632707775;677.544682752458;30.2529043789097;360.343915343915;689.649382716049;25.4543209876543
S4_Ivana-Field-26-Airyscan3DProcessed;7;608.767488;2;2;2;0.265260020193996;0.638422557861701;0.395785091740869;2;2;2;321.741464757709;749.791574889868;33.6952092511013;323.374592833876;749.059717698154;31.870792616721;320.633020344288;747.219874804382;29.2057902973396
S4_Ivana-Field-26-Airyscan3DProcessed;8;1371.2048;4;5;4;0.289531678724792;0.820306059234706;0.598378981841171;2;2;2;1475.18997175141;2720.77118644068;31.2351694915254;1473.40842490842;2716.14713064713;29.7277167277167;1464.414503386;2717.54571106095;26.3357787810384
S4_Ivana-Field-26-Airyscan3DProcessed;8;1371.2048;4;5;4;0.299906963987171;0.92278975704094;0.757421778713359;3;3;3;1849.02507163324;2402.95200573066;33.4570200573066;1851.53876898481;2400.24300559552;31.5931254996003;1845.42215785663;2409.63866763215;27.2331643736423
S4_Ivana-Field-26-Airyscan3DProcessed;9;313.9584;2;2;2;0.778456132789888;2.21696753386558;1.44431332124802;1;1;2;2353.47013274336;1381.68030973451;20.5221238938053;2351.64186725018;1362.76659372721;19.3209336250912;2343.26896112173;1328.09050350542;17.7240280433397
S4_Ivana-Field-26-Airyscan3DProcessed;10;398.683264;2;2;2;0.124161746269845;0.696966013817466;0.577221339457577;2;2;2;1104.05462998838;2407.12437039907;49.2642386671833;1102.55211480363;2406.27416918429;48.5271903323263;1095.6974789916;2406.49705882353;44.8995798319328
S4_Ivana-Field-26-Airyscan3DProcessed;12;304.557344;1;1;0;NaN;NaN;NaN;NaN;NaN;NaN;NaN;NaN;NaN;NaN;NaN;NaN;NaN;NaN;NaN
S4_Ivana-Field-26-Airyscan3DProcessed;13;583.548672;3;1;3;0.151818723033667;3.00363212295718;2.89031791715323;3;1;3;545.457486136784;1193.22273567468;50.3964879852126;545.080888888889;1192.22755555556;49.3555555555556;569.259597806216;1215.22669104205;31.0438756855576
S4_Ivana-Field-26-Airyscan3DProcessed;14;404.770016;1;2;3;2.8726301250317;3.37745921061023;1.58721323993904;1;2;3;2180.46139705882;592.121323529412;22.9944852941176;2211.60357518402;568.399579390116;40.1966351209253;2237.88856645386;598.092280905398;40.5977945443993
S4_Ivana-Field-26-Airyscan3DProcessed;16;314.909952;1;2;2;0.215688145900562;1.14902912235741;1.11823728981239;1;1;2;1488.08389394539;1733.67194301543;38.0019786307875;1492.2455311973;1731.23912310287;37.3116357504216;1475.58771148709;1716.95280498664;32.3633125556545
S4_Ivana-Field-26-Airyscan3DProcessed;17;387.641632;2;1;2;0.612310643894834;0.681442477323972;0.342593316437643;1;1;1;2377.22635135135;419.089285714286;40.8175675675676;2380.16336448598;412.300560747664;36.9884112149533;2375.73349381018;418.70598349381;35.9700825309491
S4_Ivana-Field-26-Airyscan3DProcessed;18;61.22368;1;1;0;NaN;NaN;NaN;NaN;NaN;NaN;NaN;NaN;NaN;NaN;NaN;NaN;NaN;NaN;NaN
S4_Ivana-Field-27-Airyscan3DProcessed;3;785.912288;3;3;3;2.19816906518422;5.25756434978528;0.306763878145923;1;3;2;1254.21613545817;2086.83764940239;27.7699203187251;1261.62677165354;2096.97165354331;43.055905511811;1280.23464770524;1961.14414996768;35.8532643826761
S4_Ivana-Field-27-Airyscan3DProcessed;3;785.912288;3;3;3;0.817024309681686;0.812261156118227;5.57578618806315;2;1;1;1570.17901234568;2095.18518518519;31.7256172839506;1589.93045429052;2094.16432978127;30.2675266404935;1587.85294117647;2086.78926327813;30.1739006282125
S4_Ivana-Field-27-Airyscan3DProcessed;5;2899.255744;15;11;13;0.42044211151693;0.705980351665138;0.461825257158284;5;2;4;975.791609353508;890.781980742779;37.0323246217332;976.289156626506;885.315789473684;34.4711477488903;975.803094233474;893.075011720581;32.0323488045007
S4_Ivana-Field-27-Airyscan3DProcessed;5;2899.255744;15;11;13;0.221168619222332;0.800018090130248;0.385379184272052;10;8;8;849.742067089755;588.900271985494;48.8064369900272;846.717250673854;590.930727762803;47.6180592991914;853.553222302679;588.419985517741;43.1984069514844
S4_Ivana-Field-27-Airyscan3DProcessed;5;2899.255744;15;11;13;0.787656756106322;0.735937710221489;0.683891908353927;11;7;9;993.751406074241;552.646794150731;48.8597675290589;1004.33032185206;559.52343308865;44.5403726708075;995.817524841915;556.025293586269;43.7262872628726
S4_Ivana-Field-27-Airyscan3DProcessed;5;2899.255744;15;11;13;0.181903826161231;0.147287481848776;0.30276914591792;12;9;12;785.36877076412;924.821843853821;50.2362956810631;781.80906921241;927.638424821002;50.1575178997613;785.692307692308;921.161943319838;50.3056680161943
S4_Ivana-Field-27-Airyscan3DProcessed;5;2899.255744;15;11;13;0.429570796368398;0.440604673695635;0.524085194435483;13;11;11;1131.04722010663;988.539223153085;50.4973343488195;1138.93387681159;981.538043478261;51.0769927536232;1130.23357664234;980.739216987392;48.2873258128733
S4_Ivana-Field-27-Airyscan3DProcessed;6;3945.819808;18;14;16;0.530915120979916;2.90292256436337;2.86971124826065;3;4;3;2619.47322348095;697.969104016478;25.1040164778579;2607.31065292096;693.586254295533;24.2453608247423;2584.57831325301;761.597138554217;24.8704819277108
S4_Ivana-Field-27-Airyscan3DProcessed;6;3945.819808;18;14;16;0.996084915588598;0.733093874690277;0.49170104329378;8;5;7;2713.0052049447;768.448926480156;31.5191932335719;2699.78706199461;779.083557951482;26.3108715184187;2707.96721311475;769.9324975892;26.5024108003857
S4_Ivana-Field-27-Airyscan3DProcessed;6;3945.819808;18;14;16;0.450247361885311;1.18855871233295;0.830327569135743;9;7;8;2471.82694475761;960.015219842165;34.6065388951522;2470.96805111821;956.690734824281;31.5437699680511;2483.5700365408;946.611449451888;27.8130328867235
S4_Ivana-Field-27-Airyscan3DProcessed;6;3945.819808;18;14;16;1.75385293299076;2.37603751341735;2.49187369205634;10;9;6;2603.44154451198;786.735073292814;44.1844833750447;2640.77005730659;778.829512893983;38.012893982808;2589.74190122146;779.394583112055;27.8040361125863
S4_Ivana-Field-27-Airyscan3DProcessed;6;3945.819808;18;14;16;0.474281427587339;2.8705495732189;2.96238417956182;14;12;12;2541.56617071261;1245.12999216915;50.7564604541895;2529.87313432836;1247.04274084125;50.6275440976934;2540.28184991274;1179.61256544503;42.3979057591623
S4_Ivana-Field-27-Airyscan3DProcessed;7;564.768288;2;2;1;1.32326718806142;4.21814441866291;3.21072816603188;2;2;1;2509.29571303587;1833.10323709536;37.7077865266842;2536.31704129639;1851.20674333508;39.4341348667015;2611.9409190372;1846.10940919037;31.8854850474107
S4_Ivana-Field-27-Airyscan3DProcessed;9;619.369632;2;3;3;2.21815762714695;0.692602370024688;2.25827062708654;1;1;1;1075.9585501214;178.525841137704;34.7214706902532;1023.9550330033;169.648102310231;29.8395214521452;1079.78873558019;178.009952499435;29.899117846641
S4_Ivana-Field-27-Airyscan3DProcessed;10;1072.847552;6;3;3;0.347818782905347;0.898484113984793;0.655752676762456;3;3;2;1652.04742014742;947.658968058968;33.7943488943489;1658.99043620247;944.237695358059;32.6622346629345;1659.82298850575;941.137356321839;28.0689655172414
S4_Ivana-Field-27-Airyscan3DProcessed;11;397.225696;0;1;2;NaN;NaN;NaN;NaN;NaN;NaN;NaN;NaN;NaN;NaN;NaN;NaN;NaN;NaN;NaN
S4_Ivana-Field-28-Airyscan3DProcessed;1;3369.21984;17;12;16;0.21206248191197;0.705953859098249;0.555444934027124;2;1;3;1825.65106135505;2471.8098284385;21.9717941261995;1826.43838934302;2474.94459582198;20.7711171662125;1836.5732718894;2484.23594470046;20.215668202765
S4_Ivana-Field-28-Airyscan3DProcessed;1;3369.21984;17;12;16;0.676073966788375;0.969052066045858;0.795658609624701;3;2;1;1849.40087336245;2460.09868995633;19.8890829694323;1860.65949820789;2472.31989247312;20.7724014336918;1870.98338870432;2462.4476744186;16.8172757475083
S4_Ivana-Field-28-Airyscan3DProcessed;1;3369.21984;17;12;16;0.334054305717728;0.326491519455474;0.517886101015167;4;3;6;1508.10245780278;2017.05448623038;28.2819070180634;1506.27489309713;2009.40134392181;27.4821828548157;1501.87088156723;2021.57613535174;27.5075690115761
S4_Ivana-Field-28-Airyscan3DProcessed;1;3369.21984;17;12;16;0.335762725256528;0.0974675737235371;0.750838857575179;9;9;14;2039.12605042017;2658.43921568627;40.6767507002801;2038.10938194753;2659.91018230325;43.0200088928413;2038.06362058994;2659.45170618855;41.2325043377675
S4_Ivana-Field-28-Airyscan3DProcessed;1;3369.21984;17;12;16;0.39575227537744;0.919441660085785;0.491983268109076;10;6;5;2205.0802259887;2625.86101694915;36.7655367231638;2203.97378858424;2618.79186066563;34.8132436627005;2193.18872636461;2627.31180877631;31.1605422761327
S4_Ivana-Field-28-Airyscan3DProcessed;1;3369.21984;17;12;16;0.0972705959803705;0.369223938795826;0.250928381802023;12;10;11;2231.28786885246;2483.96721311475;41.3027322404372;2232.31384615385;2482.68769230769;40.7897435897436;2232.50795135641;2480.69410664172;38.8615528531338
S4_Ivana-Field-28-Airyscan3DProcessed;1;3369.21984;17;12;16;1.59392484863403;1.14243874498937;0.281585723267042;13;8;12;1551.81698609545;2299.78880120256;43.0390830514844;1564.09659525631;2336.39938791125;40.2287681713848;1564.23613193403;2324.24362818591;40.7631184407796
S4_Ivana-Field-28-Airyscan3DProcessed;1;3369.21984;17;12;16;0.10510713490691;0.428907839660383;0.340893435609005;14;11;15;1822.94703697723;2525.66914258033;43.3127724850638;1822.72371495327;2525.8808411215;42.5671728971963;1824.81921487603;2521.98760330579;40.4855371900826
S4_Ivana-Field-28-Airyscan3DProcessed;2;440.190464;1;1;3;1.49250768423034;0.459427988237554;1.65267014195416;1;1;1;277.54922813036;2480.18765008576;42.4445969125214;242.901776734831;2466.85819644653;41.371102916527;279.69452181987;2484.42092231507;39.4562055091303
S4_Ivana-Field-28-Airyscan3DProcessed;3;483.167552;2;1;2;0.496184237436323;1.13461451161704;0.674766992828514;2;1;2;487.149216817807;2022.53586150041;48.7089859851608;491.954237288136;2016.25734463277;45.9779661016949;493.146508443633;2013.20310360566;41.2501141031492
S4_Ivana-Field-28-Airyscan3DProcessed;4;597.193184;4;2;2;0.31356752680738;0.553461148093426;0.242374228964264;1;1;1;406.445010924982;313.357611070648;24.4246176256373;402.681114551084;313.74247115114;22.4629890233605;398.862106803219;314.341989758595;21.129846378932
S4_Ivana-Field-28-Airyscan3DProcessed;4;597.193184;4;2;2;0.406184121454934;0.373917155020832;0.489211274747946;4;2;2;641.330660679923;476.930083386786;33.6763951250802;641.70831376233;467.986613433537;35.0462658525129;632.3119232189;474.518272425249;33.813215208564
S4_Ivana-Field-28-Airyscan3DProcessed;5;1144.2088;4;3;3;0.305370869987264;0.685051280015214;0.461106094461125;2;1;2;905.480729166667;2301.69322916667;31.0911458333333;905.760035682426;2300.27921498662;28.9491525423729;902.962593516209;2290.29260182876;27.5112219451372
S4_Ivana-Field-28-Airyscan3DProcessed;6;4058.621952;20;19;19;2.13184311574732;1.60446339664152;0.625203544691605;1;2;5;1797.36040044494;1230.40155728587;17.8131256952169;1783.45842217484;1179.03837953092;16.954513148543;1783.80848556276;1193.63641720684;15.3618149675899
S4_Ivana-Field-28-Airyscan3DProcessed;6;4058.621952;20;19;19;0.169725948368039;1.15125537217207;1.00756918674092;3;4;3;1178.69318181818;632.319128787879;21.1789772727273;1176.20318960425;633.154754873006;20.2268163024217;1165.39846517119;651.268595041322;16.2922077922078
S4_Ivana-Field-28-Airyscan3DProcessed;6;4058.621952;20;19;19;0.678833273976884;1.45227758943775;1.06544183303287;5;6;6;1829.30250783699;549.162225705329;22.6528213166144;1827.1468453378;565.498045784478;23.8135120044668;1810.14698646986;577.249692496925;19.0123001230012
S4_Ivana-Field-28-Airyscan3DProcessed;6;4058.621952;20;19;19;0.365508139720856;0.610421076484371;0.353879791346304;10;9;7;1753.97688442211;1129.97386934673;32.4412060301508;1760.1974025974;1125.07619047619;31.1376623376623;1758.95524633321;1124.37156825874;28.6430989093644
S4_Ivana-Field-28-Airyscan3DProcessed;6;4058.621952;20;19;19;0.348132369750158;0.315251394563311;0.480582070524613;12;11;12;1855.52009646302;645.385852090032;38.6921221864952;1847.42674199623;642.227118644068;38.8399246704331;1855.50264417023;645.167212289096;36.4411986905062
S4_Ivana-Field-28-Airyscan3DProcessed;6;4058.621952;20;19;19;0.237613752354169;0.449492330569905;0.419609482544313;16;14;16;1818.0822147651;1072.99049217002;42.6996644295302;1820.73027333677;1067.70242392986;42.8592057761733;1819.41445427729;1067.74631268437;39.8856932153392
S4_Ivana-Field-28-Airyscan3DProcessed;6;4058.621952;20;19;19;2.42748799894819;2.39287314757386;0.289832496714987;20;17;18;1716.29608938547;850.315243415802;51.58419792498;1740.35204359673;794.675749318801;50.7514986376022;1736.49584026622;794.738768718802;48.9988907376595
S4_Ivana-Field-28-Airyscan3DProcessed;7;613.273024;4;3;3;0.525699471630871;1.12731588366529;0.609892674656477;2;3;2;2482.85781103835;1846.02946679139;30.900374181478;2481.89297820823;1855.29394673123;28.2513317191283;2479.71903798606;1863.2016183412;24.5787817487076
S4_Ivana-Field-28-Airyscan3DProcessed;8;738.11584;3;4;4;0.50864433284521;0.497826362155273;0.383208446380143;1;1;1;2839.66469573787;1477.89751170239;24.0465631929047;2847.72712090848;1476.35303941216;21.2718770875084;2841.35332127165;1483.37994313776;20.8909278883432
S4_Ivana-Field-28-Airyscan3DProcessed;8;738.11584;3;4;4;0.474551805192777;0.437118454917759;0.353326270094938;2;2;2;2721.57367475292;1664.26504941599;42.8427672955975;2727.14445203919;1655.78719526088;44.600364547733;2721.75677990294;1653.34627462175;42.7259491864116
S4_Ivana-Field-28-Airyscan3DProcessed;8;738.11584;3;4;4;0.357178766852945;0.855760920723134;0.504970866083147;3;3;3;2808.44136363636;1651.50818181818;48.9590909090909;2813.1416729465;1648.85958301934;46.9261492087415;2817.03199455412;1645.3641933288;43.643294758339
S4_Ivana-Field-28-Airyscan3DProcessed;9;1019.598048;7;4;2;0.585484209339505;0.84505952841684;0.874868222569621;2;1;1;615.635683094198;1658.25951341235;26.1562694946974;605.698460222412;1661.76475620188;23.2536355859709;624.745464247599;1672.10547847741;22.4131981501245
S4_Ivana-Field-28-Airyscan3DProcessed;10;573.976704;1;2;4;0.404341646112775;0.752652749464494;0.420371014942846;1;2;3;531.960866526904;2418.76450034941;50.9084556254368;534.599779796312;2410.39141205615;49.4767409854115;530.021825396825;2405.25892857143;47.2063492063492
S4_Ivana-Field-28-Airyscan3DProcessed;11;335.669152;1;1;1;4.40691330610868;3.38192390223195;1.60265754272013;1;1;1;57.2708238507055;587.4802002731;32.6522530723714;86.6950952827242;482.872852233677;37.8391127772571;53.3210762331839;503.679820627803;35.6526158445441
S4_Ivana-Field-28-Airyscan3DProcessed;12;266.143584;1;0;1;NaN;NaN;NaN;NaN;NaN;NaN;NaN;NaN;NaN;NaN;NaN;NaN;NaN;NaN;NaN
S4_Ivana-Field-28-Airyscan3DProcessed;13;875.56224;3;4;2;0.680099753619765;1.03560587690325;0.578842243841947;1;1;1;2651.66618392469;2679.95076031861;22.4692251991311;2651.67205542725;2679.09728637413;17.6174942263279;2638.42914617792;2681.74921770228;16.132767098793
S4_Ivana-Field-28-Airyscan3DProcessed;14;119.450688;1;1;0;NaN;NaN;NaN;NaN;NaN;NaN;NaN;NaN;NaN;NaN;NaN;NaN;NaN;NaN;NaN
S4_Ivana-Field-29-Airyscan3DProcessed;1;1196.753824;4;7;5;0.495947787456242;0.40877148326084;0.43978322192243;4;4;3;1990.1337240277;2634.27384123601;51.3681406499734;1983.34566473988;2641.49942196532;49.2407514450867;1993.3247156153;2643.42192347466;50.4395036194416
S4_Ivana-Field-29-Airyscan3DProcessed;2;938.849632;3;2;4;0.209622142206181;0.182144422319822;0.0832942873586517;1;2;2;1429.55035971223;1509.68824940048;34.083932853717;1427.8742081448;1511.3407239819;32.7461538461538;1427.33333333333;1509.4598540146;32.9493917274939
S4_Ivana-Field-29-Airyscan3DProcessed;3;1500.519104;5;5;8;0.915938954620531;0.773570167437468;0.168780160352924;2;3;3;1504.59379217274;685.188034188034;50.0319388214125;1522.53280632411;680.20790513834;46.2229249011858;1518.41343669251;679.924633936262;46.4711455641688
S4_Ivana-Field-29-Airyscan3DProcessed;3;1500.519104;5;5;8;0.157367732772032;0.195373404651884;0.191224353348109;3;5;7;1263.1322925226;772.299096138044;50.9950698438784;1259.66027607362;770.558282208589;51.1740797546012;1262.61020552799;767.460666194189;50.87597448618
S4_Ivana-Field-29-Airyscan3DProcessed;3;1500.519104;5;5;8;0.131652349437361;0.322825532849711;0.176117808112405;4;4;5;1533.08761061947;992.982300884956;51.7681415929204;1533.03272323905;993.153632834165;50.8291735995563;1533.0979498861;993.307801822323;49.4641230068337
S4_Ivana-Field-29-Airyscan3DProcessed;4;452.759776;1;2;3;0.334655850686801;0.570897287006822;0.304772647699324;1;1;1;895.350919073765;1184.92719026021;30.8130818811172;898.047699214366;1182.64253647587;28.6464646464646;897.156846473029;1186.54771784232;26.7946058091286
S4_Ivana-Field-29-Airyscan3DProcessed;5;294.130368;2;2;2;0.456317348345672;0.800495799980518;0.697887174051216;2;2;2;227.782824112304;1590.76630883567;42.2469033856317;232.065491183879;1586.21914357683;39.5195214105793;237.047521716914;1573.04343382729;42.460909555442
S4_Ivana-Field-29-Airyscan3DProcessed;6;354.218368;2;2;1;0.16182166879247;0.266116314347806;0.295621934040506;1;1;1;367.584976025573;2668.60202450719;28.0101225359616;365.839321357285;2669.73852295409;29.000998003992;368.588141663351;2675.13370473538;27.7902904894548
S4_Ivana-Field-29-Airyscan3DProcessed;7;426.6864;3;3;1;0.491501385812133;0.510415007987154;1.00112065332008;2;2;1;2606.26959247649;2016.41144200627;32.6900470219436;2595.77522123894;2020.1;34.1814159292035;2616.82239657632;2012.97004279601;30.8915834522111
S4_Ivana-Field-29-Airyscan3DProcessed;8;350.273056;2;2;2;0.31528302689855;0.337227254124578;0.553132237397404;2;2;2;552.744371822803;2444.93318809005;50.8322440087146;560.010489510489;2446.57292707293;50.0959040959041;546.933184855234;2443.61804008909;49.1280623608018
S4_Ivana-Field-29-Airyscan3DProcessed;9;882.210112;4;1;5;0.27468861588782;0.378463117061841;0.252552226929222;1;1;1;605.852426412092;1752.80946698488;32.8830548926014;606.383892885691;1758.40647482014;31.7563948840927;609.464531910162;1755.18612408272;30.478541249722
S4_Ivana-Field-29-Airyscan3DProcessed;10;404.193888;2;2;2;0.215690830515993;0.296414195498366;0.254564239477684;1;1;1;2495.76526566217;2603.76605868358;24.7129262490087;2500.77785234899;2604.55704697987;24.1919463087248;2497.32294721408;2608.22947214076;23.0824780058651
S4_Ivana-Field-29-Airyscan3DProcessed;10;404.193888;2;2;2;0.534429012669665;0.744778981757703;0.350050900695704;2;2;2;2583.49891067538;2563.86928104575;46.0506535947712;2582.73851706037;2571.57283464567;42.9393044619423;2578.29447115385;2567.82892628205;41.0697115384615
S4_Ivana-Field-29-Airyscan3DProcessed;11;462.585088;3;2;1;0.810024318286529;1.03044665903262;0.224013630198365;1;1;1;2489.30751173709;1305.41158059468;42.6181533646322;2477.9512195122;1311.32800672834;38.1358284272498;2475.50844565774;1313.8553147927;36.8901211397372
S4_Ivana-Field-29-Airyscan3DProcessed;12;381.693536;1;0;1;NaN;NaN;NaN;NaN;NaN;NaN;NaN;NaN;NaN;NaN;NaN;NaN;NaN;NaN;NaN
S4_Ivana-Field-29-Airyscan3DProcessed;13;415.285248;3;1;1;0.388402357864508;0.696797835997904;0.492542394079582;1;1;1;267.121951219512;1305.11603843311;29.5336289726534;269.454504504504;1314.52072072072;29.7135135135135;261.885490196078;1319.99450980392;27.4211764705882
S4_Ivana-Field-29-Airyscan3DProcessed;14;192.628352;2;1;1;4.26464184796266;0.745458919870613;4.41799907562149;2;1;1;458.668812589413;41.5951359084406;33.3934191702432;372.263422818792;22.4988814317673;50.3842281879195;451.482178217822;36.0851485148515;28.739603960396
S4_Ivana-Field-29-Airyscan3DProcessed;15;429.685984;2;2;2;0.0328980160286466;0.357817540798259;0.371222698603131;2;2;1;1151.16198237153;370.889406286379;49.5241975719275;1151.95603389054;370.679871765514;49.5369819097779;1147.0993678388;366.972738048202;47.5410904780719
S4_Ivana-Field-29-Airyscan3DProcessed;16;199.8752;2;1;1;4.26943588002979;4.03750242124856;0.519386073561572;1;1;1;1693.84056399132;110.785249457701;46.4403470715835;1639.90847457627;47.4923728813559;27.321186440678;1648.96513317191;55.5462469733656;25.9898305084746
S4_Ivana-Field-29-Airyscan3DProcessed;17;118.152384;0;1;1;NaN;NaN;NaN;NaN;NaN;NaN;NaN;NaN;NaN;NaN;NaN;NaN;NaN;NaN;NaN
S4_Ivana-Field-30-Airyscan3DProcessed;1;4939.998784;23;22;23;0.519591984776774;0.627327856907167;0.764025320749449;1;1;1;1985.05823293173;2024.29049531459;22.5421686746988;1997.36391956953;2025.82101387709;21.4369866893231;1983.89583333333;2016.15972222222;18.7248931623932
S4_Ivana-Field-30-Airyscan3DProcessed;1;4939.998784;23;22;23;0.183189871212062;0.406657071694719;0.559767165433147;2;3;2;2056.51990540008;2482.67836026803;24.1848640126133;2059.65751445087;2485.70231213873;24.5874277456647;2049.20143884892;2481.70503597122;22.1879496402878
S4_Ivana-Field-30-Airyscan3DProcessed;1;4939.998784;23;22;23;3.50562443966523;3.4350480608099;0.224533997812948;6;5;4;2181.35068912711;1958.95022970904;28.4119448698315;2243.93510324484;2020.05309734513;29.9900442477876;2258.64205816555;1996.25055928412;27.5335570469799
S4_Ivana-Field-30-Airyscan3DProcessed;1;4939.998784;23;22;23;0.3851797657096;0.586446227893132;1.17082936481156;7;7;7;1913.35203780272;2616.41228588305;33.5144713526285;1907.42667928098;2609.40491958373;34.3481551561022;1910.95151906917;2603.31803490627;31.759534583064
S4_Ivana-Field-30-Airyscan3DProcessed;1;4939.998784;23;22;23;0.174262213125457;0.36663545858018;0.458800832397998;8;4;3;2249.17782026769;1888.44741873805;29.4292543021032;2246.98378691372;1885.93997297819;28.6272920285659;2245.30955120829;1886.66283084005;27.1104718066743
S4_Ivana-Field-30-Airyscan3DProcessed;1;4939.998784;23;22;23;0.350508522756028;0.355719435591014;0.223086735321116;9;8;8;2038.49003215434;2839.56720257235;36.8012861736334;2045.81217838765;2842.81475128645;37.8164665523156;2045.97169811321;2843.98403483309;36.2590711175617
S4_Ivana-Field-30-Airyscan3DProcessed;1;4939.998784;23;22;23;0.74453366726802;0.679630870844105;0.454498332630952;12;11;12;2116.71027346637;2654.86031042129;40.5144124168514;2126.32831325301;2670.17710843374;41.7710843373494;2132.41783567134;2656.7875751503;38.74749498998
S4_Ivana-Field-30-Airyscan3DProcessed;1;4939.998784;23;22;23;0.427759642042156;0.557788119016068;0.72481999803013;13;9;10;2469.55199115044;2196.35619469027;40.2212389380531;2459.18851087563;2198.97295036252;40.1254880089236;2462.06241787122;2199.58409986859;36.9894875164258
S4_Ivana-Field-30-Airyscan3DProcessed;1;4939.998784;23;22;23;0.47548461322242;0.699411814252836;0.331503015305141;16;12;14;2083.93995997332;1890.92461641094;46.054036024016;2092.71212121212;1895.95039100684;44.2675953079179;2093.03466432646;1894.72400175516;41.9275998244844
S4_Ivana-Field-30-Airyscan3DProcessed;1;4939.998784;23;22;23;0.204878587988564;0.139290767623193;0.163016237929035;21;22;22;2059.83839212469;2498.53814602133;52.1722723543888;2062.75130072841;2502.54838709677;51.8033298647242;2060.36595744681;2497.66930091185;51.2206686930091
S4_Ivana-Field-30-Airyscan3DProcessed;1;4939.998784;23;22;23;0.20561651424416;0.240527565779514;0.232048776160532;22;21;21;2358.7286746988;2373.72289156626;52.2968674698795;2362.36671763507;2370.74592252803;51.7025993883792;2359.28686635945;2369.90697004608;50.9786866359447
S4_Ivana-Field-30-Airyscan3DProcessed;2;546.433664;6;3;4;0.210339203537468;0.746077047139768;0.545839941708477;3;1;1;1513.83933933934;296.828078078078;31.2995495495495;1514.13206214689;300.255296610169;30.1631355932203;1518.45847457627;305.954237288136;26.8432203389831
S4_Ivana-Field-30-Airyscan3DProcessed;2;546.433664;6;3;4;0.109072495525716;0.613540323191285;0.571842505102951;4;2;3;1376.15825786977;349.475636050022;36.3454075032341;1378.78285714286;348.754285714286;36.2987755102041;1385.59956709957;358.957251082251;34.2029220779221
S4_Ivana-Field-30-Airyscan3DProcessed;2;546.433664;6;3;4;0.179142976226214;0.343474766490923;0.267539045722973;5;3;4;1394.94047619048;389.299498746867;37.3446115288221;1393.59028161237;393.323025952512;36.9359469906129;1399.11103633917;395.102960969044;35.9845222072678
S4_Ivana-Field-30-Airyscan3DProcessed;3;1169.737408;7;4;7;0.189627252113287;0.372625465762982;0.269492534618809;1;2;3;1938.87943389466;1228.29899677535;36.0370834826227;1935.54655172414;1225.37643678161;35.5568965517241;1936.16332916145;1225.29474342929;33.6401752190238
S4_Ivana-Field-30-Airyscan3DProcessed;3;1169.737408;7;4;7;1.31458261256397;1.1822367943059;0.629021731474201;6;4;2;2130.83789260385;1386.51874366768;45.5775075987842;2133.35225225225;1389.0954954955;36.2441441441441;2132.65710473649;1387.54803202135;37.1541027351568
S4_Ivana-Field-30-Airyscan3DProcessed;3;1169.737408;7;4;7;1.042516163714;0.417047062678339;0.144339461437944;7;3;7;1857.07080504365;1436.20756547042;48.5630455868089;1865.16581719334;1422.69724770642;42.6299694189602;1859.85369827305;1429.95796676442;46.3150863473444
S4_Ivana-Field-30-Airyscan3DProcessed;4;827.384544;3;2;2;0.610276367507056;0.480821552823294;0.443171020510718;1;1;1;2892.86413955049;1653.34216705803;25.0016772895002;2877.624217119;1653.60194850383;25.1934585942937;2884.14598825832;1647.92211350294;23.2148727984344
S4_Ivana-Field-30-Airyscan3DProcessed;4;827.384544;3;2;2;0.261582477787403;0.618723657081973;0.542370287539573;3;2;2;2500.88062142273;1767.57277187244;36.9791496320523;2503.53425287356;1761.60137931034;37.0528735632184;2505.129669386;1760.6713181623;33.2148990983255
S4_Ivana-Field-30-Airyscan3DProcessed;5;637.8456;2;3;4;0.500076186901666;0.738234193209106;0.570871320513483;1;1;1;345.456688273424;1459.87153800825;24.6289530544097;336.777927321669;1451.41749663526;23.7480484522207;328.12006935414;1462.43649761595;22.9757260511487
S4_Ivana-Field-30-Airyscan3DProcessed;5;637.8456;2;3;4;0.154152801666282;0.741622366984049;0.622252689257314;2;2;2;286.090562440419;1470.82078169685;32.1401334604385;286.77665180381;1474.37940818808;31.7657073368464;285.287986605274;1481.88949351193;27.8966094600251
S4_Ivana-Field-30-Airyscan3DProcessed;6;465.505152;2;2;2;0.608147351764145;1.0040863518499;0.480148644908585;2;2;2;1093.90935075541;524.019191506737;48.6876276031033;1082.21353907417;515.774514683922;47.2200099552016;1080.11623872311;509.553782095767;44.3487161693269
S4_Ivana-Field-30-Airyscan3DProcessed;7;630.896448;3;0;2;NaN;NaN;NaN;NaN;NaN;NaN;NaN;NaN;NaN;NaN;NaN;NaN;NaN;NaN;NaN
S4_Ivana-Field-30-Airyscan3DProcessed;8;326.088448;3;1;2;0.550849119644516;0.759438047633247;0.597559612273247;1;1;2;239.087652439024;612.485518292683;44.563262195122;229.79170984456;621.087046632124;43.0181347150259;227.451224944321;609.652115812918;40.3541202672606
S4_Ivana-Field-30-Airyscan3DProcessed;9;533.611904;2;1;3;0.134888783594976;0.448885429492608;0.372621407201766;2;1;3;800.91897810219;1091.44744525547;50.970802919708;802.431175361408;1094.37900691389;50.7705845380264;806.516730826177;1095.01510216168;48.3855493041161
S4_Ivana-Field-30-Airyscan3DProcessed;10;249.674656;0;1;2;NaN;NaN;NaN;NaN;NaN;NaN;NaN;NaN;NaN;NaN;NaN;NaN;NaN;NaN;NaN
S4_Ivana-Field-30-Airyscan3DProcessed;11;384.924064;1;2;2;0.175848250179003;0.462537318352055;0.35027748415874;1;1;1;1112.87978142077;870.656830601093;23.5502732240437;1112.37177063642;869.808443604285;22.3264020163831;1118.71541155867;865.589316987741;21.092819614711
S4_Ivana-Field-30-Airyscan3DProcessed;12;256.544288;2;1;2;0.513700189999534;2.37486908930107;2.6538301192188;2;1;2;374.506115317414;372.657542224811;33.547466511357;377.649427556257;376.275957362811;30.1433083300434;389.151385927505;317.703624733475;38.4179104477612
S4_Ivana-Field-31-Airyscan3DProcessed;1;724.277792;1;2;5;0.377136664891064;0.692845199329851;0.568279268665233;1;1;1;1135.24686278544;2825.8440650072;43.4274840567784;1135.05459770115;2818.04433497537;41.9150246305419;1132.69842657343;2825.54020979021;38.5332167832168
S4_Ivana-Field-31-Airyscan3DProcessed;2;912.986592;2;3;4;0.405964137724504;0.859225089203347;0.464573896673319;1;1;2;1505.07669902913;659.510679611651;32.6710679611651;1513.22819843342;654.435509138381;31.7321148825065;1521.52554112554;650.25367965368;29.7411255411255
S4_Ivana-Field-31-Airyscan3DProcessed;2;912.986592;2;3;4;0.309230332673289;0.439677113217711;0.533884367908185;2;3;3;1215.9257362356;812.233674775928;52.8175416133163;1221.94939759036;807.700401606426;52.3285140562249;1213.72838002436;813.097848152659;49.7503045066991
S4_Ivana-Field-31-Airyscan3DProcessed;3;1548.924608;7;8;5;2.56699195939496;0.463798575931693;0.881318803533054;3;3;1;1488.08958093041;1037.45482506728;32.5705497885429;1440.44348781828;1049.10459791171;44.3942113940282;1483.33891625616;1040.63842364532;29.6886699507389
S4_Ivana-Field-31-Airyscan3DProcessed;3;1548.924608;7;8;5;2.04719697698008;1.77079772100032;2.70134559493491;4;5;4;1566.92244752757;1092.58840270366;36.8566346495909;1549.93346573982;1108.84707050645;49.8445878848064;1556.78382893418;1112.33344470431;47.8005345806883
S4_Ivana-Field-31-Airyscan3DProcessed;3;1548.924608;7;8;5;0.467103365412394;0.79045125498119;0.420027934957712;5;1;2;1774.24510322922;1245.53520381154;39.0778189518264;1762.75581395349;1243.66511627907;38.8120930232558;1774.32647267566;1243.74769339957;33.4549325762952
S4_Ivana-Field-31-Airyscan3DProcessed;4;958.189568;5;3;4;0.286574358156017;0.605531101497295;0.377211632973027;1;3;1;2190.02157456472;741.354655563967;26.8111279333838;2193.25679012346;743.465843621399;25.0872427983539;2189.74870376772;745.742481852748;22.6723124783961
S4_Ivana-Field-31-Airyscan3DProcessed;5;342.753824;1;1;1;0.211930459987759;0.178706011597943;0.367624328792454;1;1;1;75.4139325842697;2140.09797752809;29.1150561797753;71.9841964502796;2138.71748115731;30.1993678580112;79.4068851099129;2138.91912069681;28.6520116134384
S4_Ivana-Field-31-Airyscan3DProcessed;6;650.799968;2;2;2;0.274106908557362;0.440421907628417;0.449826519907103;1;1;1;818.23933941336;831.571111658861;27.727877742174;821.467735919433;825.665050354345;27.3603133159269;824.362231759657;833.341201716738;25.162660944206
S4_Ivana-Field-31-Airyscan3DProcessed;6;650.799968;2;2;2;0.838404677160767;0.847598068759979;0.37913176347261;2;2;2;897.090966519267;725.262792166772;44.7277321541377;916.866666666667;731.743274853801;45.4421052631579;916.195960311836;731.248759744862;42.7445074415308
S4_Ivana-Field-31-Airyscan3DProcessed;10;485.86048;2;0;1;NaN;NaN;NaN;NaN;NaN;NaN;NaN;NaN;NaN;NaN;NaN;NaN;NaN;NaN;NaN
S4_Ivana-Field-31-Airyscan3DProcessed;11;372.742048;1;1;1;0.431851280596098;0.461476691289684;0.288692586087388;1;1;1;2413.51857075693;1796.02632816173;45.9435825105783;2423.05739365294;1793.40175557056;44.7086428089129;2419.10440150295;1795.26596886742;43.0676328502415
S4_Ivana-Field-31-Airyscan3DProcessed;13;461.086304;1;0;1;NaN;NaN;NaN;NaN;NaN;NaN;NaN;NaN;NaN;NaN;NaN;NaN;NaN;NaN;NaN
S4_Ivana-Field-31-Airyscan3DProcessed;14;1072.648864;4;4;6;0.344711167271973;0.567900601511998;0.487782365915887;1;1;1;848.366809881848;528.178839957035;23.7328141783029;855.450668896321;532.766722408027;23.2349498327759;847.654929577465;540.404808159301;21.6806702282661
S4_Ivana-Field-31-Airyscan3DProcessed;14;1072.648864;4;4;6;0.279400879043238;0.451714531013996;4.89383158613521;2;3;3;783.13612565445;243.774171029668;28.7748691099476;777.58852378617;240.73320255027;27.9288867091712;783.700396825397;240.660714285714;25.6775793650794
S4_Ivana-Field-31-Airyscan3DProcessed;14;1072.648864;4;4;6;0.250031702477662;4.84975090400792;0.39889439179063;3;2;5;763.153434433542;401.172762414511;29.104668450788;765.894418291863;402.27168796234;27.5305985205111;859.586145648313;416.554174067496;49.6367673179396
S4_Ivana-Field-31-Airyscan3DProcessed;15;522.224864;3;1;3;0.30708628398981;0.674787353741967;0.668749950944827;1;1;2;1911.48453038674;2811.6044198895;24.5546961325967;1906.27911646586;2814.7640562249;23.218875502008;1904.58880550344;2798.47498436523;22.2573483427142
S4_Ivana-Field-31-Airyscan3DProcessed;17;57.915648;0;1;1;NaN;NaN;NaN;NaN;NaN;NaN;NaN;NaN;NaN;NaN;NaN;NaN;NaN;NaN;NaN
S4_Ivana-Field-32-Airyscan3DProcessed;1;1243.129888;5;4;5;0.606474625633585;0.727042802825818;0.422988756380972;1;1;2;2699.11323713927;1467.24121706399;31.5467377666248;2694.40648230746;1459.9426107642;27.9958370502527;2704.541680616;1457.79979912956;27.3890190826917
S4_Ivana-Field-32-Airyscan3DProcessed;1;1243.129888;5;4;5;0.308613709965101;0.565081032533092;0.490616905511294;5;4;5;2656.63367697595;1490.86391752577;44.7628865979381;2664.2585106383;1489.86276595745;44.9404255319149;2665.29379225569;1496.61647203442;42.0301167793485
S4_Ivana-Field-32-Airyscan3DProcessed;2;327.78704;3;2;1;0.569712561126515;0.614997359284935;0.478276475379814;2;2;1;782.55444646098;1337.25952813067;33.2749546279492;784.686119873817;1323.17823343849;33.2247634069401;789.189484126984;1327.87103174603;30.3581349206349
S4_Ivana-Field-32-Airyscan3DProcessed;3;1682.036384;6;7;3;0.890644780487356;1.0603611591034;0.440955809588937;2;1;2;806.045553145336;1781.25650759219;35.954989154013;798.54006586169;1760.31328210757;35.6948408342481;801.838169425511;1757.53300876339;32.796299902629
S4_Ivana-Field-32-Airyscan3DProcessed;3;1682.036384;6;7;3;0.505211421782191;0.759702225582428;0.566501444056941;4;3;3;728.167792207792;1858.42337662338;39.7483116883117;726.494039270687;1846.54417952314;38.6195652173913;734.143617021277;1849.29711246201;35.3062310030395
S4_Ivana-Field-32-Airyscan3DProcessed;4;581.052864;3;1;1;7.43997789177502;7.58391279180954;0.223073837941753;1;1;1;1047.72458172458;1005.79633204633;23.1792149292149;1003.02566807314;825.615682137834;19.887482419128;1001.48981966259;822.616637579988;18.6178010471204
S4_Ivana-Field-32-Airyscan3DProcessed;5;1572.034016;7;4;4;1.20872909924685;1.3741686893916;0.323775494600662;3;1;2;2157.27442371021;2261.17233809001;42.0801317233809;2149.85952102804;2276.87324766355;35.0140186915888;2149.6315171442;2272.48074213246;33.0725692813527
S4_Ivana-Field-32-Airyscan3DProcessed;5;1572.034016;7;4;4;0.529724324536803;0.942250726004335;0.707832900711632;4;2;3;2051.51410118407;2351.72594187298;46.3431646932185;2053.58463191832;2360.83234819989;43.6603976356797;2038.2947826087;2358.97043478261;41.1713043478261
S4_Ivana-Field-32-Airyscan3DProcessed;5;1572.034016;7;4;4;0.0776929276346022;0.115458237636107;0.073949018215012;7;4;4;2244.01373239437;2430.84612676056;51.6274647887324;2242.29625724829;2429.98629414866;51.7100685292567;2242.02409638554;2429.29682365827;51.2261774370208
S4_Ivana-Field-32-Airyscan3DProcessed;6;144.059776;1;1;2;0.428546702520086;0.61320392538771;0.277360071248267;1;1;2;2907.82457293035;2515.564717477;45.7082785808147;2911.39972014925;2510.29710820896;43.2462686567164;2910.06053268765;2503.5200968523;43.0750605326877
S4_Ivana-Field-32-Airyscan3DProcessed;7;461.559392;4;1;1;0.459621104228986;0.695988800288036;0.330361943742119;3;1;1;219.172445255474;1564.48540145985;43.9270072992701;213.504497138185;1569.00204415372;41.3793949304988;214.272961816305;1566.11403508772;39.1795665634675
S4_Ivana-Field-32-Airyscan3DProcessed;10;346.48656;1;2;1;0.524910342158666;0.797105557391504;0.347840073365978;1;1;1;1841.46140142518;1329.46674584323;39.4471496437055;1838.47076146403;1329.79301640724;35.7976440891881;1841.22621035058;1324.86602671119;33.9077629382304
S4_Ivana-Field-32-Airyscan3DProcessed;11;393.38768;3;2;3;0.185538533918162;0.400760134441539;0.498698376832101;1;1;2;1877.87127761768;1796.3237271854;34.9048991354467;1875.29962370649;1797.25776105362;35.9750705550329;1873.91663784158;1800.45970252508;32.5551712210308
S4_Ivana-Field-32-Airyscan3DProcessed;11;393.38768;3;2;3;0.364261960685527;0.738829404188827;0.481450341269572;2;2;3;1932.41090712743;1654.0307775378;36.4416846652268;1925.20428571429;1648.69;36.8907142857143;1921.99202898551;1640.11304347826;34.6594202898551
S4_Ivana-Field-32-Airyscan3DProcessed;13;1181.648384;4;1;2;0.306006585616086;0.547151453500342;0.264801154613089;2;1;1;2514.52681803225;2444.55412964791;36.0957551826259;2515.52825947335;2446.26878612717;33.9849068721901;2519.82577854671;2447.02370242215;32.5624567474048
S4_Ivana-Field-32-Airyscan3DProcessed;14;818.838496;2;2;5;1.83970131758313;1.78075559018863;0.558545761276156;1;2;1;2533.38541666667;2051.25219298246;30.2850877192982;2506.78837291741;2088.58135412974;29.199220134704;2502.49617196702;2080.08480565371;26.2803297997644
S4_Ivana-Field-32-Airyscan3DProcessed;15;495.22368;3;0;2;NaN;NaN;NaN;NaN;NaN;NaN;NaN;NaN;NaN;NaN;NaN;NaN;NaN;NaN;NaN
S4_Ivana-Field-32-Airyscan3DProcessed;16;283.315424;2;1;1;0.409224232847777;6.92246368571962;7.23177410140345;2;1;1;807.740336134454;338.629831932773;41.8021008403361;799.882692307692;343.977403846154;40.7206730769231;847.321146953405;173.162724014337;50.8566308243728
S4_Ivana-Field-32-Airyscan3DProcessed;18;340.842208;0;0;1;NaN;NaN;NaN;NaN;NaN;NaN;NaN;NaN;NaN;NaN;NaN;NaN;NaN;NaN;NaN
S4_Ivana-Field-32-Airyscan3DProcessed;20;99.670816;1;0;1;NaN;NaN;NaN;NaN;NaN;NaN;NaN;NaN;NaN;NaN;NaN;NaN;NaN;NaN;NaN
S4_Ivana-Field-32-Airyscan3DProcessed;21;399.695296;2;2;3;0.388954070857185;0.16394978877881;0.275842975595407;1;1;1;2082.28068739771;48.2487725040917;24.9124386252046;2073.65869853918;48.1507304116866;23.6281540504648;2080.34822006472;49.431715210356;23.936569579288
S4_Ivana-Field-32-Airyscan3DProcessed;22;299.554528;2;1;2;0.231428271859292;0.301975499355992;0.30487935531307;2;1;2;219.056902985075;447.932835820896;46.5340485074627;215.305046895936;443.748995087092;46.9271996426976;215.699195710456;445.061662198391;44.7849865951743
S4_Ivana-Field-33-Airyscan3DProcessed;1;1343.194048;9;5;7;0.517082354432076;0.791236813437118;0.299345288748256;1;1;2;686.964965397924;1136.82525951557;26.8274221453287;691.632095096582;1131.39821693908;23.7518573551263;691.340106007067;1126.07950530035;22.25
S4_Ivana-Field-33-Airyscan3DProcessed;2;742.06496;3;5;4;0.35636856939826;2.34870436142717;2.1274128716531;1;1;1;996.274492497794;2389.81729920565;21.9620476610768;994.679734219269;2398.51328903654;22.2764119601329;949.941979522184;2423.20648464164;18.0631399317406
S4_Ivana-Field-33-Airyscan3DProcessed;2;742.06496;3;5;4;1.69648253534658;1.74255300866655;0.128350406110794;3;4;4;999.877479065668;2276.29881004848;50.3759365359189;1004.74531835206;2237.09942117807;45.9635682669391;1005.56397482958;2235.12611431568;46.6476140534872
S4_Ivana-Field-33-Airyscan3DProcessed;3;1883.123648;9;4;2;0.287653863953819;0.891253527383637;0.655482638559308;1;1;1;1418.13736263736;1493.89246467818;20.5054945054945;1419.97175792507;1486.97233429395;20.3112391930836;1433.60101329956;1477.87713742875;20.2431918936035
S4_Ivana-Field-33-Airyscan3DProcessed;4;446.928832;4;2;2;0.21818334915324;0.43980675049833;0.272694296342705;1;1;2;1730.85188393244;2608.80056301429;32.8334776959723;1730.67849305048;2608.28712509144;31.2827359180688;1735.19713095789;2605.05784359093;30.153169828783
S4_Ivana-Field-33-Airyscan3DProcessed;5;369.51264;3;2;1;0.461697914853196;0.420191877788315;0.690426646114242;2;1;1;2619.80829493088;2241.18894009217;45.1548387096774;2627.52180746562;2236.92612966601;47.2844793713163;2625.73315669947;2243.84670704012;42.7956093868282
S4_Ivana-Field-33-Airyscan3DProcessed;6;360.648288;1;1;0;NaN;NaN;NaN;NaN;NaN;NaN;NaN;NaN;NaN;NaN;NaN;NaN;NaN;NaN;NaN
S4_Ivana-Field-33-Airyscan3DProcessed;7;362.696544;3;3;4;0.345528949508105;0.645284942122352;0.368086814365747;1;1;1;441.27357881137;552.128552971576;37.3181524547804;438.210155148096;556.16784203103;35.3198166431594;432.074686054197;563.001321877065;35.1533377395902
S4_Ivana-Field-33-Airyscan3DProcessed;7;362.696544;3;3;4;2.87794535147822;2.77111717591734;0.281591151436768;2;2;2;469.347072879331;761.837514934289;44.5519713261649;522.163535911602;712.99226519337;44.2430939226519;523.796352583587;719.190476190476;43.4113475177305
S4_Ivana-Field-33-Airyscan3DProcessed;7;362.696544;3;3;4;0.343561851141907;0.589778492432068;0.344119094857042;3;3;3;431.250178189594;703.335709194583;53.1525302922309;423.477083333333;706.216666666667;52.5104166666667;423.035746606335;712.823529411765;50.9411764705882
S4_Ivana-Field-33-Airyscan3DProcessed;8;680.403584;3;2;2;0.322245855822653;0.637594578198169;0.511453687427021;1;1;1;1411.07222725899;56.8525234209731;29.0589301903898;1415.90412044374;62.0843898573693;27.9829635499208;1408.03972366149;72.1542890040299;28.1226252158895
S4_Ivana-Field-33-Airyscan3DProcessed;9;678.64832;2;3;3;2.29345601167092;2.49654890664913;0.365019123679734;1;2;1;2121.22287119582;1984.02981862896;39.0230556409468;2157.22529258778;1954.31566970091;29.5110533159948;2156.27803238619;1954.50504124656;26.9184234647113
S4_Ivana-Field-33-Airyscan3DProcessed;9;678.64832;2;3;3;0.430408540294386;0.665295722316565;0.321967347443028;2;3;2;2259.35202492212;2232.72196261682;39.8559190031153;2262.34645402104;2232.41601628775;36.9043094672548;2265.03843913803;2225.77868375073;35.8549796156086
S4_Ivana-Field-33-Airyscan3DProcessed;10;635.29648;5;3;2;0.708683811468067;0.832467483858896;0.301641016120157;4;2;1;2472.69015900301;2908.29522990976;30.5199828104856;2460.07336182336;2896.82621082621;29.1445868945869;2461.9280948851;2895.04225352113;27.119347664937
S4_Ivana-Field-33-Airyscan3DProcessed;10;635.29648;5;3;2;0.358235662341873;0.564866465649407;0.276064482601249;5;3;2;2200.98103536648;2736.04151717068;52.3090722706304;2197.69343891403;2744.18438914027;51.8065610859729;2198.64785744591;2747.6987696224;50.1315231226135
S4_Ivana-Field-33-Airyscan3DProcessed;12;1296.669248;7;5;5;0.273817421163578;0.491760389076779;0.377818547444436;3;2;3;2831.41981981982;741.333333333333;36.5375375375375;2829.5075862069;737.792183908046;34.9554022988506;2837.18235930736;739.634199134199;33.4729437229437
S4_Ivana-Field-33-Airyscan3DProcessed;12;1296.669248;7;5;5;0.511913165633594;0.40876880466314;0.335234778381006;4;3;4;2550.19269380926;899.657836029002;38.9143892916899;2556.49151785714;889.954910714286;37.3504464285714;2549.40508866615;893.541711642251;36.5861218195837
S4_Ivana-Field-33-Airyscan3DProcessed;12;1296.669248;7;5;5;0.52816023726918;0.507738495258421;0.680082939825753;5;5;5;2600.26411290323;722.750504032258;50.7464717741936;2601.98425499232;710.28801843318;49.6009984639017;2600.37010885555;724.926448955575;47.1735804648426
S4_Ivana-Field-33-Airyscan3DProcessed;13;322.292096;3;1;0;NaN;NaN;NaN;NaN;NaN;NaN;NaN;NaN;NaN;NaN;NaN;NaN;NaN;NaN;NaN
S4_Ivana-Field-33-Airyscan3DProcessed;14;299.963552;1;2;3;0.396210863956759;0.617120854275443;0.489156054874242;1;1;2;2008.89584587598;922.006622516556;39.1459963877182;2010.93969849246;915.994974874372;36.9738693467337;2005.14894859813;923.97546728972;34.9071261682243
S4_Ivana-Field-33-Airyscan3DProcessed;15;240.53344;2;3;2;0.0740696527964438;0.250207460541498;0.22945884485698;2;2;1;2825.16279069767;2825.46591820369;37.2197273456295;2826.8703762251;2825.06101802087;37.0509010433133;2825.62836807321;2824.50940518556;35.4585663446873
S4_Ivana-Field-33-Airyscan3DProcessed;16;185.22448;1;1;0;NaN;NaN;NaN;NaN;NaN;NaN;NaN;NaN;NaN;NaN;NaN;NaN;NaN;NaN;NaN
S4_Ivana-Field-33-Airyscan3DProcessed;17;545.600608;2;3;2;2.57941612540233;4.92954900781356;0.493588846051779;1;3;1;1107.58797127469;562.1921005386;27.6017354877319;1125.12732240437;555.491256830601;45.227868852459;1109.38079470199;438.966887417219;27.5044150110375
S4_Ivana-Field-33-Airyscan3DProcessed;17;545.600608;2;3;2;0.408500769030432;0.775787081859219;5.31772309150654;2;1;2;1224.32579365079;667.793650793651;42.9412698412698;1219.22815533981;662.466626213592;40.9223300970874;1216.66577540107;667.954927425516;37.8506493506493
S4_Ivana-Field-34-Airyscan3DProcessed;1;1321.041344;9;8;7;1.52409229473655;1.5612927861044;0.428865779559902;2;3;6;1493.38643067847;2403.16002949853;40.8753687315634;1473.66918103448;2434.61637931034;38.4256465517241;1475.23677032188;2383.67621385706;49.0294599018003
S4_Ivana-Field-34-Airyscan3DProcessed;1;1321.041344;9;8;7;0.451864835509429;0.836409722066837;2.52182736847115;3;2;4;1544.90996784566;2649.34619506967;40.5498392282958;1538.40618260244;2643.14018691589;38.5952552120776;1538.65907099036;2635.76687116564;36.3724802804557
S4_Ivana-Field-34-Airyscan3DProcessed;1;1321.041344;9;8;7;1.31999351235097;1.83339065276352;0.146498482238031;5;6;3;1828.54068348251;2229.90358014646;44.740032546786;1853.25347222222;2210.296875;41.9722222222222;1862.66820064427;2204.19236079153;40.0013805798435
S4_Ivana-Field-34-Airyscan3DProcessed;1;1321.041344;9;8;7;0.12723982034291;0.248428777585882;0.526853088485436;6;4;5;1490.79739776952;2287.32063197026;43.2815985130112;1488.49362279512;2289.0157394844;42.8838534599729;1487.41237113402;2289.11004555263;41.8844401822105
S4_Ivana-Field-34-Airyscan3DProcessed;1;1321.041344;9;8;7;0.142149625715612;0.151792907105005;0.112363956848494;9;8;7;1443.1161985379;2302.85148133898;52.0265486725664;1440.96835908756;2300.84841795438;52.598233995585;1440.90440132513;2299.83009938476;51.8504495977283
S4_Ivana-Field-34-Airyscan3DProcessed;3;425.931968;2;2;1;0.628998176264104;0.580399395041389;0.423610182902704;1;2;1;1464.82791504118;1465.97225834417;45.1235370611183;1480.03236397749;1469.87054409006;45.3949343339587;1477.66765830854;1461.45303867403;43.6876328091798
S4_Ivana-Field-34-Airyscan3DProcessed;6;412.7928;1;2;1;0.471607992225731;0.575360456542974;0.490099800351002;1;2;1;262.567222222222;926.500555555556;50.2616666666667;251.997107039537;930.138862102218;49.1909353905497;259.572966507177;930.965311004785;46.4497607655502
S4_Ivana-Field-34-Airyscan3DProcessed;7;404.111008;1;1;1;1.20858891348201;0.756234369206549;0.6292583619178;1;1;1;2126.4129707113;439.469874476987;44.210460251046;2138.75947521866;412.983965014577;42.0160349854227;2136.16698189678;428.031613077547;40.9346122669549
S4_Ivana-Field-34-Airyscan3DProcessed;8;209.456352;1;2;1;0.707815095654788;0.866172959157321;0.323835403972906;1;2;1;542.470132743363;2325.6814159292;51.7566371681416;531.177308447937;2313.4862475442;50.0216110019646;523.777386934673;2315.26381909548;50.8105527638191
S4_Ivana-Field-34-Airyscan3DProcessed;9;240.888704;0;0;0;NaN;NaN;NaN;NaN;NaN;NaN;NaN;NaN;NaN;NaN;NaN;NaN;NaN;NaN;NaN
S4_Ivana-Field-35-Airyscan3DProcessed;1;414.758624;2;0;1;NaN;NaN;NaN;NaN;NaN;NaN;NaN;NaN;NaN;NaN;NaN;NaN;NaN;NaN;NaN
S4_Ivana-Field-35-Airyscan3DProcessed;2;280.224448;0;1;2;NaN;NaN;NaN;NaN;NaN;NaN;NaN;NaN;NaN;NaN;NaN;NaN;NaN;NaN;NaN
S4_Ivana-Field-35-Airyscan3DProcessed;3;351.778784;2;2;1;0.309988733479354;0.593607443640142;0.530803010067653;1;1;1;510.265562248996;2117.58082329317;4.5863453815261;508.517543859649;2123.49298245614;3.24473684210526;521.636137381782;2125.20507715281;2.9497262319562
S4_Ivana-Field-35-Airyscan3DProcessed;4;670.26064;4;2;2;3.34204047569956;3.77160855576792;0.737939002624788;3;2;1;813.390639923591;1504.63610315186;25.2263610315186;858.711195928753;1460.32506361323;9.67302798982188;851.343303874915;1454.65465669613;5.12032630863358
S4_Ivana-Field-35-Airyscan3DProcessed;5;309.551424;3;0;0;NaN;NaN;NaN;NaN;NaN;NaN;NaN;NaN;NaN;NaN;NaN;NaN;NaN;NaN;NaN
S4_Ivana-Field-35-Airyscan3DProcessed;6;304.823456;2;1;1;0.471173754632314;0.395679491895929;0.632493941448004;2;1;1;990.219740634006;493.351585014409;18.3191642651297;994.721918876755;502.459438377535;20.0222308892356;983.12219343696;498.844991364421;17.130829015544
S4_Ivana-Field-35-Airyscan3DProcessed;7;327.095104;2;1;0;NaN;NaN;NaN;NaN;NaN;NaN;NaN;NaN;NaN;NaN;NaN;NaN;NaN;NaN;NaN
S4_Ivana-Field-35-Airyscan3DProcessed;8;589.768928;4;1;2;0.55044340070876;0.465260605029664;0.503202812453151;4;1;2;1274.31104921077;2275.43454038997;30.1801299907149;1278.13769494104;2284.0197793838;27.3084823126664;1269.61421695668;2274.78489448352;27.1455016660496
S4_Ivana-Field-35-Airyscan3DProcessed;9;548.057216;3;1;1;0.629234174240051;0.553580400166943;0.0852178894578013;3;1;1;1327.00148257969;2772.2676056338;11.0593031875463;1336.65532879819;2783.63529856387;9.62962962962963;1334.77896786758;2782.63875365141;9.67478091528725
S4_Ivana-Field-35-Airyscan3DProcessed;10;611.000544;3;3;2;2.01284587332712;1.76653804272267;0.346044327458103;1;1;2;1613.31826568266;192.416512915129;6.90036900369004;1636.93152972612;171.48496993988;18.0998663994656;1635.29764616553;169.752467729689;15.7236142748671
S4_Ivana-Field-35-Airyscan3DProcessed;11;272.296416;1;2;2;0.325419186915984;0.589646006363024;0.302951975460005;1;2;2;1738.20893854749;1777.51229050279;26.259217877095;1733.68138337013;1782.00956585725;24.8175128771155;1734.39956092206;1787.95828759605;23.4939626783754
S4_Ivana-Field-35-Airyscan3DProcessed;13;326.301248;2;1;2;0.458231412385954;0.281922200912852;0.228335258854098;1;1;1;1927.27873855544;1117.89114954222;3.3499491353001;1922.92732946946;1110.41016495765;5.49442710655372;1925.63527321191;1111.55486450466;4.09640159928921
S4_Ivana-Field-35-Airyscan3DProcessed;14;106.82224;1;1;1;2.02986172057467;1.37475535720843;0.669038620530009;1;1;1;2306.84339509863;2917.45427375971;8.00358637178721;2277.6125748503;2876.11736526946;7.0125748502994;2285.07455570004;2890.87602947551;7.72735153879497
S4_Ivana-Field-35-Airyscan3DProcessed;15;1406.067936;4;3;1;0.25399187299065;0.380477670731667;0.374842479507463;4;3;1;2707.72578241431;1945.21087928465;20.1549925484352;2703.83655705996;1941.16247582205;19.3072211476467;2707.64778037383;1946.84521028037;17.4778037383178
S4_Ivana-Field-35-Airyscan3DProcessed;16;316.755488;2;1;0;NaN;NaN;NaN;NaN;NaN;NaN;NaN;NaN;NaN;NaN;NaN;NaN;NaN;NaN;NaN
S4_Ivana-Field-35-Airyscan3DProcessed;17;159.72208;1;0;0;NaN;NaN;NaN;NaN;NaN;NaN;NaN;NaN;NaN;NaN;NaN;NaN;NaN;NaN;NaN