"image_ID";"DAPI_ID";"DAPI_volume";"nFC1";"nFC2";"nFC3";"MNN_D_FC1FC2";"MNN_D_FC1FC3";"MNN_D_FC2FC3";"ID_FC1";"ID_FC2";"ID_FC3";"xFC1";"yFC1";"zFC1";"xFC2";"yFC2";"zFC2";"xFC3";"yFC3";"zFC3"
"NPC_dA_rep1_Probes_Zfp_10kb_Airyscan_4y_01";1;"304.477824";1;0;1;"NaN";"NaN";"NaN";NA;NA;NA;"NaN";"NaN";"NaN";"NaN";"NaN";"NaN";"NaN";"NaN";"NaN"
"NPC_dA_rep1_Probes_Zfp_10kb_Airyscan_4y_01";2;"3547.873952";17;14;15;"0.355649285993693";"0.395612501850707";"0.330570202726862";1;2;2;"402.612195121951";"736.80406504065";"11.709756097561";"410.871744791667";"733.995442708333";"11.2194010416667";"409.406681190995";"741.015250544662";"10.0457516339869"
"NPC_dA_rep1_Probes_Zfp_10kb_Airyscan_4y_01";2;"3547.873952";17;14;15;"0.298104590663424";"0.891152554575159";"0.682417599432464";4;3;7;"910.131578947368";"1045.60721247563";"12.3918128654971";"916.974461292897";"1043.60255387071";"11.7725458898643";"928.029546946815";"1034.24359816152";"14.3479973736047"
"NPC_dA_rep1_Probes_Zfp_10kb_Airyscan_4y_01";2;"3547.873952";17;14;15;"3.71754599115234";"3.35756101135313";"0.453001757772616";5;11;4;"1110.39390810532";"622.924625709861";"18.0562725864739";"1186.90798226164";"675.120842572062";"20.2461197339246";"1178.6206022187";"671.61616481775";"16.7781299524564"
"NPC_dA_rep1_Probes_Zfp_10kb_Airyscan_4y_01";2;"3547.873952";17;14;15;"0.277838369893114";"0.615450076361086";"0.516394668343366";10;9;10;"921.841843501326";"571.626326259947";"20.2632625994695";"920.729981378026";"578.371198013656";"20.6151458721291";"919.558612440191";"569.165669856459";"15.9730861244019"
"NPC_dA_rep1_Probes_Zfp_10kb_Airyscan_4y_01";2;"3547.873952";17;14;15;"0.829844664138851";"0.543521043473289";"0.748423043936477";11;4;6;"1107.19488817891";"761.966986155485";"19.8402555910543";"1104.82878787879";"745.013939393939";"16.4912121212121";"1103.75960794429";"756.287593500129";"16.4526695898891"
"NPC_dA_rep1_Probes_Zfp_10kb_Airyscan_4y_01";2;"3547.873952";17;14;15;"0.449615306648695";"0.96217212609062";"0.121546017858551";12;7;9;"1421.64729548502";"432.079123826553";"22.0938757264193";"1419.50102971462";"436.427184466019";"19.1965283907031";"1418.80365296804";"442.827625570776";"15.9994292237443"
"NPC_dA_rep1_Probes_Zfp_10kb_Airyscan_4y_01";2;"3547.873952";17;14;15;"0.105791184870806";"0.193257290694105";"0.604375525528565";14;10;12;"1074.6826535186";"272.038547736441";"19.9950694755715";"1072.92249134948";"272.363321799308";"19.4387543252595";"1073.2336";"270.5416";"18.7496"
"NPC_dA_rep1_Probes_Zfp_10kb_Airyscan_4y_01";3;"368.078592";1;1;2;"0.639678894789431";"2.47234925958837";"1.96832674175664";1;1;2;"529.735514018692";"1441.78317757009";"12.7214953271028";"522.770309130122";"1429.51150251618";"14.871675053918";"524.483742156303";"1380.39931545921";"14.1431831146606"
"NPC_dA_rep1_Probes_Zfp_10kb_Airyscan_4y_01";4;"4211.396448";12;16;14;"0.370212409068466";"3.75722484810098";"3.94439074275943";1;1;2;"1419.29529737206";"1110.55809128631";"9.46196403872752";"1417.40216322517";"1114.69616519174";"7.15929203539823";"1378.97045790251";"1027.5317577548";"14.4394387001477"
"NPC_dA_rep1_Probes_Zfp_10kb_Airyscan_4y_01";4;"4211.396448";12;16;14;"5.53443877652173";"5.3777466031939";"0.472569485985977";6;9;7;"1257.3375";"1803.842578125";"17.48671875";"1356.01274509804";"1900.81617647059";"17.9877450980392";"1353.31428571429";"1897.4866359447";"14.7115207373272"
"NPC_dA_rep1_Probes_Zfp_10kb_Airyscan_4y_01";4;"4211.396448";12;16;14;"0.326041079153592";"0.633153840144764";"0.489660596602017";7;7;6;"1832.0738478623";"1375.52581898945";"17.5213770127707";"1837.60016155089";"1370.89539579968";"16.4349757673667";"1831.90485436893";"1367.24174757282";"13.6679611650485"
"NPC_dA_rep1_Probes_Zfp_10kb_Airyscan_4y_01";4;"4211.396448";12;16;14;"0.59425814291464";"3.90406808140018";"3.91329418517392";8;12;14;"1659.62154096582";"1251.11231687466";"24.2289744981009";"1665.09003215434";"1252.25509110397";"20.2958199356913";"1738.68109125118";"1197.71213546566";"30.1128880526811"
"NPC_dA_rep1_Probes_Zfp_10kb_Airyscan_4y_01";4;"4211.396448";12;16;14;"0.247390386197013";"0.718424918369693";"5.19824317333674";10;15;12;"2032.25650332728";"1332.72595281307";"29.8681185722928";"2037.88173731031";"1330.16745159602";"29.9392987964417";"2038.01998001998";"1337.14585414585";"25.1748251748252"
"NPC_dA_rep1_Probes_Zfp_10kb_Airyscan_4y_01";4;"4211.396448";12;16;14;"5.00090851893041";"0.799640298129077";"0.723098634610784";11;14;11;"1242.4799658994";"1460.11508951407";"31.9190110826939";"1320.99587628866";"1550.29072164948";"21.4824742268041";"1232.97801683817";"1456.64499532273";"26.9925163704397"
"NPC_dA_rep1_Probes_Zfp_10kb_Airyscan_4y_01";4;"4211.396448";12;16;14;"0.213756502160847";"3.80030558419366";"3.74076434027107";12;16;10;"1549.92501464558";"1617.86936145284";"35.6051552431166";"1545.82760501909";"1614.50463720676";"35.4140752864157";"1480.1000325839";"1665.56337569241";"23.2293906810036"
"NPC_dA_rep1_Probes_Zfp_10kb_Airyscan_4y_01";6;"1932.378112";7;9;7;"0.263140395712383";"1.60560778318259";"1.83141565288831";6;5;5;"1928.31709331131";"226.739058629232";"16.0784475639967";"1922.3730941704";"229.379372197309";"15.7964125560538";"1967.6863084922";"233.302426343154";"17.2980935875217"
"NPC_dA_rep1_Probes_Zfp_10kb_Airyscan_4y_01";7;"348.39728";0;2;1;"NaN";"NaN";"NaN";NA;NA;NA;"NaN";"NaN";"NaN";"NaN";"NaN";"NaN";"NaN";"NaN";"NaN"
"NPC_dA_rep1_Probes_Zfp_10kb_Airyscan_4y_01";8;"269.052448";1;1;1;"0.389802797885116";"0.730356928429137";"0.972217476835168";1;1;1;"1823.41469084147";"2823.50023245002";"13.7489539748954";"1820.13035819143";"2832.55490311215";"13.3258954785672";"1832.77749077491";"2820.44280442804";"18.1416974169742"
"NPC_dA_rep1_Probes_Zfp_10kb_Airyscan_4y_01";9;"892.193344";4;7;5;"3.95039882588562";"4.53229854603687";"0.731576640029121";1;7;4;"2015.28003586372";"2842.39479976091";"15.6724447101016";"1947.28086419753";"2775.81635802469";"23.2152777777778";"1939.88697788698";"2760.1036036036";"21.2612612612613"
"NPC_dA_rep1_Probes_Zfp_10kb_Airyscan_4y_01";9;"892.193344";4;7;5;"0.548035541310564";"0.528033280570987";"0.74654716445175";4;6;2;"2401.02844036697";"2464.70275229358";"21.7733944954128";"2402.24736515809";"2477.6398016119";"20.5325480471172";"2406.27045908184";"2461.36127744511";"18.4461077844311"
"NPC_dA_rep1_Probes_Zfp_10kb_Airyscan_4y_01";10;"187.263776";0;1;1;"NaN";"NaN";"NaN";NA;NA;NA;"NaN";"NaN";"NaN";"NaN";"NaN";"NaN";"NaN";"NaN";"NaN"
"NPC_dA_rep1_Probes_Zfp_10kb_Airyscan_4y_01";11;"150.575264";1;2;1;"0.121158485408894";"6.38815287398849";"6.33221481878113";1;2;1;"332.880681818182";"2181.98915289256";"14.6066632231405";"331.135738831615";"2182.12485681558";"13.9003436426117";"240.820137693632";"2310.98709122203";"8.96643717728055"
"NPC_dA_rep1_Probes_Zfp_10kb_Airyscan_4y_01";12;"55.224064";0;0;1;"NaN";"NaN";"NaN";NA;NA;NA;"NaN";"NaN";"NaN";"NaN";"NaN";"NaN";"NaN";"NaN";"NaN"
"NPC_dA_rep1_Probes_Zfp_10kb_Airyscan_4y_01";13;"82.327392";0;0;0;"NaN";"NaN";"NaN";NA;NA;NA;"NaN";"NaN";"NaN";"NaN";"NaN";"NaN";"NaN";"NaN";"NaN"
"NPC_dA_rep1_Probes_Zfp_10kb_Airyscan_4y_01";14;"522.38592";4;3;2;"0.831444507200436";"1.10006698442796";"0.648283170822001";2;1;1;"1771.44558823529";"1971.07401960784";"26.8926470588235";"1783.44466640032";"1958.52297243308";"23.6280463443867";"1771.30683012259";"1952.65078809107";"21.0588441330998"
"NPC_dA_rep1_Probes_Zfp_10kb_Airyscan_4y_02";1;"210.93632";0;1;0;"NaN";"NaN";"NaN";NA;NA;NA;"NaN";"NaN";"NaN";"NaN";"NaN";"NaN";"NaN";"NaN";"NaN"
"NPC_dA_rep1_Probes_Zfp_10kb_Airyscan_4y_02";2;"107.837184";0;0;0;"NaN";"NaN";"NaN";NA;NA;NA;"NaN";"NaN";"NaN";"NaN";"NaN";"NaN";"NaN";"NaN";"NaN"
"NPC_dA_rep1_Probes_Zfp_10kb_Airyscan_4y_02";3;"84.690144";1;0;1;"NaN";"NaN";"NaN";NA;NA;NA;"NaN";"NaN";"NaN";"NaN";"NaN";"NaN";"NaN";"NaN";"NaN"
"NPC_dA_rep1_Probes_Zfp_10kb_Airyscan_4y_02";4;"103.535712";1;0;1;"NaN";"NaN";"NaN";NA;NA;NA;"NaN";"NaN";"NaN";"NaN";"NaN";"NaN";"NaN";"NaN";"NaN"
"NPC_dA_rep1_Probes_Zfp_10kb_Airyscan_4y_02";5;"869.713152";3;3;2;"2.20625916344699";"0.814104432459962";"1.41045503159579";3;3;2;"165.709534368071";"2081.05986696231";"56.8418329637842";"156.780585106383";"2028.45611702128";"52.8484042553191";"165.722222222222";"2061.17580872011";"55.6012658227848"
"NPC_dA_rep1_Probes_Zfp_10kb_Airyscan_4y_02";6;"1117.756192";2;3;4;"0.668870063007027";"0.675905991332255";"0.456540647994289";1;1;2;"864.162955465587";"1999.36842105263";"22.2209851551957";"859.734531628068";"2011.91669547183";"19.3276875216039";"855.532628962088";"2002.14294592915";"18.1466749533872"
"NPC_dA_rep1_Probes_Zfp_10kb_Airyscan_4y_02";6;"1117.756192";2;3;4;"0.445713270574226";"0.653523103991462";"0.410639415429187";2;3;4;"1020.14191547111";"2042.00659170221";"36.7115160915083";"1013.70679123248";"2039.59360402443";"34.2055335968379";"1015.57573354481";"2029.52577319588";"33.9962992334126"
"NPC_dA_rep1_Probes_Zfp_10kb_Airyscan_4y_02";8;"436.885568";1;2;4;"0.69718775115783";"4.08272863917019";"3.67309341471381";1;2;4;"959.162808944684";"1328.60141231856";"45.6743821106316";"960.007554296506";"1320.15580736544";"41.3248347497639";"955.890047393365";"1364.71279620853";"18.4142180094787"
"NPC_dA_rep1_Probes_Zfp_10kb_Airyscan_4y_02";9;"4774.874944";8;14;11;"0.548619790219055";"0.722748685432895";"0.477472668450774";1;1;1;"1125.78098159509";"1086.91063394683";"15.8249488752556";"1131.56033898305";"1084.81966101695";"12.3216949152542";"1123.18693596906";"1091.733132789";"10.9052428018908"
"NPC_dA_rep1_Probes_Zfp_10kb_Airyscan_4y_02";9;"4774.874944";8;14;11;"0.802430967866986";"0.585825559795657";"0.481277595986648";2;2;3;"1587.50024863252";"521.359522625559";"14.395822973645";"1600.32873563218";"532.207662835249";"11.263601532567";"1594.81294326241";"521.654255319149";"10.7712765957447"
"NPC_dA_rep1_Probes_Zfp_10kb_Airyscan_4y_02";9;"4774.874944";8;14;11;"0.394858779807958";"0.556043677779137";"0.445197717534052";3;7;5;"1492.90492359932";"357.387945670628";"35.3389926428976";"1493.77625726993";"363.007184399589";"33.0335271980842";"1491.31291866029";"353.464433811802";"31.555980861244"
"NPC_dA_rep1_Probes_Zfp_10kb_Airyscan_4y_02";9;"4774.874944";8;14;11;"0.273494473628532";"0.998626810436157";"0.990083797386059";6;11;10;"1433.95234312947";"678.922557585385";"47.0965051628276";"1434.05395348837";"681.106976744186";"45.2455813953488";"1457.75446187128";"674.01027582477";"45.4648458626285"
"NPC_dA_rep1_Probes_Zfp_10kb_Airyscan_4y_02";9;"4774.874944";8;14;11;"0.317029729758256";"0.511117350435806";"0.28799920917222";7;13;9;"1218.45795339412";"1107.46200607903";"47.8794326241135";"1212.87449625792";"1111.56534254462";"46.7800805987334";"1211.47716173513";"1109.31140476874";"44.867566791152"
"NPC_dA_rep1_Probes_Zfp_10kb_Airyscan_4y_02";10;"835.51776";3;3;6;"0.785458398491528";"0.820255735291094";"1.02047247965713";1;1;1;"1006.89745979958";"2545.08063388488";"35.2356094150548";"1016.15548132402";"2532.87731551777";"31.7251746128151";"996.631714876033";"2548.47469008264";"30.2572314049587"
"NPC_dA_rep1_Probes_Zfp_10kb_Airyscan_4y_02";10;"835.51776";3;3;6;"2.20720858473104";"1.69544176085966";"0.738117995438615";2;2;3;"1201.64323911383";"2596.22077922078";"45.3941940412529";"1245.49036144578";"2567.65662650602";"40.3931726907631";"1233.67836676218";"2568.67048710602";"44.4333810888252"
"NPC_dA_rep1_Probes_Zfp_10kb_Airyscan_4y_02";10;"835.51776";3;3;6;"0.945097255655985";"0.793725518704535";"1.22898460603787";3;3;4;"1184.27945712523";"2549.26403454658";"46.3837137569402";"1203.77467343977";"2537.4267053701";"48.1465892597968";"1189.11236863379";"2546.92805173808";"40.9256265157639"
"NPC_dA_rep1_Probes_Zfp_10kb_Airyscan_4y_02";11;"83.90816";1;0;1;"NaN";"NaN";"NaN";NA;NA;NA;"NaN";"NaN";"NaN";"NaN";"NaN";"NaN";"NaN";"NaN";"NaN"
"NPC_dA_rep1_Probes_Zfp_10kb_Airyscan_4y_02";12;"942.119584";5;3;5;"0.360915989786263";"0.380324176730657";"0.237992240155864";1;1;1;"1636.93864229765";"2386.19516971279";"9.34791122715405";"1632.67003367003";"2378.89674523008";"8.44781144781145";"1638.30040733198";"2377.10794297352";"8.64969450101833"
"NPC_dA_rep1_Probes_Zfp_10kb_Airyscan_4y_02";12;"942.119584";5;3;5;"0.433331324134052";"0.348857906196419";"0.213563013281038";5;3;4;"1780.50656295576";"2558.97715119105";"42.8376276130287";"1782.90011820331";"2565.9243498818";"40.5632387706856";"1780.75446898002";"2561.06151419558";"40.419032597266"
"NPC_dA_rep1_Probes_Zfp_10kb_Airyscan_4y_02";13;"1266.10064";2;4;7;"0.152034848887584";"0.810636390275546";"0.758012379796443";1;2;3;"2102.76614114114";"1662.30105105105";"51.496996996997";"2099.41698991466";"1662.52695888285";"52.0064003103181";"2088.87835703002";"1673.96366508689";"48.9125855713533"
"NPC_dA_rep1_Probes_Zfp_10kb_Airyscan_4y_02";13;"1266.10064";2;4;7;"0.581783579053297";"0.878331305178384";"0.653916963952384";2;3;4;"1793.98984427894";"1705.10629654705";"57.5781990521327";"1807.1375747689";"1704.71125611746";"55.8047852093529";"1804.6037371134";"1719.46166237113";"53.9255798969072"
"NPC_dA_rep1_Probes_Zfp_10kb_Airyscan_4y_02";14;"73.245312";0;0;1;"NaN";"NaN";"NaN";NA;NA;NA;"NaN";"NaN";"NaN";"NaN";"NaN";"NaN";"NaN";"NaN";"NaN"
"NPC_dA_rep1_Probes_Zfp_10kb_Airyscan_4y_02";15;"246.95104";1;2;0;"NaN";"NaN";"NaN";NA;NA;NA;"NaN";"NaN";"NaN";"NaN";"NaN";"NaN";"NaN";"NaN";"NaN"
"NPC_dA_rep1_Probes_Zfp_10kb_Airyscan_4y_02";16;"119.70112";1;0;1;"NaN";"NaN";"NaN";NA;NA;NA;"NaN";"NaN";"NaN";"NaN";"NaN";"NaN";"NaN";"NaN";"NaN"
"NPC_dA_rep1_Probes_Zfp_10kb_Airyscan_4y_02";17;"841.54224";3;2;6;"0.291277191943872";"1.0008600180588";"0.755170084634022";1;1;1;"1958.508057676";"675.540288379983";"9.490245971162";"1957.10303192917";"668.421786960021";"9.66621947947411";"1949.00577081616";"654.01483924155";"7.05853256389118"
"NPC_dA_rep1_Probes_Zfp_10kb_Airyscan_4y_02";17;"841.54224";3;2;6;"0.659156273323825";"1.62281240642798";"2.21620621178201";2;2;3;"2054.98071528752";"524.328190743338";"14.343618513324";"2058.34819734345";"517.325426944972";"10.1916508538899";"2052.0318275154";"521.428131416838";"25.8747433264887"
"NPC_dA_rep1_Probes_Zfp_10kb_Airyscan_4y_02";18;"486.04864";1;1;1;"0.450998196862286";"0.73698829871655";"0.568808835297956";1;1;1;"2004.48604269294";"961.549261083744";"14.688013136289";"1998.62490023943";"970.221867517957";"13.4908220271349";"2005.87482678984";"969.798614318707";"9.99769053117783"
"NPC_dA_rep1_Probes_Zfp_10kb_Airyscan_4y_02";19;"484.812608";2;3;1;"2.61913773341259";"2.23056851446298";"1.25105779616169";2;3;1;"2260.89818548387";"1339.99294354839";"46.7288306451613";"2246.06693711968";"1293.51014198783";"34.2525354969574";"2247.01544269046";"1287.56623198353";"43.0216197666438"
"NPC_dA_rep1_Probes_Zfp_10kb_Airyscan_4y_02";20;"1192.524032";2;6;3;"0.393453214724225";"0.695770611038763";"0.928719054702798";1;1;2;"2545.00083056478";"616.421096345515";"22.1029900332226";"2548.0367954071";"607.580636743215";"21.2278183716075";"2539.3436329588";"626.803370786517";"18.4578651685393"
"NPC_dA_rep1_Probes_Zfp_10kb_Airyscan_4y_02";21;"234.090976";0;1;0;"NaN";"NaN";"NaN";NA;NA;NA;"NaN";"NaN";"NaN";"NaN";"NaN";"NaN";"NaN";"NaN";"NaN"
"NPC_dA_rep1_Probes_Zfp_10kb_Airyscan_4y_02";22;"62.987232";0;0;1;"NaN";"NaN";"NaN";NA;NA;NA;"NaN";"NaN";"NaN";"NaN";"NaN";"NaN";"NaN";"NaN";"NaN"
"NPC_dA_rep1_Probes_Zfp_10kb_Airyscan_4y_02";23;"153.726048";0;0;0;"NaN";"NaN";"NaN";NA;NA;NA;"NaN";"NaN";"NaN";"NaN";"NaN";"NaN";"NaN";"NaN";"NaN"
"NPC_dA_rep1_Probes_Zfp_10kb_Airyscan_4y_02";24;"121.021152";1;1;0;"NaN";"NaN";"NaN";NA;NA;NA;"NaN";"NaN";"NaN";"NaN";"NaN";"NaN";"NaN";"NaN";"NaN"
"NPC_dA_rep1_Probes_Zfp_10kb_Airyscan_4y_02";25;"72.108512";0;0;0;"NaN";"NaN";"NaN";NA;NA;NA;"NaN";"NaN";"NaN";"NaN";"NaN";"NaN";"NaN";"NaN";"NaN"
"NPC_dA_rep1_Probes_Zfp_10kb_Airyscan_4y_03";1;"574.926016";1;3;3;"0.771822240100479";"3.98415250003115";"4.08400251293048";1;1;2;"142.706329113924";"713.012658227848";"14.7883544303797";"136.006681514477";"706.103563474388";"10.0100222717149";"54.6189944134078";"699.930726256983";"27.5351955307263"
"NPC_dA_rep1_Probes_Zfp_10kb_Airyscan_4y_03";3;"928.125408";4;3;5;"0.410378593630331";"1.65823572114899";"2.04190480472532";4;2;4;"451.72550831793";"195.985212569316";"22.7084103512015";"461.504995004995";"197.957042957043";"22.0244755244755";"416.927947598253";"173.622270742358";"23.4970887918486"
"NPC_dA_rep1_Probes_Zfp_10kb_Airyscan_4y_03";5;"1555.78752";4;6;6;"4.19110227131176";"0.407532195914716";"0.499136780458153";1;5;2;"564.528978224456";"1093.61239530988";"7.87102177554439";"550.524156791249";"1163.99179580675";"29.6845943482224";"573.233257229833";"1097.46423135464";"6.83295281582953"
"NPC_dA_rep1_Probes_Zfp_10kb_Airyscan_4y_03";5;"1555.78752";4;6;6;"0.649399715708502";"4.95711052577178";"4.25930317372022";3;6;6;"719.146457268079";"913.154857560263";"32.5416362308254";"724.422982885086";"901.304400977995";"29.7524449877751";"722.668614514609";"1034.15042412818";"40.1319509896324"
"NPC_dA_rep1_Probes_Zfp_10kb_Airyscan_4y_03";5;"1555.78752";4;6;6;"0.681172080044657";"0.915257548173724";"5.50939371612098";4;4;5;"521.084862385321";"746.032683486239";"33.1422018348624";"509.39160988075";"748.079855195911";"29.6537478705281";"516.728472222222";"749.127083333333";"26.7854166666667"
"NPC_dA_rep1_Probes_Zfp_10kb_Airyscan_4y_03";6;"64.93536";1;0;0;"NaN";"NaN";"NaN";NA;NA;NA;"NaN";"NaN";"NaN";"NaN";"NaN";"NaN";"NaN";"NaN";"NaN"
"NPC_dA_rep1_Probes_Zfp_10kb_Airyscan_4y_03";7;"1421.393568";3;6;5;"0.028036283568072";"0.242935086266789";"0.216851179069534";2;6;4;"1277.70485678705";"2211.5496056455";"46.3051058530511";"1277.84059569774";"2211.35190292333";"46.1169332597904";"1280.76833696442";"2209.42411038489";"44.9353667392883"
"NPC_dA_rep1_Probes_Zfp_10kb_Airyscan_4y_03";8;"396.250848";4;1;4;"3.46776023561945";"2.27261926988967";"3.04331117332982";2;1;2;"1184.16297468354";"1528.92325949367";"18.0371835443038";"1114.35987147447";"1479.7415208854";"22.3184576936808";"1132.35205616851";"1547.99398194584";"14.2046138415246"
"NPC_dA_rep1_Probes_Zfp_10kb_Airyscan_4y_03";9;"714.072576";2;1;1;"0.388756079049658";"0.336582363841351";"0.24757064511252";2;1;1;"1043.28205784489";"297.116457640133";"23.1489633990274";"1050.8936965812";"297.208867521367";"21.4225427350427";"1045.09843357184";"297.24676078128";"20.8017791529685"
"NPC_dA_rep1_Probes_Zfp_10kb_Airyscan_4y_03";10;"426.510112";2;2;2;"0.48421516276141";"0.574242213978069";"0.288987981742911";2;1;1;"1483.5726010101";"2698.16414141414";"22.927398989899";"1488.16127968338";"2708.7213060686";"21.8571899736148";"1484.73252911814";"2708.30865224626";"20.0440931780366"
"NPC_dA_rep1_Probes_Zfp_10kb_Airyscan_4y_03";11;"458.752672";2;0;1;"NaN";"NaN";"NaN";NA;NA;NA;"NaN";"NaN";"NaN";"NaN";"NaN";"NaN";"NaN";"NaN";"NaN"
"NPC_dA_rep1_Probes_Zfp_10kb_Airyscan_4y_03";12;"464.64656";1;2;0;"NaN";"NaN";"NaN";NA;NA;NA;"NaN";"NaN";"NaN";"NaN";"NaN";"NaN";"NaN";"NaN";"NaN"
"NPC_dA_rep1_Probes_Zfp_10kb_Airyscan_4y_03";13;"168.731584";0;2;0;"NaN";"NaN";"NaN";NA;NA;NA;"NaN";"NaN";"NaN";"NaN";"NaN";"NaN";"NaN";"NaN";"NaN"
"NPC_dA_rep1_Probes_Zfp_10kb_Airyscan_4y_03";15;"1881.313952";4;7;9;"0.762327011360824";"0.846645618641377";"0.415634370802189";1;2;2;"2618.12790697674";"1553.04534883721";"14.9779069767442";"2605.4383033419";"1552.21208226221";"10.922236503856";"2612.0253968254";"1558.14497354497";"9.37354497354497"
"NPC_dA_rep1_Probes_Zfp_10kb_Airyscan_4y_03";15;"1881.313952";4;7;9;"0.459678954010283";"4.34067827934645";"4.56292167914586";4;7;5;"2482.7519379845";"1335.36976744186";"42.9457364341085";"2480.96893317702";"1324.01699882767";"42.936694021102";"2557.10329113924";"1372.53873417722";"23.0146835443038"
"NPC_dA_rep1_Probes_Zfp_10kb_Airyscan_4y_03";16;"70.70896";0;0;0;"NaN";"NaN";"NaN";NA;NA;NA;"NaN";"NaN";"NaN";"NaN";"NaN";"NaN";"NaN";"NaN";"NaN"
"NPC_dA_rep1_Probes_Zfp_10kb_Airyscan_4y_03";17;"57.197056";0;0;1;"NaN";"NaN";"NaN";NA;NA;NA;"NaN";"NaN";"NaN";"NaN";"NaN";"NaN";"NaN";"NaN";"NaN"
"NPC_dA_rep1_Probes_Zfp_10kb_Airyscan_4y_03";19;"75.563712";0;1;0;"NaN";"NaN";"NaN";NA;NA;NA;"NaN";"NaN";"NaN";"NaN";"NaN";"NaN";"NaN";"NaN";"NaN"
"NPC_dA_rep1_Probes_Zfp_10kb_Airyscan_4y_03";20;"82.226592";1;0;0;"NaN";"NaN";"NaN";NA;NA;NA;"NaN";"NaN";"NaN";"NaN";"NaN";"NaN";"NaN";"NaN";"NaN"
"NPC_dA_rep1_Probes_Zfp_10kb_Airyscan_4y_03";21;"91.331296";0;0;0;"NaN";"NaN";"NaN";NA;NA;NA;"NaN";"NaN";"NaN";"NaN";"NaN";"NaN";"NaN";"NaN";"NaN"
"NPC_dA_rep1_Probes_Zfp_10kb_Airyscan_4y_03";22;"101.965472";0;1;0;"NaN";"NaN";"NaN";NA;NA;NA;"NaN";"NaN";"NaN";"NaN";"NaN";"NaN";"NaN";"NaN";"NaN"
"NPC_dA_rep1_Probes_Zfp_10kb_Airyscan_4y_04";1;"508.325664";3;2;4;"0.0995210665086066";"0.182636547303127";"0.102559249463263";3;2;4;"141.320819955545";"500.548283526797";"44.2442578414423";"142.375642823749";"501.168302945302";"43.6252921926134";"144.349397590361";"500.074760580785";"43.2774173617547"
"NPC_dA_rep1_Probes_Zfp_10kb_Airyscan_4y_04";2;"433.70208";2;2;0;"NaN";"NaN";"NaN";NA;NA;NA;"NaN";"NaN";"NaN";"NaN";"NaN";"NaN";"NaN";"NaN";"NaN"
"NPC_dA_rep1_Probes_Zfp_10kb_Airyscan_4y_04";3;"496.486368";1;2;0;"NaN";"NaN";"NaN";NA;NA;NA;"NaN";"NaN";"NaN";"NaN";"NaN";"NaN";"NaN";"NaN";"NaN"
"NPC_dA_rep1_Probes_Zfp_10kb_Airyscan_4y_04";5;"413.653632";2;3;2;"0.746409321439495";"0.480678039980447";"0.939120500517625";1;2;1;"591.59558160505";"2114.37826871055";"32.8038773669973";"609.116777531412";"2111.23281596452";"34.4028085735403";"593.187295933511";"2111.85129118433";"29.4781834372217"
"NPC_dA_rep1_Probes_Zfp_10kb_Airyscan_4y_04";5;"413.653632";2;3;2;"0.751860416705769";"0.723050736564055";"0.250905894683701";2;3;2;"616.53950722175";"2150.47833474936";"50.2090059473237";"604.169555388093";"2137.49133383572";"48.6021100226074";"609.811013767209";"2134.75969962453";"48.5331664580726"
"NPC_dA_rep1_Probes_Zfp_10kb_Airyscan_4y_04";6;"73.223136";0;0;0;"NaN";"NaN";"NaN";NA;NA;NA;"NaN";"NaN";"NaN";"NaN";"NaN";"NaN";"NaN";"NaN";"NaN"
"NPC_dA_rep1_Probes_Zfp_10kb_Airyscan_4y_04";7;"632.250752";2;3;4;"0.843624812280841";"0.604353450430732";"0.477135799092996";2;3;4;"903.704936854191";"2390.83639494834";"48.2221584385764";"900.992822966507";"2373.55940988836";"44.8540669856459";"899.143725815368";"2385.2493090105";"44.4289662797125"
"NPC_dA_rep1_Probes_Zfp_10kb_Airyscan_4y_04";9;"946.830528";5;5;4;"1.03922690985961";"0.884837150104414";"0.411275951631768";4;2;2;"903.452494873547";"106.679425837321";"35.6753246753247";"909.980728051392";"96.9561027837259";"29.0492505353319";"906.922535211268";"106.680198840099";"29.4333057166529"
"NPC_dA_rep1_Probes_Zfp_10kb_Airyscan_4y_04";9;"946.830528";5;5;4;"0.434591867423227";"1.60490674572542";"1.17639093812923";5;5;1;"920.634491634492";"155.787644787645";"39.0057915057915";"920.693701466782";"155.527178602243";"35.9025021570319";"920.783819280273";"149.115576569477";"27.7018649855529"
"NPC_dA_rep1_Probes_Zfp_10kb_Airyscan_4y_04";10;"56.392896";0;1;0;"NaN";"NaN";"NaN";NA;NA;NA;"NaN";"NaN";"NaN";"NaN";"NaN";"NaN";"NaN";"NaN";"NaN"
"NPC_dA_rep1_Probes_Zfp_10kb_Airyscan_4y_04";11;"1871.990176";6;8;7;"0.449725981219233";"2.09947685483512";"1.67242541871268";3;2;1;"1040.68723221937";"1667.39502999143";"24.942587832048";"1038.75013347571";"1661.70742124933";"22.2274426054458";"1025.44614822928";"1631.26871120847";"14.9733479372034"
"NPC_dA_rep1_Probes_Zfp_10kb_Airyscan_4y_04";12;"178.461248";1;1;3;"1.09249833383205";"3.38060456382116";"4.146525317378";1;1;3;"1066.00260416667";"2301.12847222222";"29.3194444444444";"1058.41086749285";"2322.28789323165";"24.8875119161106";"1138.68277680141";"2290.2934973638";"41.2478031634446"
"NPC_dA_rep1_Probes_Zfp_10kb_Airyscan_4y_04";13;"2101.042272";4;9;4;"0.404826816152149";"0.598914471617123";"0.438155652748916";1;1;1;"1220.59343603483";"1033.7387809779";"11.7247153382451";"1228.98143053645";"1036.11348005502";"10.2558459422283";"1225.1031510107";"1046.19024970273";"9.72859690844233"
"NPC_dA_rep1_Probes_Zfp_10kb_Airyscan_4y_04";13;"2101.042272";4;9;4;"0.189258501688639";"0.5234658976038";"0.38517980638209";3;4;4;"1204.47904070939";"1302.79826682789";"27.295243853285";"1204.52296056186";"1306.21555915721";"26.3603457590492";"1204.60664206642";"1305.25535055351";"23.6228782287823"
"NPC_dA_rep1_Probes_Zfp_10kb_Airyscan_4y_04";14;"475.234144";2;1;2;"0.615375891767736";"2.22652446383546";"2.34117418253444";2;1;2;"1398.38870008496";"2483.42650807137";"29.1270178419711";"1411.12255489022";"2475.70419161677";"28.0243512974052";"1398.85810055866";"2464";"44.0301675977654"
"NPC_dA_rep1_Probes_Zfp_10kb_Airyscan_4y_04";15;"441.723072";1;1;1;"0.167382568177621";"0.771104768632133";"0.706258942712691";1;1;1;"1947.00348918353";"760.501046755059";"21.8360083740405";"1943.49309153713";"761.811168681635";"21.3036845135291";"1947.91684500153";"766.427392234791";"16.601345154387"
"NPC_dA_rep1_Probes_Zfp_10kb_Airyscan_4y_04";16;"2040.481856";8;8;7;"0.502721718857089";"0.78970818417147";"0.397054296649231";3;3;4;"2180.19523443505";"1811.43082244427";"17.738662567256";"2177.17439613527";"1803.43623188406";"15.1057971014493";"2179.97096887023";"1804.89261979713";"12.4165792235047"
"NPC_dA_rep1_Probes_Zfp_10kb_Airyscan_4y_04";16;"2040.481856";8;8;7;"0.682386867738724";"0.893732727891169";"0.657335039558398";4;6;5;"1948.91146318733";"2111.71295433364";"27.1575023299161";"1951.91858325667";"2098.78702851886";"24.0947562097516";"1954.71296296296";"2110.81893004115";"20.9979423868313"
"NPC_dA_rep1_Probes_Zfp_10kb_Airyscan_4y_04";17;"518.998144";2;2;5;"2.31938271089366";"0.547191368847458";"0.339697306000852";1;2;1;"2006.73134328358";"414.051035146846";"9.08136735676456";"2014.16967930029";"433.258309037901";"24.5679300291545";"2008.93628318584";"418.932743362832";"5.48495575221239"
"NPC_dA_rep1_Probes_Zfp_10kb_Airyscan_4y_04";17;"518.998144";2;2;5;"0.781057907771164";"1.03053501222862";"2.74038512057508";2;1;2;"2089.35244161359";"597.569532908705";"20.411889596603";"2080.9255774166";"598.897348160821";"15.393498716852";"2073.53440621532";"602.471698113208";"14.7730299667037"
"NPC_dA_rep1_Probes_Zfp_10kb_Airyscan_4y_04";18;"181.46576";1;1;0;"NaN";"NaN";"NaN";NA;NA;NA;"NaN";"NaN";"NaN";"NaN";"NaN";"NaN";"NaN";"NaN";"NaN"
"NPC_dA_rep1_Probes_Zfp_10kb_Airyscan_4y_04";19;"465.823456";2;1;3;"0.436917346681429";"0.796579966257616";"0.571800501183822";2;1;3;"2335.55627605373";"1993.33024548402";"51.1750810560445";"2336.50081922447";"2002.37793555434";"49.4475696340797";"2337.23453884015";"1997.39203937513";"45.6255082388187"
"NPC_dA_rep1_Probes_Zfp_10kb_Airyscan_4y_04";20;"510.835136";1;1;4;"0.247053856854506";"0.435105608982539";"0.348299511026509";1;1;1;"2747.26042050904";"660.917373662855";"11.7661379564736";"2752.53331459095";"663.299409614844";"11.1487208321619";"2749.34737799333";"663.937253713246";"8.84055774477114"
"NPC_dA_rep1_Probes_Zfp_10kb_Airyscan_4y_04";22;"383.703264";1;2;1;"0.488662432738093";"1.02377846278134";"0.555525933297669";1;1;1;"2837.99463601533";"1115.76551724138";"18.8628352490421";"2834.59695371998";"1118.72700644405";"15.6186291739895";"2831.93077642657";"1116.78157156221";"11.7642656688494"
"NPC_dA_rep1_Probes_Zfp_10kb_Airyscan_4y_04";23;"101.856384";1;1;0;"NaN";"NaN";"NaN";NA;NA;NA;"NaN";"NaN";"NaN";"NaN";"NaN";"NaN";"NaN";"NaN";"NaN"
"NPC_dA_rep1_Probes_Zfp_10kb_Airyscan_4y_04";24;"452.749472";2;1;7;"0.288767408894951";"3.61108429044183";"3.56629487834769";2;1;2;"1998.11029825549";"2683.76027011818";"29.0180078784468";"1997.3706491063";"2687.94637817498";"27.3508936970837";"2084.35516888434";"2696.70726714432";"22.353121801433"
"NPC_dA_rep1_Probes_Zfp_10kb_Airyscan_4y_04";25;"62.896064";0;1;0;"NaN";"NaN";"NaN";NA;NA;NA;"NaN";"NaN";"NaN";"NaN";"NaN";"NaN";"NaN";"NaN";"NaN"
"NPC_dA_rep1_Probes_Zfp_10kb_Airyscan_4y_04";26;"355.48576";1;1;1;"1.12343797046908";"5.94083101091275";"5.57167997100453";1;1;1;"2087.15015772871";"1139.0309148265";"28.6056782334385";"2086.75931072818";"1113.93218454697";"25.00611450806";"2099.56147893379";"1023.6698194325";"55.0958727429063"
"NPC_dA_rep1_Probes_Zfp_10kb_Airyscan_4y_04";27;"180.104512";1;0;2;"NaN";"NaN";"NaN";NA;NA;NA;"NaN";"NaN";"NaN";"NaN";"NaN";"NaN";"NaN";"NaN";"NaN"
"NPC_dA_rep1_Probes_Zfp_10kb_Airyscan_4y_04";28;"70.840448";0;0;1;"NaN";"NaN";"NaN";NA;NA;NA;"NaN";"NaN";"NaN";"NaN";"NaN";"NaN";"NaN";"NaN";"NaN"
"NPC_dA_rep1_Probes_Zfp_10kb_Airyscan_4y_04";29;"132.287904";0;1;1;"NaN";"NaN";"NaN";NA;NA;NA;"NaN";"NaN";"NaN";"NaN";"NaN";"NaN";"NaN";"NaN";"NaN"
"NPC_dA_rep1_Probes_Zfp_10kb_Airyscan_4y_05";1;"879.992512";3;5;3;"0.645724542410772";"0.656494180959781";"0.565078827974103";1;1;1;"124.993106843919";"2710.70310192024";"16.932545544067";"134.014415781487";"2709.81411229135";"13.1160849772382";"120.842014636246";"2704.91304347826";"12.7081360309944"
"NPC_dA_rep1_Probes_Zfp_10kb_Airyscan_4y_05";2;"482.429472";1;2;2;"2.74735724439689";"0.526602898887334";"2.82241383398747";1;1;1;"438.481208548268";"110.136330140015";"26.4340456890199";"418.935946462715";"109.46845124283";"7.62237093690249";"449.209150326797";"102.907189542484";"25.7359477124183"
"NPC_dA_rep1_Probes_Zfp_10kb_Airyscan_4y_05";4;"600.511072";4;2;3;"1.19647677899448";"0.921599613680216";"1.98732261048131";1;2;2;"915.908912188729";"1153.68020969856";"25.954128440367";"942.94058408862";"1143.3524672709";"28.1178247734139";"896.872712146423";"1161.77953410982";"28.8519134775374"
"NPC_dA_rep1_Probes_Zfp_10kb_Airyscan_4y_05";6;"1916.894336";5;6;6;"0.350840477994834";"0.590344879090181";"0.512923092242384";1;1;1;"952.441457068517";"2155.19254119688";"16.1552471812663";"956.935779816514";"2151.73669724771";"14.243119266055";"952.34630911188";"2161.78489042676";"12.3826412918108"
"NPC_dA_rep1_Probes_Zfp_10kb_Airyscan_4y_05";6;"1916.894336";5;6;6;"0.560159534231692";"0.562205120352004";"1.01708085896414";3;3;3;"1118.35845347313";"2126.59207077326";"28.8034076015727";"1117.18775847808";"2114.38626964433";"30.7361455748553";"1120.20835204311";"2129.18679838348";"24.892231701841"
"NPC_dA_rep1_Probes_Zfp_10kb_Airyscan_4y_05";6;"1916.894336";5;6;6;"2.52924250787549";"3.72214886083139";"0.413825560221321";4;6;5;"1024.56319514661";"1909.62082912032";"43.6683518705763";"1072.54465161923";"1871.71148184495";"48.2649656526006";"1036.20378787879";"1999.30606060606";"37.4083333333333"
"NPC_dA_rep1_Probes_Zfp_10kb_Airyscan_4y_05";6;"1916.894336";5;6;6;"0.363460105545485";"0.595063675249171";"5.52013030378755";5;5;6;"897.449803579223";"2053.27498908773";"48.1964207769533";"902.248402555911";"2047.33666134185";"46.7887380191693";"900.97093649085";"2051.44133476857";"44.1001076426265"
"NPC_dA_rep1_Probes_Zfp_10kb_Airyscan_4y_05";7;"406.078848";0;2;1;"NaN";"NaN";"NaN";NA;NA;NA;"NaN";"NaN";"NaN";"NaN";"NaN";"NaN";"NaN";"NaN";"NaN"
"NPC_dA_rep1_Probes_Zfp_10kb_Airyscan_4y_05";8;"414.714944";3;1;2;"0.299527943699346";"0.640103566867667";"0.645745055299043";2;1;2;"1412.70010131712";"2069.55167173252";"28.2826747720365";"1407.39912280702";"2074.50462962963";"27.7526803118908";"1414.11058823529";"2070.30078431373";"23.7333333333333"
"NPC_dA_rep1_Probes_Zfp_10kb_Airyscan_4y_05";10;"121.705024";0;1;1;"NaN";"NaN";"NaN";NA;NA;NA;"NaN";"NaN";"NaN";"NaN";"NaN";"NaN";"NaN";"NaN";"NaN"
"NPC_dA_rep1_Probes_Zfp_10kb_Airyscan_4y_05";11;"3096.063488";7;9;10;"0.573346198307946";"0.59354741097248";"0.243347233807392";6;7;7;"2489.11839708561";"1352.29386763813";"39.2981177899211";"2485.17397660819";"1362.4817251462";"36.6469298245614";"2484.24522457408";"1357.70418172432";"35.6040268456376"
"NPC_dA_rep1_Probes_Zfp_10kb_Airyscan_4y_05";12;"641.70848";2;2;3;"0.12187382851338";"0.551164483069829";"0.454791864273958";1;1;1;"2284.6939098339";"1757.11811231215";"14.568415502241";"2283.51115241636";"1755.1948574969";"13.9838909541512";"2286.70065789474";"1750.23519736842";"11.2064144736842"
"NPC_dA_rep1_Probes_Zfp_10kb_Airyscan_4y_05";13;"722.079456";1;3;3;"0.550498325992876";"5.16234601523161";"5.61903869035863";1;3;3;"2416.49452954048";"333.707721162863";"44.3410440762738";"2420.25879396985";"320.88567839196";"43.4007537688442";"2336.3202443281";"430.397905759162";"35.869109947644"
"NPC_dA_rep1_Probes_Zfp_10kb_Airyscan_4y_05";14;"88.96496";0;0;0;"NaN";"NaN";"NaN";NA;NA;NA;"NaN";"NaN";"NaN";"NaN";"NaN";"NaN";"NaN";"NaN";"NaN"
"NPC_dA_rep1_Probes_Zfp_10kb_Airyscan_4y_05";15;"386.072736";2;2;2;"0.601587565829317";"1.83986655682007";"2.36209057751555";1;1;2;"1165.17489986649";"2590.44192256342";"20.7062750333778";"1174.34535297105";"2578.9187404774";"19.8344337227019";"1148.77797513322";"2618.45825932504";"30.0168738898757"
"NPC_dA_rep1_Probes_Zfp_10kb_Airyscan_4y_05";16;"67.525024";0;0;0;"NaN";"NaN";"NaN";NA;NA;NA;"NaN";"NaN";"NaN";"NaN";"NaN";"NaN";"NaN";"NaN";"NaN"
"NPC_dA_rep1_Probes_Zfp_10kb_Airyscan_4y_05";17;"523.331872";2;1;2;"2.75033848733012";"2.78478408110762";"0.45281142725208";1;1;1;"1296.74197002141";"2220.37580299786";"12.6498929336188";"1284.8274473925";"2287.98481244282";"13.7487648673376";"1285.77946127946";"2288.72643097643";"10.5328282828283"
"NPC_dA_rep1_Probes_Zfp_10kb_Airyscan_4y_05";18;"58.147712";0;1;0;"NaN";"NaN";"NaN";NA;NA;NA;"NaN";"NaN";"NaN";"NaN";"NaN";"NaN";"NaN";"NaN";"NaN"
"NPC_dA_rep1_Probes_Zfp_10kb_Airyscan_4y_05";19;"185.198272";0;1;1;"NaN";"NaN";"NaN";NA;NA;NA;"NaN";"NaN";"NaN";"NaN";"NaN";"NaN";"NaN";"NaN";"NaN"
"NPC_dA_rep1_Probes_Zfp_10kb_Airyscan_4y_05";20;"124.28304";1;1;1;"1.44357619791488";"5.74058919057597";"5.8426705662499";1;1;1;"1489.33786848073";"2818.29931972789";"45.72940287226";"1487.71530886303";"2839.47269471799";"37.3921217547001";"1523.95305164319";"2711.33020344288";"20.2449139280125"
"NPC_dA_rep1_Probes_Zfp_10kb_Airyscan_4y_05";21;"183.733088";2;1;1;"0.533718061913199";"0.154542923157938";"0.554146823009588";1;1;1;"1547.35852372583";"2392.38752196837";"15.3690685413005";"1538.9441260745";"2389.65090735435";"18.2225405921681";"1544.60962241169";"2391.40864799026";"14.6455542021924"
"NPC_dA_rep1_Probes_Zfp_10kb_Airyscan_4y_05";22;"88.6144";2;1;0;"NaN";"NaN";"NaN";NA;NA;NA;"NaN";"NaN";"NaN";"NaN";"NaN";"NaN";"NaN";"NaN";"NaN"
"NPC_dA_rep1_Probes_Zfp_10kb_Airyscan_4y_05";23;"57.315328";0;0;0;"NaN";"NaN";"NaN";NA;NA;NA;"NaN";"NaN";"NaN";"NaN";"NaN";"NaN";"NaN";"NaN";"NaN"
"NPC_dA_rep1_Probes_Zfp_10kb_Airyscan_4y_06";1;"93.545536";0;1;0;"NaN";"NaN";"NaN";NA;NA;NA;"NaN";"NaN";"NaN";"NaN";"NaN";"NaN";"NaN";"NaN";"NaN"
"NPC_dA_rep1_Probes_Zfp_10kb_Airyscan_4y_06";2;"768.6616";4;4;2;"0.674233269080265";"1.26124687053647";"0.624475639543907";2;1;1;"235.187451587916";"1986.84895429899";"34.2137877614253";"227.042087889416";"1981.64617289045";"30.2682071384361";"225.580969009166";"1980.18943692711";"25.8467917939764"
"NPC_dA_rep1_Probes_Zfp_10kb_Airyscan_4y_06";2;"768.6616";4;4;2;"0.669372659744275";"0.752718154694415";"0.539447953320088";4;3;2;"117.082644628099";"1868.89782118708";"46.0864012021037";"128.059328091494";"1860.77912794853";"43.3216583273767";"116.319818933281";"1854.68667585121";"42.5687856721118"
"NPC_dA_rep1_Probes_Zfp_10kb_Airyscan_4y_06";3;"357.774592";1;2;3;"0.0863534557856486";"2.40567780218253";"2.38161595729769";1;1;1;"503.730841121495";"2872.88336448598";"6.07065420560748";"501.697463768116";"2872.16440217391";"6.09782608695652";"505.053974484789";"2819.48871442591";"13.9695780176644"
"NPC_dA_rep1_Probes_Zfp_10kb_Airyscan_4y_06";4;"84.756";1;1;0;"NaN";"NaN";"NaN";NA;NA;NA;"NaN";"NaN";"NaN";"NaN";"NaN";"NaN";"NaN";"NaN";"NaN"
"NPC_dA_rep1_Probes_Zfp_10kb_Airyscan_4y_06";5;"70.000448";0;0;1;"NaN";"NaN";"NaN";NA;NA;NA;"NaN";"NaN";"NaN";"NaN";"NaN";"NaN";"NaN";"NaN";"NaN"
"NPC_dA_rep1_Probes_Zfp_10kb_Airyscan_4y_06";6;"296.233504";2;2;0;"NaN";"NaN";"NaN";NA;NA;NA;"NaN";"NaN";"NaN";"NaN";"NaN";"NaN";"NaN";"NaN";"NaN"
"NPC_dA_rep1_Probes_Zfp_10kb_Airyscan_4y_06";8;"907.472832";2;3;5;"0.736971374519916";"0.811839268508773";"0.69310301497494";1;1;2;"1074.94945054945";"2871.85824175824";"26.4967032967033";"1082.53183341312";"2880.32024892293";"22.3528003829584";"1074.48906933167";"2865.75827607745";"20.9675202998126"
"NPC_dA_rep1_Probes_Zfp_10kb_Airyscan_4y_06";8;"907.472832";2;3;5;"0.672404561973666";"0.30813073247783";"0.61603315826242";2;2;5;"1244.59977703456";"2819.83695652174";"32.1964882943144";"1243.3753371869";"2806.51098265896";"29.2897880539499";"1241.44400265076";"2821.42345924453";"30.2405566600398"
"NPC_dA_rep1_Probes_Zfp_10kb_Airyscan_4y_06";9;"2661.39888";13;12;7;"0.506600629780128";"1.04503008937947";"0.592025349379182";7;6;3;"1557.17306245297";"1325.86681715576";"24.3024830699774";"1558.67584541063";"1329.7652173913";"20.8864734299517";"1556.71489034244";"1325.95075028857";"16.8391689111197"
"NPC_dA_rep1_Probes_Zfp_10kb_Airyscan_4y_06";9;"2661.39888";13;12;7;"0.495404481652923";"0.806441455769448";"0.873184070440272";8;7;4;"1182.1095814978";"2058.15418502203";"26.4355726872247";"1190.56753355705";"2049.16484899329";"26.7277684563758";"1188.97988826816";"2057.82756052142";"21.0208566108007"
"NPC_dA_rep1_Probes_Zfp_10kb_Airyscan_4y_06";9;"2661.39888";13;12;7;"1.28333139467371";"1.08041137955398";"0.295096992451377";11;12;6;"1532.00638686131";"1932.57572992701";"35.5273722627737";"1529.20029239766";"1925.07699805068";"44.4039961013645";"1531.69444444444";"1921.99176954733";"42.6268861454047"
"NPC_dA_rep1_Probes_Zfp_10kb_Airyscan_4y_06";10;"79.829568";0;0;0;"NaN";"NaN";"NaN";NA;NA;NA;"NaN";"NaN";"NaN";"NaN";"NaN";"NaN";"NaN";"NaN";"NaN"
"NPC_dA_rep1_Probes_Zfp_10kb_Airyscan_4y_06";11;"602.439488";0;2;3;"NaN";"NaN";"NaN";NA;NA;NA;"NaN";"NaN";"NaN";"NaN";"NaN";"NaN";"NaN";"NaN";"NaN"
"NPC_dA_rep1_Probes_Zfp_10kb_Airyscan_4y_06";12;"1824.851392";4;7;6;"0.669506489430554";"0.607353692052207";"0.555801483808603";1;1;2;"1973.53686396677";"1768.31412253375";"8.20716510903427";"1980.92173189009";"1768.48792672773";"3.91590341382182";"1968.13381742739";"1773.59854771784";"4.4445020746888"
"NPC_dA_rep1_Probes_Zfp_10kb_Airyscan_4y_06";12;"1824.851392";4;7;6;"0.68343083222905";"0.459816664289671";"0.518127292102736";3;4;4;"1873.6188976378";"1397.9357480315";"24.5744881889764";"1858.53285198556";"1401.62815884477";"22.5400722021661";"1870.5620316403";"1398.85428809326";"21.4192339716903"
"NPC_dA_rep1_Probes_Zfp_10kb_Airyscan_4y_06";14;"400.01584";1;1;2;"0.205328470382659";"0.935791742313912";"1.02387020316337";1;1;1;"2002.68680445151";"2531.54451510334";"18.966613672496";"1999.37409493162";"2528.32019308126";"19.6041834271923";"1998.8125588697";"2532.20659340659";"12.3773940345369"
"NPC_dA_rep1_Probes_Zfp_10kb_Airyscan_4y_06";15;"860.99216";2;2;3;"0.193890516104477";"1.02686340763587";"0.878134888161921";2;2;2;"2311.31660899654";"351.460207612457";"48.7257785467128";"2314.22198820556";"354.57750631845";"48.0657118786858";"2323.7247706422";"355.7125382263";"42.4207077326343"
"NPC_dA_rep1_Probes_Zfp_10kb_Airyscan_4y_06";16;"1492.135008";4;8;4;"0.453366142862529";"0.718411587999891";"0.800333796037418";2;3;1;"2270.1070531842";"2365.94110933577";"25.9109792284866";"2280.00558659218";"2360.47007182761";"25.6991221069433";"2269.44836065574";"2362.50327868852";"20.877868852459"
"NPC_dA_rep1_Probes_Zfp_10kb_Airyscan_4y_06";16;"1492.135008";4;8;4;"0.571982433954495";"0.525001811076599";"0.670241569849876";3;5;3;"2461.5838961039";"2215.96155844156";"26.9174025974026";"2467.84026622296";"2203.50582362729";"27.8294509151414";"2467.15710253998";"2212.0338664158";"23.7130761994356"
"NPC_dA_rep1_Probes_Zfp_10kb_Airyscan_4y_06";17;"426.589632";3;2;1;"4.43734884909091";"2.30560306278838";"4.54008786499104";3;2;1;"2752.17857142857";"1670.66964285714";"43.015873015873";"2797.71927635683";"1691.29257641921";"14.7214597629445";"2796.40399652476";"1633.72371850565";"42.6672458731538"
"NPC_dA_rep1_Probes_Zfp_10kb_Airyscan_4y_06";18;"103.701248";0;0;0;"NaN";"NaN";"NaN";NA;NA;NA;"NaN";"NaN";"NaN";"NaN";"NaN";"NaN";"NaN";"NaN";"NaN"
"NPC_dA_rep1_Probes_Zfp_10kb_Airyscan_4y_06";19;"116.835712";0;2;1;"NaN";"NaN";"NaN";NA;NA;NA;"NaN";"NaN";"NaN";"NaN";"NaN";"NaN";"NaN";"NaN";"NaN"
"NPC_dA_rep1_Probes_Zfp_10kb_Airyscan_4y_06";20;"54.509728";0;1;0;"NaN";"NaN";"NaN";NA;NA;NA;"NaN";"NaN";"NaN";"NaN";"NaN";"NaN";"NaN";"NaN";"NaN"
"NPC_dA_rep1_Probes_Zfp_10kb_Airyscan_4y_06";21;"55.19136";0;1;0;"NaN";"NaN";"NaN";NA;NA;NA;"NaN";"NaN";"NaN";"NaN";"NaN";"NaN";"NaN";"NaN";"NaN"
"NPC_dA_rep1_Probes_Zfp_10kb_Airyscan_4y_06";22;"303.378432";1;1;1;"0.283704415805874";"0.69864293270254";"0.57381021032811";1;1;1;"632.210854647536";"2265.57891453525";"28.3406113537118";"628.571713810316";"2271.52878535774";"28.7088186356073";"635.394658753709";"2281.4940652819";"26.4970326409496"
"NPC_dA_rep1_Probes_Zfp_10kb_Airyscan_4y_06";23;"77.790496";0;1;1;"NaN";"NaN";"NaN";NA;NA;NA;"NaN";"NaN";"NaN";"NaN";"NaN";"NaN";"NaN";"NaN";"NaN"
"NPC_dA_rep1_Probes_Zfp_10kb_Airyscan_4y_07";1;"118.368544";0;0;0;"NaN";"NaN";"NaN";NA;NA;NA;"NaN";"NaN";"NaN";"NaN";"NaN";"NaN";"NaN";"NaN";"NaN"
"NPC_dA_rep1_Probes_Zfp_10kb_Airyscan_4y_07";3;"77.721952";0;1;1;"NaN";"NaN";"NaN";NA;NA;NA;"NaN";"NaN";"NaN";"NaN";"NaN";"NaN";"NaN";"NaN";"NaN"
"NPC_dA_rep1_Probes_Zfp_10kb_Airyscan_4y_07";4;"5327.902496";12;17;22;"2.06866472292931";"2.46185394093859";"0.107046566968432";1;2;13;"1002.17021276596";"1790.98998748436";"6.00750938673342";"953.609845031905";"1808.06791248861";"4.58340929808569";"1001.79594506213";"1816.50294310007";"22.0098103335513"
"NPC_dA_rep1_Probes_Zfp_10kb_Airyscan_4y_07";4;"5327.902496";12;17;22;"0.407407686414794";"0.491501638738441";"3.12745859186351";2;1;3;"820.1926910299";"1632.64617940199";"9.89617940199336";"815.262648008611";"1633.86114101184";"7.3735199138859";"813.633478531425";"1635.67019290604";"7.05600497822029"
"NPC_dA_rep1_Probes_Zfp_10kb_Airyscan_4y_07";4;"5327.902496";12;17;22;"0.630952554998038";"0.953176411954958";"0.324962767934029";3;3;4;"881.192846034215";"1931.46034214619";"11.7242094349404";"876.251798561151";"1919.88848920863";"9.00629496402878";"874.14598540146";"1914.67591240876";"7.33065693430657"
"NPC_dA_rep1_Probes_Zfp_10kb_Airyscan_4y_07";4;"5327.902496";12;17;22;"0.366496573322198";"5.47468919762319";"5.7948554342229";4;6;20;"936.506484149856";"1483.85410662824";"17.2219020172911";"942.342253055831";"1477.62768417575";"16.2689131152957";"894.904975347378";"1564.19497982967";"46.5647691618108"
"NPC_dA_rep1_Probes_Zfp_10kb_Airyscan_4y_07";4;"5327.902496";12;17;22;"0.425558268981557";"0.654913810256192";"0.672482559365717";8;8;12;"1101.50633855332";"1460.87695749441";"21.3859060402685";"1091.86047244094";"1457.40503937008";"20.5732283464567";"1102.66153846154";"1456.31318681319";"16.9054945054945"
"NPC_dA_rep1_Probes_Zfp_10kb_Airyscan_4y_07";4;"5327.902496";12;17;22;"0.145614076014147";"0.356369296517474";"0.217336297280525";11;16;17;"650.808610830811";"1693.9545913219";"39.7225025227043";"652.67264573991";"1694.25859491779";"38.8333333333333";"653.492572322127";"1694.49804534793";"37.3002345582486"
"NPC_dA_rep1_Probes_Zfp_10kb_Airyscan_4y_07";4;"5327.902496";12;17;22;"0.365710176270758";"0.799077030819812";"1.00055397958532";12;17;16;"576.919696490673";"2026.50521656655";"42.9996838444515";"579.871320437342";"2017.8763666947";"43.1850294365013";"584.667375132837";"2036.26939426142";"38.5393198724761"
"NPC_dA_rep1_Probes_Zfp_10kb_Airyscan_4y_07";5;"134.3104";1;1;0;"NaN";"NaN";"NaN";NA;NA;NA;"NaN";"NaN";"NaN";"NaN";"NaN";"NaN";"NaN";"NaN";"NaN"
"NPC_dA_rep1_Probes_Zfp_10kb_Airyscan_4y_07";6;"520.831808";0;2;2;"NaN";"NaN";"NaN";NA;NA;NA;"NaN";"NaN";"NaN";"NaN";"NaN";"NaN";"NaN";"NaN";"NaN"
"NPC_dA_rep1_Probes_Zfp_10kb_Airyscan_4y_07";7;"588.73136";2;3;2;"0.977282051135943";"0.776692186857902";"1.04523741591297";1;1;1;"439.033961482709";"992.731000207082";"29.9391178297784";"445.941336971351";"1014.4738517508";"32.43747157799";"438.644295302013";"1005.4485458613";"25.748322147651"
"NPC_dA_rep1_Probes_Zfp_10kb_Airyscan_4y_07";7;"588.73136";2;3;2;"2.62748275184014";"0.483924597686144";"2.17156301704578";2;3;2;"373.20467185762";"1066.98220244716";"52.2335928809789";"348.853940217391";"1101.5";"37.8614130434783";"370.04487534626";"1076.16232686981";"50.1711911357341"
"NPC_dA_rep1_Probes_Zfp_10kb_Airyscan_4y_07";8;"280.54096";1;1;1;"1.31405421304511";"0.983565461993687";"1.90728953334711";1;1;1;"1095.27368421053";"2907.96284829721";"21.4383900928793";"1097.98716356108";"2893.77722567288";"29.8687370600414";"1112.15529010239";"2899.36945392491";"16.9590443686007"
"NPC_dA_rep1_Probes_Zfp_10kb_Airyscan_4y_07";10;"479.764768";2;2;2;"0.373525690630569";"0.353534452105227";"0.61732320403727";1;1;1;"1630.00359496705";"2672.5374475734";"13.0689035350509";"1629.90382695507";"2677.47021630616";"10.8036605657238";"1629.90488656195";"2677.20855148342";"15.2124781849913"
"NPC_dA_rep1_Probes_Zfp_10kb_Airyscan_4y_07";11;"1649.591104";3;5;3;"0.226159592083154";"0.343123966225928";"0.523437428504909";3;5;3;"2032.23794108126";"1554.34574295889";"33.0262220783425";"2029.57504520796";"1549.79867389994";"33.6118143459916";"2038.63250725608";"1555.28175932128";"31.4146014735432"
"NPC_dA_rep1_Probes_Zfp_10kb_Airyscan_4y_07";12;"367.430112";1;2;2;"6.28097452066604";"6.45297947850796";"0.236981380442868";1;2;2;"2115.38789237668";"2760.72533632287";"16.3878923766816";"1971.28681506849";"2749.08133561644";"33.8981164383562";"1965.87142857143";"2750.96373626374";"33.4714285714286"
"NPC_dA_rep1_Probes_Zfp_10kb_Airyscan_4y_07";13;"96.365696";0;1;1;"NaN";"NaN";"NaN";NA;NA;NA;"NaN";"NaN";"NaN";"NaN";"NaN";"NaN";"NaN";"NaN";"NaN"
"NPC_dA_rep1_Probes_Zfp_10kb_Airyscan_4y_07";14;"109.927328";1;0;0;"NaN";"NaN";"NaN";NA;NA;NA;"NaN";"NaN";"NaN";"NaN";"NaN";"NaN";"NaN";"NaN";"NaN"
"NPC_dA_rep1_Probes_Zfp_10kb_Airyscan_4y_07";15;"720.926528";4;1;2;"5.94918110703781";"5.55544586152941";"0.633050618734553";3;1;2;"2635.47200878156";"243.708013172338";"21.5806805708013";"2762.81743757675";"235.546459271388";"43.4093327875563";"2753.0694893342";"247.736586942469";"42.6616031027796"
"NPC_dA_rep1_Probes_Zfp_10kb_Airyscan_4y_07";16;"508.40272";1;2;2;"0.315210782034104";"0.842337649877532";"0.847323170426508";1;2;1;"2683.74156378601";"2702.97489711934";"21.7794238683128";"2680.34478246647";"2695.86915276415";"21.8544324501145";"2678.51709601874";"2700.72412177986";"15.9864168618267"
"NPC_dA_rep1_Probes_Zfp_10kb_Airyscan_4y_07";17;"101.433024";0;0;0;"NaN";"NaN";"NaN";NA;NA;NA;"NaN";"NaN";"NaN";"NaN";"NaN";"NaN";"NaN";"NaN";"NaN"
"NPC_dA_rep1_Probes_Zfp_10kb_Airyscan_4y_07";18;"190.332352";1;1;1;"2.89754897179755";"4.91724116230983";"2.62303149875933";1;1;1;"1379.23665659617";"813.047331319235";"22.6153071500504";"1425.4098062954";"798.745157384988";"38.0302663438257";"1481.51746931067";"830.507082152974";"41.4504249291785"
"NPC_dA_rep1_Probes_Zfp_10kb_Airyscan_4y_07";19;"80.559136";0;0;0;"NaN";"NaN";"NaN";NA;NA;NA;"NaN";"NaN";"NaN";"NaN";"NaN";"NaN";"NaN";"NaN";"NaN"
"NPC_dA_rep1_Probes_Zfp_10kb_Airyscan_4y_07";20;"80.256288";0;0;0;"NaN";"NaN";"NaN";NA;NA;NA;"NaN";"NaN";"NaN";"NaN";"NaN";"NaN";"NaN";"NaN";"NaN"
"NPC_dA_rep1_Probes_Zfp_10kb_Airyscan_4y_07";21;"93.141216";0;1;2;"NaN";"NaN";"NaN";NA;NA;NA;"NaN";"NaN";"NaN";"NaN";"NaN";"NaN";"NaN";"NaN";"NaN"
"NPC_dA_rep1_Probes_Zfp_10kb_Airyscan_4y_08";1;"201.163648";0;0;0;"NaN";"NaN";"NaN";NA;NA;NA;"NaN";"NaN";"NaN";"NaN";"NaN";"NaN";"NaN";"NaN";"NaN"
"NPC_dA_rep1_Probes_Zfp_10kb_Airyscan_4y_08";2;"14741.166272";38;54;46;"0.595554249212874";"0.802885661077136";"1.01306822161114";3;11;7;"1305.248";"1629.55876923077";"12.9224615384615";"1293.34754098361";"1637.17158469945";"11.5792349726776";"1297.9590948651";"1646.86422976501";"10.8964316797215"
"NPC_dA_rep1_Probes_Zfp_10kb_Airyscan_4y_08";2;"14741.166272";38;54;46;"0.738143345290381";"0.85240697057893";"2.53656044741329";4;6;5;"1449.22340817078";"2309.27162311373";"12.4273095325727";"1446.20164609053";"2312.70452674897";"7.31934156378601";"1429.48731744812";"2301.60684089162";"11.7355880092237"
"NPC_dA_rep1_Probes_Zfp_10kb_Airyscan_4y_08";2;"14741.166272";38;54;46;"0.367381301729378";"2.2486936981444";"0.43986360921633";5;8;24;"652.701342281879";"2286.76593959732";"12.4874161073826";"658.196064894719";"2292.79116327235";"11.2799447704522";"638.790274684484";"2271.7271714922";"27.4450631031923"
"NPC_dA_rep1_Probes_Zfp_10kb_Airyscan_4y_08";2;"14741.166272";38;54;46;"0.577742545560802";"0.746831236392071";"0.62982240592255";11;14;11;"870.274036590113";"1931.22187621643";"19.424678863371";"879.916829745597";"1939.81409001957";"17.5772994129159";"870.220637583893";"1935.62667785235";"14.2407718120805"
"NPC_dA_rep1_Probes_Zfp_10kb_Airyscan_4y_08";2;"14741.166272";38;54;46;"0.574917007984625";"0.824396469504295";"0.828078342289009";14;19;9;"1367.9463243874";"1679.99708284714";"20.0140023337223";"1358.43195266272";"1670.40310650888";"18.6139053254438";"1367.62244518766";"1680.27499070977";"14.1267186919361"
"NPC_dA_rep1_Probes_Zfp_10kb_Airyscan_4y_08";2;"14741.166272";38;54;46;"0.213703511195559";"0.782837385380764";"0.741021933989023";16;25;14;"572.170680185889";"1710.48922686946";"23.389945078158";"566.938935281837";"1710.23329853862";"23.6905010438413";"562.296615792966";"1719.16390179164";"19.2468480424685"
"NPC_dA_rep1_Probes_Zfp_10kb_Airyscan_4y_08";2;"14741.166272";38;54;46;"0.55042859536066";"0.780199840349082";"0.463026353447942";23;30;22;"1628.05834018077";"1481.4149548069";"31.8253903040263";"1634.4918767507";"1478.72661064426";"28.4358543417367";"1625.42724745134";"1478.03985171455";"26.3883225208526"
"NPC_dA_rep1_Probes_Zfp_10kb_Airyscan_4y_08";2;"14741.166272";38;54;46;"0.462696907018772";"0.715842486383194";"2.64313485449247";30;43;37;"1175.94626593807";"2373.03415300546";"45.497723132969";"1171.32658823529";"2380.39058823529";"43.3152941176471";"1181.73001230012";"2378.10209102091";"40.8806888068881"
"NPC_dA_rep1_Probes_Zfp_10kb_Airyscan_4y_08";2;"14741.166272";38;54;46;"0.331796076333424";"3.80222185074287";"0.545641514194523";33;50;21;"998.610492845787";"2552.65023847377";"48.6518282988871";"1003.03793103448";"2549.97379310345";"46.7993103448276";"937.919017288444";"2551.62147406733";"27.7515923566879"
"NPC_dA_rep1_Probes_Zfp_10kb_Airyscan_4y_08";2;"14741.166272";38;54;46;"3.46420618222527";"5.08990253743972";"3.72830865607023";35;34;20;"455.025203252032";"1867.0487804878";"51.9642276422764";"494.18237704918";"1910.3893442623";"33.6946721311475";"545.671263345196";"1877.20596085409";"26.6143238434164"
"NPC_dA_rep1_Probes_Zfp_10kb_Airyscan_4y_08";3;"485.550688";3;3;2;"0.500667337476871";"0.538642071251117";"0.772803390947821";3;2;1;"1094.00109110747";"516.871249318058";"20.5493726132024";"1090.18551668023";"528.790886899919";"20.59967453214";"1090.12184412733";"514.336992316136";"16.936882546652"
"NPC_dA_rep1_Probes_Zfp_10kb_Airyscan_4y_08";4;"500.370976";3;4;1;"0.25575273265212";"0.577067327796172";"0.476088350950841";3;4;1;"1499.61476426799";"289.267369727047";"30.1048387096774";"1499.58409785933";"286.754332313965";"28.4250764525994";"1493.51250845166";"276.742393509128";"29.0351588911427"
"NPC_dA_rep1_Probes_Zfp_10kb_Airyscan_4y_08";5;"464.992864";1;3;1;"0.583498514492338";"3.23094034456025";"3.00931482004311";1;1;1;"1650.71270036991";"188.46794081381";"16.3803945745993";"1652.87240143369";"202.894623655914";"16.373476702509";"1600.75464010865";"233.203712086917";"3.51607062019013"
"NPC_dA_rep1_Probes_Zfp_10kb_Airyscan_4y_08";6;"464.462656";1;2;2;"0.162024401850035";"0.366268908304183";"0.420650376973249";1;2;1;"2359.23439575033";"569.040172642762";"9.0222443559097";"2357.43805970149";"570.966417910448";"9.90149253731343";"2352.53675730111";"569.973816717019";"7.2583081570997"
"NPC_dA_rep1_Probes_Zfp_10kb_Airyscan_4y_08";7;"321.02672";1;1;2;"0.245142096349181";"0.239143745454036";"0.100273816829721";1;1;2;"2512.1363893605";"284.837577815507";"17.1794001131862";"2507.231633535";"281.416594641314";"17.5626620570441";"2509.03392857143";"279.780952380952";"17.3910714285714"
"NPC_dA_rep1_Probes_Zfp_10kb_Airyscan_4y_08";8;"433.279616";3;2;1;"0.332520221303211";"0.471920913596078";"0.505324925219021";1;1;1;"2808.65078671329";"759.444493006993";"11.201486013986";"2815.31913774974";"756.003680336488";"10.1792849631966";"2813.63721902771";"768.284892838474";"9.48301097752222"
"NPC_dA_rep1_Probes_Zfp_10kb_Airyscan_4y_08";9;"73.950688";0;1;1;"NaN";"NaN";"NaN";NA;NA;NA;"NaN";"NaN";"NaN";"NaN";"NaN";"NaN";"NaN";"NaN";"NaN"
"NPC_dA_rep1_Probes_Zfp_10kb_Airyscan_4y_08";10;"63.873152";0;0;0;"NaN";"NaN";"NaN";NA;NA;NA;"NaN";"NaN";"NaN";"NaN";"NaN";"NaN";"NaN";"NaN";"NaN"
"NPC_dA_rep1_Probes_Zfp_10kb_Airyscan_4y_08";11;"76.674304";0;0;0;"NaN";"NaN";"NaN";NA;NA;NA;"NaN";"NaN";"NaN";"NaN";"NaN";"NaN";"NaN";"NaN";"NaN"
"NPC_dA_rep1_Probes_Zfp_10kb_Airyscan_4y_09";1;"231.780416";0;2;2;"NaN";"NaN";"NaN";NA;NA;NA;"NaN";"NaN";"NaN";"NaN";"NaN";"NaN";"NaN";"NaN";"NaN"
"NPC_dA_rep1_Probes_Zfp_10kb_Airyscan_4y_09";2;"429.470048";1;2;1;"0.531902016569655";"0.995021663356477";"0.50611508837589";1;2;1;"256.232959101844";"2289.51523656776";"37.696471531676";"246.878591954023";"2297.85344827586";"36.4252873563218";"240.797159504734";"2308.82301529497";"36.9016751638747"
"NPC_dA_rep1_Probes_Zfp_10kb_Airyscan_4y_09";3;"5048.876448";10;15;13;"0.6621493035654";"0.781058067268329";"1.09877898523296";3;4;4;"1185.85064624222";"1868.05552896123";"17.2829104834849";"1193.13936781609";"1858.5308908046";"14.0229885057471";"1188.9701754386";"1869.76842105263";"11.7973684210526"
"NPC_dA_rep1_Probes_Zfp_10kb_Airyscan_4y_09";3;"5048.876448";10;15;13;"0.537230875428239";"0.588667965784723";"0.571794668716856";4;6;2;"485.681442850934";"1831.2420686658";"15.9865275966971";"481.437262357414";"1818.54861488322";"16.3058120586638";"485.940774487472";"1825.8715261959";"12.072437357631"
"NPC_dA_rep1_Probes_Zfp_10kb_Airyscan_4y_09";3;"5048.876448";10;15;13;"4.90567725492055";"4.44270752138408";"0.685208935436169";7;1;1;"790.677766895201";"2041.28011753183";"29.8844270323213";"694.249003984064";"2089.20789568997";"13.1135458167331";"710.622398001665";"2070.93338884263";"9.5849292256453"
"NPC_dA_rep1_Probes_Zfp_10kb_Airyscan_4y_09";3;"5048.876448";10;15;13;"5.74124164137627";"8.80885059036923";"6.25074688969689";9;13;8;"331.718611693454";"1676.381085488";"45.7929187048684";"272.854039965248";"1563.23631624674";"26.9826238053866";"389.562116202173";"1465.93008974965";"37.4048181388758"
"NPC_dA_rep1_Probes_Zfp_10kb_Airyscan_4y_09";5;"1436.457792";4;4;7;"0.639512484248807";"0.890133938470517";"0.308036434298451";2;3;6;"1299.64898851832";"2519.84089666484";"29.4630945872061";"1306.8638996139";"2508.8194980695";"26.8745173745174";"1305.80158730159";"2505.64616402116";"24.8928571428571"
"NPC_dA_rep1_Probes_Zfp_10kb_Airyscan_4y_09";5;"1436.457792";4;4;7;"0.376514550019363";"0.708419401356897";"0.817833270191789";3;4;5;"1230.78197908286";"2211.0603378922";"29.7127916331456";"1233.33736473584";"2220.09611712285";"29.8994271164863";"1231.68423344948";"2211.2112369338";"24.6594076655052"
"NPC_dA_rep1_Probes_Zfp_10kb_Airyscan_4y_09";6;"526.7584";2;2;2;"0.462874287537876";"0.716366351807925";"0.301736681706123";2;2;2;"1692.72281639929";"2495.6247771836";"42.4590017825312";"1698.58556891767";"2502.29602220166";"40.3395004625347";"1701.11832212109";"2501.9180846854";"38.3122279382667"
"NPC_dA_rep1_Probes_Zfp_10kb_Airyscan_4y_09";7;"490.416864";0;2;2;"NaN";"NaN";"NaN";NA;NA;NA;"NaN";"NaN";"NaN";"NaN";"NaN";"NaN";"NaN";"NaN";"NaN"
"NPC_dA_rep1_Probes_Zfp_10kb_Airyscan_4y_09";8;"443.597728";3;1;2;"4.0165600252873";"0.886780433367233";"3.50791179172535";3;1;1;"1928.66421895861";"2210.20961281709";"30.1588785046729";"1937.39137510171";"2292.00040683482";"46.6143205858422";"1913.18387096774";"2224.15376344086";"32.3236559139785"
"NPC_dA_rep1_Probes_Zfp_10kb_Airyscan_4y_09";9;"1762.546016";8;6;7;"0.700502971831237";"1.03120072832707";"0.53111730840505";4;3;4;"2446.87556654306";"1539.89328388958";"30.3123197363";"2439.64389697648";"1547.78163493841";"26.3516237402016";"2444.29735234216";"1543.22525458248";"23.0456211812627"
"NPC_dA_rep1_Probes_Zfp_10kb_Airyscan_4y_09";9;"1762.546016";8;6;7;"0.528281529477498";"0.473456285991157";"0.469729225379598";8;6;7;"2438.99802176063";"1710.45994065282";"47.7715133531157";"2436.40428265525";"1721.17516059957";"45.6937901498929";"2431.6215098242";"1710.63495346432";"45.1271975180972"
"NPC_dA_rep1_Probes_Zfp_10kb_Airyscan_4y_09";10;"440.23056";0;2;3;"NaN";"NaN";"NaN";NA;NA;NA;"NaN";"NaN";"NaN";"NaN";"NaN";"NaN";"NaN";"NaN";"NaN"
"NPC_dA_rep1_Probes_Zfp_10kb_Airyscan_4y_09";11;"160.664224";0;1;1;"NaN";"NaN";"NaN";NA;NA;NA;"NaN";"NaN";"NaN";"NaN";"NaN";"NaN";"NaN";"NaN";"NaN"
"NPC_dA_rep1_Probes_Zfp_10kb_Airyscan_4y_09";12;"94.69712";0;0;0;"NaN";"NaN";"NaN";NA;NA;NA;"NaN";"NaN";"NaN";"NaN";"NaN";"NaN";"NaN";"NaN";"NaN"
"NPC_dA_rep1_Probes_Zfp_10kb_Airyscan_4y_09";13;"167.659968";0;1;1;"NaN";"NaN";"NaN";NA;NA;NA;"NaN";"NaN";"NaN";"NaN";"NaN";"NaN";"NaN";"NaN";"NaN"
"NPC_dA_rep1_Probes_Zfp_10kb_Airyscan_4y_09";14;"376.32";4;0;1;"NaN";"NaN";"NaN";NA;NA;NA;"NaN";"NaN";"NaN";"NaN";"NaN";"NaN";"NaN";"NaN";"NaN"
"NPC_dA_rep1_Probes_Zfp_10kb_Airyscan_4y_09";15;"159.007072";0;0;1;"NaN";"NaN";"NaN";NA;NA;NA;"NaN";"NaN";"NaN";"NaN";"NaN";"NaN";"NaN";"NaN";"NaN"
"NPC_dA_rep1_Probes_Zfp_10kb_Airyscan_4y_09";18;"115.117856";0;1;0;"NaN";"NaN";"NaN";NA;NA;NA;"NaN";"NaN";"NaN";"NaN";"NaN";"NaN";"NaN";"NaN";"NaN"
"NPC_dA_rep1_Probes_Zfp_10kb_Airyscan_4y_09";19;"115.882368";0;1;1;"NaN";"NaN";"NaN";NA;NA;NA;"NaN";"NaN";"NaN";"NaN";"NaN";"NaN";"NaN";"NaN";"NaN"
"NPC_dA_rep1_Probes_Zfp_10kb_Airyscan_4y_10";1;"600.607616";3;3;2;"0.79279563180156";"0.621748839353895";"0.575856008122124";1;1;1;"121.038953599389";"425.018522054611";"13.7099484437655";"120.094804813619";"420.522453771647";"8.20135016143234";"125.83135345667";"432.120740019474";"10.0044790652386"
"NPC_dA_rep1_Probes_Zfp_10kb_Airyscan_4y_10";2;"516.460896";2;1;2;"2.59231702453357";"0.570370206693486";"2.81063379368939";2;1;2;"698.583333333333";"2051.37770562771";"16.4036796536797";"704.895049504951";"2061.2502970297";"34.6150495049505";"702.743607954545";"2037.97443181818";"15.6825284090909"
"NPC_dA_rep1_Probes_Zfp_10kb_Airyscan_4y_10";4;"4214.927136";12;19;11;"5.00789687019671";"5.02238394986616";"0.452573620173561";3;7;3;"908.972041006524";"1183.61789375582";"10.6766076421249";"991.183745583039";"1273.86219081272";"18.613074204947";"987.392285597046";"1278.53631514157";"17.7098892080427"
"NPC_dA_rep1_Probes_Zfp_10kb_Airyscan_4y_10";4;"4214.927136";12;19;11;"0.297039978317044";"0.697488026702123";"1.75823922767293";4;1;2;"956.914562289562";"1660.72937710438";"10.4852693602694";"954.294736842105";"1661.08859649123";"8.50263157894737";"958.613531522296";"1659.98154792414";"5.53152229625833"
"NPC_dA_rep1_Probes_Zfp_10kb_Airyscan_4y_10";4;"4214.927136";12;19;11;"0.371752345830206";"1.85068541627241";"0.271927815466264";7;4;5;"1198.76992031873";"1684.34163346614";"14.9043824701195";"1203.86679352997";"1687.4529019981";"12.8696479543292";"1231.48951781971";"1713.2358490566";"19.2861635220126"
"NPC_dA_rep1_Probes_Zfp_10kb_Airyscan_4y_10";4;"4214.927136";12;19;11;"0.415559573701235";"0.732280863926558";"0.537005924933962";12;18;11;"1337.33995037221";"1480.52543424318";"46.1389578163772";"1335.71170463472";"1481.00235663786";"43.2105263157895";"1342.92464358452";"1491.9399185336";"42.3737270875764"
"NPC_dA_rep1_Probes_Zfp_10kb_Airyscan_4y_10";5;"2985.405024";8;8;9;"0.615410384042994";"0.386541216961855";"5.24939110568206";2;3;4;"1970.5827246745";"1508.91806922833";"18.4042553191489";"1975.46132848044";"1514.46041856233";"14.5477707006369";"1974.5126142596";"1509.22193784278";"15.8833638025594"
"NPC_dA_rep1_Probes_Zfp_10kb_Airyscan_4y_10";5;"2985.405024";8;8;9;"0.412413115908384";"0.71253427997559";"0.283389197711517";3;4;5;"1304.93934575193";"2668.14925034075";"21.7064970467969";"1305.95850914205";"2657.91631504923";"21.4943741209564";"1300.66480446927";"2651.46508379888";"20.4071229050279"
"NPC_dA_rep1_Probes_Zfp_10kb_Airyscan_4y_10";5;"2985.405024";8;8;9;"0.97461223745437";"1.36253726656406";"0.36687350427767";5;5;7;"1857.15904572565";"1883.90854870775";"20.5825049701789";"1843.52427184466";"1891.19588806396";"25.9631639063392";"1832.42614601019";"1902.50594227504";"24.6506791171477"
"NPC_dA_rep1_Probes_Zfp_10kb_Airyscan_4y_10";5;"2985.405024";8;8;9;"5.83062796343937";"1.28953895627641";"0.659924569311525";6;1;9;"1737.09090909091";"2336.87330754352";"34.9854932301741";"1717.75894538606";"2452.3225047081";"10.1671374764595";"1736.0497470489";"2334.45699831366";"25.8052276559865"
"NPC_dA_rep1_Probes_Zfp_10kb_Airyscan_4y_10";6;"963.273696";3;3;5;"0.795578554687077";"0.706129090985741";"0.553148329298155";1;1;1;"1482.98740310078";"952.592054263566";"10.7606589147287";"1492.54627313657";"959.232616308154";"6.15257628814407";"1479.30341246291";"962.628338278932";"6.74703264094955"
"NPC_dA_rep1_Probes_Zfp_10kb_Airyscan_4y_10";6;"963.273696";3;3;5;"0.245360345202001";"0.489411526338007";"0.367666616679795";2;2;3;"1588.43627093955";"964.35469774217";"11.2010196649672";"1585.97166841553";"969.20321790836";"10.3906960475691";"1591.32762836186";"970.464058679707";"8.28704156479218"
"NPC_dA_rep1_Probes_Zfp_10kb_Airyscan_4y_10";7;"439.55408";2;2;2;"0.782067123957315";"0.684108950931476";"0.508708556569824";2;1;2;"1838.26034482759";"1010.52068965517";"24.4594827586207";"1821.93520782396";"1012.47188264059";"21.4364303178484";"1833.33499234303";"1014.04670750383";"19.8897396630934"
"NPC_dA_rep1_Probes_Zfp_10kb_Airyscan_4y_10";8;"1035.168736";2;5;3;"0.36286253996636";"1.28017570565989";"1.08895685517236";1;2;1;"2179.54040948276";"2233.99919181034";"26.2785560344828";"2178.34044145155";"2242.71530115975";"25.6472128694351";"2160.3957537155";"2246.67409766454";"19.9082802547771"
"NPC_dA_rep1_Probes_Zfp_10kb_Airyscan_4y_10";9;"79.830464";0;0;0;"NaN";"NaN";"NaN";NA;NA;NA;"NaN";"NaN";"NaN";"NaN";"NaN";"NaN";"NaN";"NaN";"NaN"
"NPC_dA_rep1_Probes_Zfp_10kb_Airyscan_4y_10";10;"543.430272";1;1;3;"0.368663860588214";"0.973565108486909";"0.948782622015858";1;1;3;"2441.66375227687";"1223.67468123862";"29.5293260473588";"2442.02252074279";"1232.1122086132";"30.5839589095219";"2436.97693920335";"1238.76939203354";"24.2410901467505"
"NPC_dA_rep1_Probes_Zfp_10kb_Airyscan_4y_10";11;"915.214048";4;5;5;"0.340789767450759";"0.287213602109082";"0.344456912741899";1;1;2;"2674.3453427065";"653.345342706503";"6.86994727592267";"2677.98145933014";"659.823564593301";"5.67822966507177";"2677.87865168539";"651.396254681648";"5.17303370786517"
"NPC_dA_rep1_Probes_Zfp_10kb_Airyscan_4y_10";11;"915.214048";4;5;5;"0.55214034416482";"0.808794092322117";"0.377427360117179";2;2;1;"2483.43627710206";"840.517715494447";"11.3532522474881";"2482.95294117647";"830.291503267974";"8.7078431372549";"2477.18957703927";"830.978851963746";"6.58232628398792"
"NPC_dA_rep1_Probes_Zfp_10kb_Airyscan_4y_10";12;"718.103232";3;2;1;"0.252615757543691";"0.289039526330855";"0.398789899573525";3;2;1;"1365.20793346129";"1965.27191298784";"52.6142034548944";"1362.82869692533";"1970.13945827233";"51.6870424597365";"1366.41755319149";"1961.21128841608";"50.9417848699764"
"NPC_dA_rep1_Probes_Zfp_10kb_Airyscan_4y_10";13;"76.524448";0;1;0;"NaN";"NaN";"NaN";NA;NA;NA;"NaN";"NaN";"NaN";"NaN";"NaN";"NaN";"NaN";"NaN";"NaN"
"NPC_dA_rep1_Probes_Zfp_10kb_Airyscan_4y_10";14;"54.966016";0;1;1;"NaN";"NaN";"NaN";NA;NA;NA;"NaN";"NaN";"NaN";"NaN";"NaN";"NaN";"NaN";"NaN";"NaN"
"NPC_dA_rep1b_Probes_Zfp_10kb_Airyscan_4y_01";1;"103.13184";0;1;0;"NaN";"NaN";"NaN";NA;NA;NA;"NaN";"NaN";"NaN";"NaN";"NaN";"NaN";"NaN";"NaN";"NaN"
"NPC_dA_rep1b_Probes_Zfp_10kb_Airyscan_4y_01";2;"81.510464";0;0;1;"NaN";"NaN";"NaN";NA;NA;NA;"NaN";"NaN";"NaN";"NaN";"NaN";"NaN";"NaN";"NaN";"NaN"
"NPC_dA_rep1b_Probes_Zfp_10kb_Airyscan_4y_01";3;"160.699392";0;1;1;"NaN";"NaN";"NaN";NA;NA;NA;"NaN";"NaN";"NaN";"NaN";"NaN";"NaN";"NaN";"NaN";"NaN"
"NPC_dA_rep1b_Probes_Zfp_10kb_Airyscan_4y_01";6;"529.78016";2;2;2;"0.0192092932742935";"0.100897988500214";"0.0968835743116894";2;2;2;"713.813541666667";"1148.14010416667";"41.4953125";"714.28764940239";"1148.21354581673";"41.4892430278884";"714.574433656958";"1147.50566343042";"40.8325242718447"
"NPC_dA_rep1b_Probes_Zfp_10kb_Airyscan_4y_01";7;"176.799616";0;2;1;"NaN";"NaN";"NaN";NA;NA;NA;"NaN";"NaN";"NaN";"NaN";"NaN";"NaN";"NaN";"NaN";"NaN"
"NPC_dA_rep1b_Probes_Zfp_10kb_Airyscan_4y_01";8;"136.726016";0;0;0;"NaN";"NaN";"NaN";NA;NA;NA;"NaN";"NaN";"NaN";"NaN";"NaN";"NaN";"NaN";"NaN";"NaN"
"NPC_dA_rep1b_Probes_Zfp_10kb_Airyscan_4y_01";9;"1050.69552";7;3;4;"0.963947394048007";"0.860433620184969";"0.93936232919211";2;1;2;"1046.23533123028";"2726.78485804416";"22.001261829653";"1062.75907590759";"2744.29658965897";"21.7082508250825";"1052.88663546542";"2733.42225689028";"16.4726989079563"
"NPC_dA_rep1b_Probes_Zfp_10kb_Airyscan_4y_01";9;"1050.69552";7;3;4;"0.267670425859442";"2.15287468304363";"2.18008974083121";3;2;3;"989.681888544892";"2742.34674922601";"22.5441176470588";"990.843587069864";"2743.24608967675";"20.6788321167883";"952.855912743972";"2781.58323765786";"22.8490241102181"
"NPC_dA_rep1b_Probes_Zfp_10kb_Airyscan_4y_01";9;"1050.69552";7;3;4;"1.06122634809233";"1.16735151848151";"2.1616164605815";6;3;4;"1243.24174917492";"2619.57343234323";"43.3956270627063";"1253.93744454303";"2635.68367346939";"38.2058562555457";"1222.20098258151";"2601.56945064761";"46.0272443054935"
"NPC_dA_rep1b_Probes_Zfp_10kb_Airyscan_4y_01";10;"1976.491104";7;7;6;"0.138372048738283";"4.24990036831361";"4.14177800001693";4;4;1;"1689.59552358114";"2450.69544364508";"32.1838529176659";"1687.59519117067";"2451.86322428065";"31.4497437918802";"1650.20927936821";"2422.85982230997";"5.13524185587364"
"NPC_dA_rep1b_Probes_Zfp_10kb_Airyscan_4y_01";10;"1976.491104";7;7;6;"0.252922454163007";"0.279453133547446";"0.336511247902199";5;5;6;"1792.13551701991";"2495.72511239563";"31.9312780989082";"1797.31797235023";"2495.45929339478";"32.9635176651306";"1797.19629317607";"2496.84793597304";"30.5930918281382"
"NPC_dA_rep1b_Probes_Zfp_10kb_Airyscan_4y_01";10;"1976.491104";7;7;6;"0.190496502901244";"0.79081379793673";"0.638336811229881";6;6;5;"1698.24849458049";"2235.90204737053";"36.5543958249699";"1700.60414746544";"2235.32396313364";"35.3834101382488";"1698.35496855346";"2238.16377358491";"30.942893081761"
"NPC_dA_rep1b_Probes_Zfp_10kb_Airyscan_4y_01";11;"231.371616";0;1;2;"NaN";"NaN";"NaN";NA;NA;NA;"NaN";"NaN";"NaN";"NaN";"NaN";"NaN";"NaN";"NaN";"NaN"
"NPC_dA_rep1b_Probes_Zfp_10kb_Airyscan_4y_01";12;"204.656704";0;1;1;"NaN";"NaN";"NaN";NA;NA;NA;"NaN";"NaN";"NaN";"NaN";"NaN";"NaN";"NaN";"NaN";"NaN"
"NPC_dA_rep1b_Probes_Zfp_10kb_Airyscan_4y_01";13;"378.945056";3;2;2;"2.48679522988261";"2.35069847996964";"0.226191349457305";2;2;2;"2185.5";"1406.72805343511";"13.5343511450382";"2172.25140631761";"1455.1813067936";"24.0004327131112";"2170.52971944841";"1454.12791250594";"22.4912030432715"
"NPC_dA_rep1b_Probes_Zfp_10kb_Airyscan_4y_01";14;"3668.415072";8;13;12;"0.2942761488688";"2.40498309435386";"0.31965390725808";2;2;5;"2297.25972660358";"1173.04048370137";"6.42429022082019";"2297.4860963702";"1177.83358098068";"8.01761834005519";"2312.88812247645";"1137.44851951548";"19.5296096904441"
"NPC_dA_rep1b_Probes_Zfp_10kb_Airyscan_4y_01";14;"3668.415072";8;13;12;"0.664135396930143";"0.645802569946606";"2.36359672436938";3;1;2;"2302.01092896175";"872.449180327869";"12.4546448087432";"2297.10493827161";"875.333590534979";"7.99819958847737";"2299.59308240081";"867.747202441506";"8.09613428280773"
"NPC_dA_rep1b_Probes_Zfp_10kb_Airyscan_4y_01";14;"3668.415072";8;13;12;"1.52418703592963";"1.82522123904618";"1.20276587821909";7;9;11;"2151.23415610407";"777.203468979319";"37.4076050700467";"2126.66192630899";"775.349709114415";"45.7117000646412";"2127.34401164907";"745.896250455042";"43.9930833636695"
"NPC_dA_rep1b_Probes_Zfp_10kb_Airyscan_4y_01";15;"650.855296";1;2;1;"0.208758014313318";"6.11220914666261";"6.12139700636735";1;2;1;"2242.04619047619";"2090.04952380952";"50.9885714285714";"2237.02591973244";"2090.34698996656";"51.3871237458194";"2232.75";"1938.42689530686";"46.2626353790614"
"NPC_dA_rep1b_Probes_Zfp_10kb_Airyscan_4y_01";16;"55.268192";0;0;1;"NaN";"NaN";"NaN";NA;NA;NA;"NaN";"NaN";"NaN";"NaN";"NaN";"NaN";"NaN";"NaN";"NaN"
"NPC_dA_rep1b_Probes_Zfp_10kb_Airyscan_4y_01";18;"64.174208";0;0;1;"NaN";"NaN";"NaN";NA;NA;NA;"NaN";"NaN";"NaN";"NaN";"NaN";"NaN";"NaN";"NaN";"NaN"
"NPC_dA_rep1b_Probes_Zfp_10kb_Airyscan_4y_01";19;"257.386976";0;1;1;"NaN";"NaN";"NaN";NA;NA;NA;"NaN";"NaN";"NaN";"NaN";"NaN";"NaN";"NaN";"NaN";"NaN"
"NPC_dA_rep1b_Probes_Zfp_10kb_Airyscan_4y_02";1;"358.001952";2;1;2;"0.762568660303404";"0.910786507401842";"0.438368110067569";2;1;2;"18.5126404494382";"2307.38412921348";"35.7429775280899";"11.9628658802971";"2289.9873307121";"34.5342944517256";"21.8950495049505";"2285.6198019802";"34.0934653465346"
"NPC_dA_rep1b_Probes_Zfp_10kb_Airyscan_4y_02";2;"17779.505184";53;54;50;"3.80121275350476";"3.7260837510366";"0.392106981431942";3;18;17;"1807.64597478177";"648.305528612997";"7.73035887487876";"1742.52352102637";"694.458303635068";"22.4654312188168";"1738.14375928678";"687.406389301634";"21.4858841010401"
"NPC_dA_rep1b_Probes_Zfp_10kb_Airyscan_4y_02";2;"17779.505184";53;54;50;"0.613789719975766";"0.537113510195415";"0.142046460961215";7;4;1;"861.909090909091";"1119.9874353289";"11.8669623059867";"846.682550805886";"1119.71688857744";"11.3293622985284";"852.582562747688";"1116.35755173932";"9.30911492734478"
"NPC_dA_rep1b_Probes_Zfp_10kb_Airyscan_4y_02";2;"17779.505184";53;54;50;"3.74119866482547";"3.84306500696";"0.511958020007518";8;17;11;"1650.03035019455";"1385.74967574578";"12.7976653696498";"1738.05410821643";"1367.72611890448";"20.2197728790915";"1741.64343598055";"1361.30713128039";"17.226904376013"
"NPC_dA_rep1b_Probes_Zfp_10kb_Airyscan_4y_02";2;"17779.505184";53;54;50;"4.73132833023386";"5.96815673225102";"0.359256649145508";15;27;48;"756.18395961862";"1293.28603477285";"19.2232192933259";"746.004115226337";"1181.44526748971";"29.8329218106996";"819.679403541473";"1241.55638397018";"54.856477166822"
"NPC_dA_rep1b_Probes_Zfp_10kb_Airyscan_4y_02";2;"17779.505184";53;54;50;"0.637725161702112";"0.614567456580619";"1.74869480997867";16;13;12;"2033.44967320261";"1130.7045751634";"23.6479302832244";"2030.92686438238";"1123.57558306939";"19.6377771379211";"2034.03482437706";"1125.26328429901";"19.5460822575803"
"NPC_dA_rep1b_Probes_Zfp_10kb_Airyscan_4y_02";2;"17779.505184";53;54;50;"1.97755233271728";"1.96878860312966";"1.30572674136671";18;31;5;"871.088762571054";"1673.69479667687";"24.8473983384346";"903.669981060606";"1663.52982954545";"35.0667613636364";"853.332185886403";"1670.33648881239";"11.7667814113597"
"NPC_dA_rep1b_Probes_Zfp_10kb_Airyscan_4y_02";2;"17779.505184";53;54;50;"0.132268854522578";"1.30550813890315";"1.28419344515376";21;24;13;"991.105053191489";"1583.58111702128";"26.8550531914894";"989.730158730159";"1585.67107583774";"26.2372134038801";"1012.00107066381";"1582.29068522484";"19.7012847965739"
"NPC_dA_rep1b_Probes_Zfp_10kb_Airyscan_4y_02";2;"17779.505184";53;54;50;"0.693635988235334";"1.42356190584383";"0.488127665533089";28;22;16;"1669.0379661017";"424.703050847458";"29.96";"1685.49434087883";"423.948402130493";"28.4127829560586";"1672.80964912281";"427.618421052632";"19.8833333333333"
"NPC_dA_rep1b_Probes_Zfp_10kb_Airyscan_4y_02";2;"17779.505184";53;54;50;"0.538685941477695";"0.744968014285149";"5.17100823986079";33;26;23;"1786.7494322483";"967.287660862983";"32.8675246025738";"1781.190830721";"969.930642633229";"29.4451410658307";"1782.88083806198";"958.523788738542";"28.3042339589699"
"NPC_dA_rep1b_Probes_Zfp_10kb_Airyscan_4y_02";2;"17779.505184";53;54;50;"2.64237582463637";"3.72574372896838";"0.452234299510466";35;21;22;"1596.70463320463";"1911.42342342342";"35.8018018018018";"1616.42678499395";"1860.7333602259";"25.0907624041952";"1591.0258126195";"1825.24760994264";"25.8336520076482"
"NPC_dA_rep1b_Probes_Zfp_10kb_Airyscan_4y_02";2;"17779.505184";53;54;50;"0.223459886025384";"4.1140215565955";"3.84304364568258";36;33;49;"1067.72907209007";"1182.77573996731";"39.5246050481206";"1067.46627318718";"1182.14165261383";"37.9405564924115";"1014.83122081388";"1244.47698465644";"57.5336891260841"
"NPC_dA_rep1b_Probes_Zfp_10kb_Airyscan_4y_02";2;"17779.505184";53;54;50;"0.732489839043874";"0.56215161806842";"0.495043096751356";37;29;38;"2236.60651162791";"1725.29736434109";"41.5544186046512";"2231.09516238928";"1741.69452645923";"39.8378378378378";"2229.37854251012";"1731.41295546559";"38.587044534413"
"NPC_dA_rep1b_Probes_Zfp_10kb_Airyscan_4y_02";2;"17779.505184";53;54;50;"0.294121032222644";"0.255932149764768";"4.26310782929293";38;32;33;"1365.56500802568";"1461.38041733547";"38.5521669341894";"1368.52553444181";"1465.65914489311";"37.0676959619952";"1364.42936643836";"1462.81464041096";"40.3039383561644"
"NPC_dA_rep1b_Probes_Zfp_10kb_Airyscan_4y_02";2;"17779.505184";53;54;50;"0.385052392356825";"0.571885376777503";"1.45114511186352";41;39;37;"1882.19103773585";"660.410377358491";"39.9614779874214";"1876.7128440367";"668.301834862385";"39.7853211009174";"1878.1646090535";"647.780864197531";"38.4310699588477"
"NPC_dA_rep1b_Probes_Zfp_10kb_Airyscan_4y_02";2;"17779.505184";53;54;50;"0.426031433974415";"1.2215740549404";"0.844449464776043";42;35;39;"882.386594448206";"1387.91943127962";"41.7664184157075";"878.205333333333";"1381.28733333333";"39.7066666666667";"875.644144144144";"1417.37037037037";"40.493993993994"
"NPC_dA_rep1b_Probes_Zfp_10kb_Airyscan_4y_02";2;"17779.505184";53;54;50;"0.867161963857694";"1.49646433842614";"1.64909942991907";47;40;40;"1160.54689703808";"1662.41854724965";"47.0038787023977";"1169.93450342466";"1669.90539383562";"41.8467465753425";"1139.18307426598";"1643.06390328152";"40.1908462867012"
"NPC_dA_rep1b_Probes_Zfp_10kb_Airyscan_4y_02";2;"17779.505184";53;54;50;"2.8551767304774";"2.92851607037584";"0.62851680563772";49;51;47;"971.835758835759";"984.653846153846";"48.7546777546778";"984.457826269408";"917.67771716324";"54.814939152329";"992.9453125";"920.010416666667";"56.5045572916667"
"NPC_dA_rep1b_Probes_Zfp_10kb_Airyscan_4y_02";2;"17779.505184";53;54;50;"0.555280656394011";"0.818636828457183";"0.424170390920089";50;46;43;"1743.43906131718";"1174.20666161998";"50.3792581377744";"1733.89427860697";"1180.5907960199";"48.1504975124378";"1725.19331195602";"1167.57398076042";"48.5286303252405"
"NPC_dA_rep1b_Probes_Zfp_10kb_Airyscan_4y_02";2;"17779.505184";53;54;50;"5.25005090869374";"0.086440946603618";"5.29062950197649";52;53;50;"1291.08860759494";"1336.14936708861";"57.8210970464135";"1302.20512820513";"1205.45128205128";"56.5015384615385";"1291.33242999097";"1337.24028906956";"57.2926829268293"
"NPC_dA_rep1b_Probes_Zfp_10kb_Airyscan_4y_02";4;"131.492704";0;1;0;"NaN";"NaN";"NaN";NA;NA;NA;"NaN";"NaN";"NaN";"NaN";"NaN";"NaN";"NaN";"NaN";"NaN"
"NPC_dA_rep1b_Probes_Zfp_10kb_Airyscan_4y_02";5;"626.755136";1;1;0;"NaN";"NaN";"NaN";NA;NA;NA;"NaN";"NaN";"NaN";"NaN";"NaN";"NaN";"NaN";"NaN";"NaN"
"NPC_dA_rep1b_Probes_Zfp_10kb_Airyscan_4y_02";6;"525.100352";1;1;1;"0.638279476871956";"0.691730280951153";"1.31582889523283";1;1;1;"2171.50836550837";"735.532175032175";"24.532175032175";"2168.74983797796";"739.821127673364";"28.852235904083";"2171.00459066565";"734.414690130069";"19.6036725325172"
"NPC_dA_rep1b_Probes_Zfp_10kb_Airyscan_4y_02";7;"494.798752";1;2;1;"0.14112440956883";"4.97691542780653";"4.94560525690598";1;1;1;"2241.91473163304";"935.460982108869";"29.6627331556909";"2244.12666666667";"934.385714285714";"28.94";"2338.58230088496";"1013.06194690265";"32.7203539823009"
"NPC_dA_rep1b_Probes_Zfp_10kb_Airyscan_4y_02";8;"453.408704";1;1;1;"0.628940388575263";"0.592115570811619";"0.246404333468958";1;1;1;"2446.93701320691";"2701.51405350491";"11.6197087707416";"2431.63616154131";"2699.32530566877";"10.7954798073361";"2434.9086521889";"2694.68493622889";"10.1130644605309"
"NPC_dA_rep1b_Probes_Zfp_10kb_Airyscan_4y_02";9;"382.312";4;2;3;"0.87993629820211";"0.815305990645505";"0.735775622674966";4;2;3;"2871.53602620087";"2404.84170305677";"55.0665938864629";"2870.68020917136";"2426.25020112631";"56.4915526950925";"2865.29322766571";"2420.3969740634";"51.7528818443804"
"NPC_dA_rep1b_Probes_Zfp_10kb_Airyscan_4y_02";10;"57.012256";0;0;1;"NaN";"NaN";"NaN";NA;NA;NA;"NaN";"NaN";"NaN";"NaN";"NaN";"NaN";"NaN";"NaN";"NaN"
"NPC_dA_rep1b_Probes_Zfp_10kb_Airyscan_4y_02";11;"69.019104";0;1;1;"NaN";"NaN";"NaN";NA;NA;NA;"NaN";"NaN";"NaN";"NaN";"NaN";"NaN";"NaN";"NaN";"NaN"
"NPC_dA_rep1b_Probes_Zfp_10kb_Airyscan_4y_02";12;"65.176384";0;1;0;"NaN";"NaN";"NaN";NA;NA;NA;"NaN";"NaN";"NaN";"NaN";"NaN";"NaN";"NaN";"NaN";"NaN"
"NPC_dA_rep1b_Probes_Zfp_10kb_Airyscan_4y_03";1;"1311.511712";7;6;2;"0.132904574921968";"3.43438917913996";"3.55074165563795";1;2;1;"22.3476837865055";"1417.77291037261";"11.1180765357503";"22.692916849978";"1416.9027716674";"10.2072151341839";"11.2416823603264";"1477.83741368487";"28.3578154425612"
"NPC_dA_rep1b_Probes_Zfp_10kb_Airyscan_4y_03";2;"508.569152";3;2;4;"0.590531745178691";"3.06610486477752";"2.60492216553582";2;1;3;"312.578167115903";"337.509433962264";"5.82524707996406";"298.154109589041";"334.706335616438";"6.23373287671233";"244.856715141146";"366.408468776732";"11.9148845166809"
"NPC_dA_rep1b_Probes_Zfp_10kb_Airyscan_4y_03";3;"1708.686784";3;6;10;"0.705798383792739";"0.55752739878211";"0.330285184274811";3;4;9;"566.546014257939";"1183.97148412184";"31.798444588464";"566.589947089947";"1168.93518518519";"34.4365079365079";"564.969664138678";"1170.17768147346";"32.1505958829903"
"NPC_dA_rep1b_Probes_Zfp_10kb_Airyscan_4y_03";4;"65.334752";0;0;0;"NaN";"NaN";"NaN";NA;NA;NA;"NaN";"NaN";"NaN";"NaN";"NaN";"NaN";"NaN";"NaN";"NaN"
"NPC_dA_rep1b_Probes_Zfp_10kb_Airyscan_4y_03";5;"5802.18464";17;21;19;"0.502804279838442";"0.447980565697796";"0.755814521513048";2;1;1;"2029.67585301837";"2281.76334208224";"13.8683289588801";"2023.71209264745";"2290.01508214382";"15.9746835443038";"2029.17107093185";"2286.13861845155";"10.9262865090403"
"NPC_dA_rep1b_Probes_Zfp_10kb_Airyscan_4y_03";5;"5802.18464";17;21;19;"0.330394536796072";"0.404656270890534";"0.0940486284410453";3;2;3;"1179.30010384216";"2548.77258566978";"14.2346832814123";"1182.9141432134";"2541.34698966869";"14.1898824367652";"1182.77662907268";"2539.38220551378";"13.8229949874687"
"NPC_dA_rep1b_Probes_Zfp_10kb_Airyscan_4y_03";5;"5802.18464";17;21;19;"0.408816746031533";"4.31837675709928";"4.72618355847095";5;4;19;"1879.16520844056";"1668.05455481215";"19.8641276376737";"1872.76237623762";"1663.12475247525";"18.0762376237624";"1940.53091265947";"1721.90529931305";"40.0461236506379"
"NPC_dA_rep1b_Probes_Zfp_10kb_Airyscan_4y_03";5;"5802.18464";17;21;19;"0.475566467214596";"0.973512713350774";"0.866388625157135";6;7;9;"1307.47319556754";"2605.65798143157";"27.3959269242288";"1305.23089519651";"2601.12172489083";"24.3220524017467";"1314.85318559557";"2582.85263157895";"26.191135734072"
"NPC_dA_rep1b_Probes_Zfp_10kb_Airyscan_4y_03";5;"5802.18464";17;21;19;"0.389376817104634";"2.06026612090796";"2.10070722337159";11;15;15;"2006.98568665377";"2050.04874274662";"41.9133462282398";"2004.00218818381";"2051.46097738877";"39.2968636032093";"2053.04728903384";"2034.33387688545";"37.0958010599266"
"NPC_dA_rep1b_Probes_Zfp_10kb_Airyscan_4y_03";6;"834.045184";3;2;2;"1.78511033895078";"0.496790325853371";"0.395542377547854";1;2;1;"1262.70921726408";"2209.39612289685";"9.46964155084126";"1225.13416009019";"2196.59000375799";"15.2953776775648";"1258.51112759644";"2215.44102373887";"6.61127596439169"
"NPC_dA_rep1b_Probes_Zfp_10kb_Airyscan_4y_03";6;"834.045184";3;2;2;"0.14791948815789";"0.432039425559647";"1.95681365107704";3;1;2;"1303.90864440079";"2333.89096267191";"15.8261296660118";"1304.60295599597";"2337.47228753779";"15.653006382264";"1297.25946130242";"2338.51585407433";"13.7845209682919"
"NPC_dA_rep1b_Probes_Zfp_10kb_Airyscan_4y_03";7;"814.145696";3;3;3;"0.192483994868246";"0.931985741795178";"0.743628440324228";3;3;3;"1974.7177459219";"165.085516559565";"43.4453781512605";"1974.4420519316";"167.392020265991";"42.2412919569348";"1976.80950205573";"173.879396984925";"37.3097304705345"
"NPC_dA_rep1b_Probes_Zfp_10kb_Airyscan_4y_03";8;"429.672096";1;1;0;"NaN";"NaN";"NaN";NA;NA;NA;"NaN";"NaN";"NaN";"NaN";"NaN";"NaN";"NaN";"NaN";"NaN"
"NPC_dA_rep1b_Probes_Zfp_10kb_Airyscan_4y_03";9;"428.300768";2;2;1;"1.59799575372184";"1.15078815226464";"0.645387986242494";2;1;1;"2190.91935483871";"2084.49569892473";"21.3268817204301";"2199.88409703504";"2109.26954177898";"29.9072776280323";"2205.79126213592";"2102.79088872293";"26.0373412994772"
"NPC_dA_rep1b_Probes_Zfp_10kb_Airyscan_4y_03";10;"431.363744";0;0;2;"NaN";"NaN";"NaN";NA;NA;NA;"NaN";"NaN";"NaN";"NaN";"NaN";"NaN";"NaN";"NaN";"NaN"
"NPC_dA_rep1b_Probes_Zfp_10kb_Airyscan_4y_03";11;"913.297952";4;3;3;"0.800822759458448";"0.326410091982706";"0.991109451763638";4;2;3;"2727.68593500266";"2185.94086307938";"47.9270111880661";"2745.1566951567";"2194.09164292498";"46.3841405508072";"2723.4407957814";"2182.16922339406";"46.2526366251198"
"NPC_dA_rep1b_Probes_Zfp_10kb_Airyscan_4y_03";13;"149.258368";0;1;1;"NaN";"NaN";"NaN";NA;NA;NA;"NaN";"NaN";"NaN";"NaN";"NaN";"NaN";"NaN";"NaN";"NaN"
"NPC_dA_rep1b_Probes_Zfp_10kb_Airyscan_4y_03";14;"134.12672";0;0;1;"NaN";"NaN";"NaN";NA;NA;NA;"NaN";"NaN";"NaN";"NaN";"NaN";"NaN";"NaN";"NaN";"NaN"
"NPC_dA_rep1b_Probes_Zfp_10kb_Airyscan_4y_03";15;"51.416512";0;0;0;"NaN";"NaN";"NaN";NA;NA;NA;"NaN";"NaN";"NaN";"NaN";"NaN";"NaN";"NaN";"NaN";"NaN"
"NPC_dA_rep1b_Probes_Zfp_10kb_Airyscan_4y_03";16;"60.430496";0;1;0;"NaN";"NaN";"NaN";NA;NA;NA;"NaN";"NaN";"NaN";"NaN";"NaN";"NaN";"NaN";"NaN";"NaN"
"NPC_dA_rep1b_Probes_Zfp_10kb_Airyscan_4y_04";1;"339.738336";1;0;0;"NaN";"NaN";"NaN";NA;NA;NA;"NaN";"NaN";"NaN";"NaN";"NaN";"NaN";"NaN";"NaN";"NaN"
"NPC_dA_rep1b_Probes_Zfp_10kb_Airyscan_4y_04";2;"521.42496";2;2;2;"0.646677814854721";"0.555560620260086";"0.162418743544357";1;1;1;"351.101234567901";"2544.72345679012";"24.3343209876543";"349.284802043423";"2542.83748403576";"19.7761813537676";"351.168341708543";"2540.48994974874";"20.5549174443647"
"NPC_dA_rep1b_Probes_Zfp_10kb_Airyscan_4y_04";3;"456.279936";1;2;3;"0.392460377922432";"0.573209615119768";"0.340937095671952";1;2;3;"364.665206279664";"1971.23329682366";"17.7488134355604";"366.430528375734";"1962.01663405088";"16.9305283757339";"365.630769230769";"1962.5188034188";"14.5102564102564"
"NPC_dA_rep1b_Probes_Zfp_10kb_Airyscan_4y_04";4;"718.210304";3;2;5;"0.618074266948614";"0.956978891454771";"0.533135481737259";2;1;2;"958.3008";"386.264533333333";"28.8554666666667";"946.717381386861";"376.189096715328";"29.3560675182482";"937.97274922387";"376.755777854433";"26.4867195584684"
"NPC_dA_rep1b_Probes_Zfp_10kb_Airyscan_4y_04";5;"1319.269952";5;4;5;"0.303725039119472";"0.990583948936661";"0.689882532438232";2;2;3;"1361.61873990307";"1165.74098007539";"20.1055465805062";"1362.16637579988";"1163.70331588133";"18.021524141943";"1364.08198198198";"1156.43423423423";"13.5864864864865"
"NPC_dA_rep1b_Probes_Zfp_10kb_Airyscan_4y_04";5;"1319.269952";5;4;5;"0.592267232612599";"0.845022678322637";"0.416476764355681";3;3;4;"1200.33562691131";"1298.0630733945";"34.6001529051988";"1203.65244215938";"1298.37583547558";"30.4781491002571";"1212.45252352438";"1303.57798688338";"29.9136013686912"
"NPC_dA_rep1b_Probes_Zfp_10kb_Airyscan_4y_04";5;"1319.269952";5;4;5;"1.3896487375061";"1.40564219318032";"0.370586328743102";5;4;5;"1107.70104384134";"1671.70688935282";"36.9832985386221";"1113.27035490605";"1644.83194154489";"30.8977035490605";"1122.20454545455";"1646.09393939394";"31.4984848484848"
"NPC_dA_rep1b_Probes_Zfp_10kb_Airyscan_4y_04";6;"3244.261888";9;13;12;"0.490225611578814";"0.43028852362706";"0.335988483817042";4;2;3;"1405.36172248804";"1419.9004784689";"14.7578947368421";"1402.85615343633";"1414.33883857219";"11.720831113479";"1410.13265306122";"1418.38605442177";"12.0374149659864"
"NPC_dA_rep1b_Probes_Zfp_10kb_Airyscan_4y_04";6;"3244.261888";9;13;12;"0.332682882216875";"0.748645132503776";"0.746712713798583";6;6;5;"1865.57918416317";"1208.99430113977";"23.9376124775045";"1870.33547655068";"1207.41414523449";"22.0412254160363";"1853.65552325581";"1210.77688953488";"19.8473837209302"
"NPC_dA_rep1b_Probes_Zfp_10kb_Airyscan_4y_04";6;"3244.261888";9;13;12;"0.194178066492973";"4.41639775864922";"4.52217989040903";9;12;10;"1712.49080694586";"2051.13585291113";"52.535240040858";"1715.98668442077";"2054.12283621838";"52.0905459387483";"1653.72959604287";"1988.68755152514";"32.6628194558945"
"NPC_dA_rep1b_Probes_Zfp_10kb_Airyscan_4y_04";7;"394.098432";1;1;2;"0.464033507384823";"0.683327198035852";"0.263990078513464";1;1;1;"2178.936643026";"1105.12340425532";"12.5654846335697";"2177.89947877885";"1106.71258376768";"9.29560685033507";"2181.8418230563";"1106.99597855228";"7.78552278820375"
"NPC_dA_rep1b_Probes_Zfp_10kb_Airyscan_4y_04";8;"798.653184";5;2;3;"0.846514369831654";"0.74573004500144";"0.672523557460687";3;1;1;"2726.11824707216";"2411.46694370986";"32.4726105024556";"2722.32501685772";"2418.06641942009";"26.8307484828051";"2716.23772609819";"2403.60142118863";"28.5542635658915"
"NPC_dA_rep1b_Probes_Zfp_10kb_Airyscan_4y_04";8;"798.653184";5;2;3;"0.167642384460215";"0.947716606623223";"0.911810441193234";4;2;2;"2789.44444444444";"2442.66251298027";"33.8909657320872";"2787.27979604844";"2439.73741236456";"34.485022307202";"2776.28357030016";"2430.98657187994";"29.3570300157978"
"NPC_dA_rep1b_Probes_Zfp_10kb_Airyscan_4y_04";9;"251.473376";3;2;1;"1.89152931375179";"0.312562654665954";"2.02456639651171";2;2;1;"2795.51425762045";"938.150442477876";"52.5319567354966";"2831.45501022495";"912.402862985685";"47.7382413087935";"2788.72241261138";"935.811514736121";"51.653187114462"
"NPC_dA_rep1b_Probes_Zfp_10kb_Airyscan_4y_04";10;"128.85824";1;0;1;"NaN";"NaN";"NaN";NA;NA;NA;"NaN";"NaN";"NaN";"NaN";"NaN";"NaN";"NaN";"NaN";"NaN"
"NPC_dA_rep1b_Probes_Zfp_10kb_Airyscan_4y_04";11;"572.21808";1;1;0;"NaN";"NaN";"NaN";NA;NA;NA;"NaN";"NaN";"NaN";"NaN";"NaN";"NaN";"NaN";"NaN";"NaN"
"NPC_dA_rep1b_Probes_Zfp_10kb_Airyscan_4y_04";12;"87.903424";1;2;0;"NaN";"NaN";"NaN";NA;NA;NA;"NaN";"NaN";"NaN";"NaN";"NaN";"NaN";"NaN";"NaN";"NaN"
"NPC_dA_rep1b_Probes_Zfp_10kb_Airyscan_4y_04";13;"111.29552";0;1;1;"NaN";"NaN";"NaN";NA;NA;NA;"NaN";"NaN";"NaN";"NaN";"NaN";"NaN";"NaN";"NaN";"NaN"
"NPC_dA_rep1b_Probes_Zfp_10kb_Airyscan_4y_04";14;"67.618656";0;1;0;"NaN";"NaN";"NaN";NA;NA;NA;"NaN";"NaN";"NaN";"NaN";"NaN";"NaN";"NaN";"NaN";"NaN"
"NPC_dA_rep1b_Probes_Zfp_10kb_Airyscan_4y_04";15;"94.95024";1;1;0;"NaN";"NaN";"NaN";NA;NA;NA;"NaN";"NaN";"NaN";"NaN";"NaN";"NaN";"NaN";"NaN";"NaN"
"NPC_dA_rep1b_Probes_Zfp_10kb_Airyscan_4y_04";16;"159.734848";1;0;0;"NaN";"NaN";"NaN";NA;NA;NA;"NaN";"NaN";"NaN";"NaN";"NaN";"NaN";"NaN";"NaN";"NaN"
"NPC_dA_rep1b_Probes_Zfp_10kb_Airyscan_4y_04";17;"120.776768";1;0;0;"NaN";"NaN";"NaN";NA;NA;NA;"NaN";"NaN";"NaN";"NaN";"NaN";"NaN";"NaN";"NaN";"NaN"
"NPC_dA_rep1b_Probes_Zfp_10kb_Airyscan_4y_04";18;"58.878176";0;1;1;"NaN";"NaN";"NaN";NA;NA;NA;"NaN";"NaN";"NaN";"NaN";"NaN";"NaN";"NaN";"NaN";"NaN"
"NPC_dA_rep1b_Probes_Zfp_10kb_Airyscan_4y_05";1;"451.512544";3;3;3;"0.510016313546091";"0.243429430515621";"0.419714079176723";3;1;1;"188.191284663271";"1074.70401810979";"16.1833616298812";"182.850982271203";"1067.26497364638";"18.7182558696694";"187.995773457312";"1068.62383770076";"16.134404057481"
"NPC_dA_rep1b_Probes_Zfp_10kb_Airyscan_4y_05";2;"1552.071808";5;5;3;"0.319463947545786";"0.168581254498992";"0.309769095415873";5;5;3;"782.021790341578";"1859.36513545347";"49.2944640753828";"788.850335980452";"1863.08307880269";"49.8161270616982";"784.010788941335";"1860.37019554956";"48.2724207687121"
"NPC_dA_rep1b_Probes_Zfp_10kb_Airyscan_4y_05";3;"603.11104";1;2;3;"0.378241466404216";"3.5472398398217";"3.90485039388361";1;1;3;"866.270598438855";"269.661751951431";"20.4336513443192";"858.649926686217";"272.2107771261";"19.0095307917889";"949.318245125348";"244.485376044568";"25.6518105849582"
"NPC_dA_rep1b_Probes_Zfp_10kb_Airyscan_4y_05";4;"501.286912";4;2;0;"NaN";"NaN";"NaN";NA;NA;NA;"NaN";"NaN";"NaN";"NaN";"NaN";"NaN";"NaN";"NaN";"NaN"
"NPC_dA_rep1b_Probes_Zfp_10kb_Airyscan_4y_05";5;"461.138272";3;2;2;"0.563955061228957";"0.607904907814737";"0.711070095521093";2;2;1;"951.223266219239";"1018.2966442953";"49.7651006711409";"953.352136043136";"1031.89713811696";"48.8950642886769";"955.318756936737";"1018.56048834628";"45.5842397336293"
"NPC_dA_rep1b_Probes_Zfp_10kb_Airyscan_4y_05";7;"384.0368";2;1;0;"NaN";"NaN";"NaN";NA;NA;NA;"NaN";"NaN";"NaN";"NaN";"NaN";"NaN";"NaN";"NaN";"NaN"
"NPC_dA_rep1b_Probes_Zfp_10kb_Airyscan_4y_05";8;"3498.758144";7;11;8;"0.5873902699526";"0.745435567771342";"0.325997593711277";7;11;8;"1780.98513800425";"2003.01132342534";"44.3510261854211";"1778.87433628319";"2012.8814159292";"41.3035398230088";"1773.91330343797";"2009.30418535127";"39.7645739910314"
"NPC_dA_rep1b_Probes_Zfp_10kb_Airyscan_4y_05";9;"1588.629504";5;4;5;"0.369009558578196";"4.96140724995425";"4.98756385632755";4;3;2;"1686.59269565217";"320.533913043478";"33.6330434782609";"1682.78058645096";"318.684529828109";"31.2917087967644";"1799.46235294118";"289.052352941176";"22.0129411764706"
"NPC_dA_rep1b_Probes_Zfp_10kb_Airyscan_4y_05";10;"558.093536";1;0;2;"NaN";"NaN";"NaN";NA;NA;NA;"NaN";"NaN";"NaN";"NaN";"NaN";"NaN";"NaN";"NaN";"NaN"
"NPC_dA_rep1b_Probes_Zfp_10kb_Airyscan_4y_05";11;"370.023808";1;2;1;"1.10832855014792";"2.89433202918195";"3.16379239574926";1;2;1;"2397.76092544987";"2835.73693230506";"35.5149957155099";"2422.50150753769";"2824.24623115578";"34.1266331658291";"2361.18509159823";"2777.61655085281";"29"
"NPC_dA_rep1b_Probes_Zfp_10kb_Airyscan_4y_05";12;"466.03312";2;3;2;"0.739236620635675";"0.825703913415951";"0.724695425710634";1;1;2;"2608.33202467751";"2256.75490745934";"25.2338754907459";"2609.5371577575";"2253.73076923077";"20.0361799217731";"2622.89770166742";"2245.40378548896";"22.598017124831"
"NPC_dA_rep1b_Probes_Zfp_10kb_Airyscan_4y_05";13;"185.487904";0;2;1;"NaN";"NaN";"NaN";NA;NA;NA;"NaN";"NaN";"NaN";"NaN";"NaN";"NaN";"NaN";"NaN";"NaN"
"NPC_dA_rep1b_Probes_Zfp_10kb_Airyscan_4y_05";14;"72.258816";1;1;1;"7.13447349937473";"6.60015223909633";"1.43111727844518";1;1;1;"1655.06299212598";"2804.09744094488";"24.4173228346457";"1519.04517453799";"2913.0749486653";"35.2443531827515";"1524.48926829268";"2904.91707317073";"25.4136585365854"
"NPC_dA_rep1b_Probes_Zfp_10kb_Airyscan_4y_05";15;"61.586112";0;0;0;"NaN";"NaN";"NaN";NA;NA;NA;"NaN";"NaN";"NaN";"NaN";"NaN";"NaN";"NaN";"NaN";"NaN"
"NPC_dA_rep1b_Probes_Zfp_10kb_Airyscan_4y_05";16;"125.67184";0;2;1;"NaN";"NaN";"NaN";NA;NA;NA;"NaN";"NaN";"NaN";"NaN";"NaN";"NaN";"NaN";"NaN";"NaN"
"NPC_dA_rep1b_Probes_Zfp_10kb_Airyscan_4y_05";17;"91.998368";0;1;0;"NaN";"NaN";"NaN";NA;NA;NA;"NaN";"NaN";"NaN";"NaN";"NaN";"NaN";"NaN";"NaN";"NaN"
"NPC_dA_rep1b_Probes_Zfp_10kb_Airyscan_4y_06";1;"145.958848";1;1;1;"2.93515510698006";"0.549688420505735";"2.75484589811231";1;1;1;"28.3572303921569";"97.5925245098039";"18.0447303921569";"39.6206163655685";"168.74867162593";"14.0611052072264";"26.2346749226006";"101.196284829721";"14.3046439628483"
"NPC_dA_rep1b_Probes_Zfp_10kb_Airyscan_4y_06";2;"255.788512";0;0;0;"NaN";"NaN";"NaN";NA;NA;NA;"NaN";"NaN";"NaN";"NaN";"NaN";"NaN";"NaN";"NaN";"NaN"
"NPC_dA_rep1b_Probes_Zfp_10kb_Airyscan_4y_06";3;"350.357728";1;2;2;"0.466524718968836";"0.584369855526191";"0.467774616560554";1;2;1;"380.295251204405";"1311.12938747419";"34.31039229181";"382.127541589649";"1312.34704251386";"31.0378927911275";"392.392704695382";"1308.22623205277";"32.1222351571595"
"NPC_dA_rep1b_Probes_Zfp_10kb_Airyscan_4y_06";4;"472.08784";0;1;2;"NaN";"NaN";"NaN";NA;NA;NA;"NaN";"NaN";"NaN";"NaN";"NaN";"NaN";"NaN";"NaN";"NaN"
"NPC_dA_rep1b_Probes_Zfp_10kb_Airyscan_4y_06";5;"1459.892448";4;6;4;"0.389524378981935";"1.12531739784783";"1.08827697237863";2;3;2;"995.184615384615";"951.600715563506";"20.7828264758497";"992.964231738035";"942.76523929471";"21.7657430730479";"987.637621430674";"936.474830733";"14.3576685310568"
"NPC_dA_rep1b_Probes_Zfp_10kb_Airyscan_4y_06";5;"1459.892448";4;6;4;"0.336658474739662";"0.409019118788749";"0.457445422183059";4;4;4;"1020.73135964912";"706.892543859649";"24.9407894736842";"1022.27061469265";"712.693403298351";"26.6266866566717";"1027.03448275862";"713.598522167488";"23.6674876847291"
"NPC_dA_rep1b_Probes_Zfp_10kb_Airyscan_4y_06";6;"534.37104";1;2;2;"0.943371750135246";"1.35255652292792";"1.92309829924461";1;1;1;"1073.35";"406.839682539683";"16.197619047619";"1082.55899756352";"389.254785938044";"12.5589975635224";"1097.02696078431";"426.007659313725";"20.390625"
"NPC_dA_rep1b_Probes_Zfp_10kb_Airyscan_4y_06";7;"2475.862368";6;5;6;"0.70699878314924";"1.05887114645844";"0.392532834830167";4;3;3;"1591.9917212832";"2600.44325629527";"22.5601931700586";"1580.21381681776";"2587.68521412942";"21.6161300406377";"1575.47781965787";"2582.35865468252";"19.6888953319803"
"NPC_dA_rep1b_Probes_Zfp_10kb_Airyscan_4y_06";8;"536.05328";0;1;1;"NaN";"NaN";"NaN";NA;NA;NA;"NaN";"NaN";"NaN";"NaN";"NaN";"NaN";"NaN";"NaN";"NaN"
"NPC_dA_rep1b_Probes_Zfp_10kb_Airyscan_4y_06";10;"649.849088";2;2;2;"0.346610202774987";"0.622537795399831";"0.348849934885986";1;1;1;"1454.16548615583";"1937.18866709594";"14.0128783000644";"1451.49405405405";"1944.97513513514";"14.7859459459459";"1454.66785079929";"1952.7406749556";"14.1047957371226"
"NPC_dA_rep1b_Probes_Zfp_10kb_Airyscan_4y_06";10;"649.849088";2;2;2;"0.186911773382759";"0.337456126895855";"0.29989928597172";2;2;2;"1768.86856788593";"1975.18350898946";"30.3639181649101";"1765.24845327255";"1974.26701400195";"29.5613806577662";"1762.54820478723";"1980.76695478723";"30.2993683510638"
"NPC_dA_rep1b_Probes_Zfp_10kb_Airyscan_4y_06";11;"1774.666432";5;5;6;"0.736507306705137";"1.0439132525727";"0.469359577862915";1;1;1;"1512.04376163873";"1177.51024208566";"20.5372439478585";"1513.93980582524";"1170.2213592233";"15.7366990291262";"1512.09114754098";"1158.70655737705";"15.3665573770492"
"NPC_dA_rep1b_Probes_Zfp_10kb_Airyscan_4y_06";11;"1774.666432";5;5;6;"0.828883304102994";"5.83389807247599";"6.3493851777264";2;2;4;"2092.64778193479";"1121.70390165687";"29.3054516301443";"2096.35774946921";"1117.53662420382";"23.6035031847134";"1966.31404958678";"1170.81818181818";"44.6891290527654"
"NPC_dA_rep1b_Probes_Zfp_10kb_Airyscan_4y_06";11;"1774.666432";5;5;6;"0.575028745435541";"0.451100749275168";"0.440945402231493";5;5;3;"1959.71222410866";"881.041595925297";"48.2877758913413";"1966.0127195639";"885.623864324652";"44.8358570563295";"1955.44049941475";"886.277799453765";"45.7081545064378"
"NPC_dA_rep1b_Probes_Zfp_10kb_Airyscan_4y_06";12;"552.831104";0;2;3;"NaN";"NaN";"NaN";NA;NA;NA;"NaN";"NaN";"NaN";"NaN";"NaN";"NaN";"NaN";"NaN";"NaN"
"NPC_dA_rep1b_Probes_Zfp_10kb_Airyscan_4y_06";13;"383.716256";1;2;3;"0.75958815699062";"3.22568302317213";"2.77098481012065";1;1;1;"1868.86300505051";"2576.64772727273";"32.8093434343434";"1887.49495327103";"2573.65794392523";"32.2018691588785";"1930.68662301216";"2626.51917680075";"28.8316183348924"
"NPC_dA_rep1b_Probes_Zfp_10kb_Airyscan_4y_06";14;"261.64432";0;1;1;"NaN";"NaN";"NaN";NA;NA;NA;"NaN";"NaN";"NaN";"NaN";"NaN";"NaN";"NaN";"NaN";"NaN"
"NPC_dA_rep1b_Probes_Zfp_10kb_Airyscan_4y_06";15;"50.011584";0;0;0;"NaN";"NaN";"NaN";NA;NA;NA;"NaN";"NaN";"NaN";"NaN";"NaN";"NaN";"NaN";"NaN";"NaN"
"NPC_dA_rep1b_Probes_Zfp_10kb_Airyscan_4y_07";1;"333.107264";1;1;1;"0.152314450475478";"6.11124869768276";"6.01412662433392";1;1;1;"156.916619398752";"1298.97277368123";"29.3519568916619";"158.370194986072";"1296.19025069638";"28.7362116991643";"93.0803493449782";"1169.48384279476";"15.0672489082969"
"NPC_dA_rep1b_Probes_Zfp_10kb_Airyscan_4y_07";2;"312.006464";2;1;1;"0.274806507400949";"0.602262155464283";"0.401388997419033";1;1;1;"388.327853881279";"2884.9698630137";"21.7552511415525";"389.374524714829";"2882.75969581749";"19.9209125475285";"391.5451309433";"2873.29341469616";"19.1995931858632"
"NPC_dA_rep1b_Probes_Zfp_10kb_Airyscan_4y_07";3;"364.777952";1;1;3;"4.21600134282332";"0.882471898914404";"3.73133404963781";1;1;1;"615.494166094715";"497.218256691833";"12.5971173644475";"540.647614053487";"564.039853172522";"21.8201363398007";"605.036450079239";"497.77971473851";"18.1450079239303"
"NPC_dA_rep1b_Probes_Zfp_10kb_Airyscan_4y_07";4;"1546.0872";4;5;6;"0.36610102506627";"2.06850891178727";"1.72916152482845";1;2;2;"852.722509702458";"674.22509702458";"10.0174644243208";"853.212484993998";"682.43025210084";"11.1675870348139";"839.570168067227";"722.097899159664";"14.1521008403361"
"NPC_dA_rep1b_Probes_Zfp_10kb_Airyscan_4y_07";4;"1546.0872";4;5;6;"2.18783159916421";"1.33126484077529";"1.17879002153391";3;4;5;"1259.78272027374";"655.565440547476";"21.5115483319076";"1221.15350488021";"693.661934338953";"19.530612244898";"1248.69168506255";"686.924944812362";"21.8292862398823"
"NPC_dA_rep1b_Probes_Zfp_10kb_Airyscan_4y_07";4;"1546.0872";4;5;6;"0.808048277349824";"0.878570893300334";"0.15537198478077";4;5;6;"1243.70434782609";"479.342512077295";"32.0144927536232";"1235.4496124031";"493.900634249471";"28.7818886539817";"1238.03720930233";"495.554418604651";"28.1023255813953"
"NPC_dA_rep1b_Probes_Zfp_10kb_Airyscan_4y_07";5;"1176.702912";5;4;5;"0.181895942824659";"0.200300526473062";"0.145914909994215";4;1;4;"1069.82280173855";"2738.29588766299";"18.6018054162487";"1070.22863135815";"2734.99475616151";"17.7157839538542";"1069.37898089172";"2733.30812101911";"18.6074840764331"
"NPC_dA_rep1b_Probes_Zfp_10kb_Airyscan_4y_07";5;"1176.702912";5;4;5;"0.217013363774594";"0.450612587999071";"0.598515390621553";5;3;3;"820.652542372881";"2594.34624697337";"22.0564971751412";"815.824632952692";"2593.67781402936";"22.7373572593801";"823.14336492891";"2590.36966824645";"19.1303317535545"
"NPC_dA_rep1b_Probes_Zfp_10kb_Airyscan_4y_07";6;"58.630432";0;1;1;"NaN";"NaN";"NaN";NA;NA;NA;"NaN";"NaN";"NaN";"NaN";"NaN";"NaN";"NaN";"NaN";"NaN"
"NPC_dA_rep1b_Probes_Zfp_10kb_Airyscan_4y_07";7;"390.170144";1;2;2;"0.271743652940703";"0.389153530665164";"0.271333015579132";1;1;1;"1391.20061491161";"1120.95388162952";"15.7640276710223";"1391.25880845612";"1114.8398462524";"14.91800128123";"1394.4448850119";"1117.30927835052";"13.3592386994449"
"NPC_dA_rep1b_Probes_Zfp_10kb_Airyscan_4y_07";8;"192.299072";0;1;1;"NaN";"NaN";"NaN";NA;NA;NA;"NaN";"NaN";"NaN";"NaN";"NaN";"NaN";"NaN";"NaN";"NaN"
"NPC_dA_rep1b_Probes_Zfp_10kb_Airyscan_4y_07";9;"552.198528";3;2;3;"0.199601583411538";"3.03021068462841";"3.16380104665509";1;2;1;"1787.90621814475";"151.115188583078";"5.19266055045872";"1784.31270096463";"154.407154340836";"4.8862540192926";"1785.82076502732";"75.5191256830601";"6.46229508196721"
"NPC_dA_rep1b_Probes_Zfp_10kb_Airyscan_4y_07";12;"373.009728";1;1;0;"NaN";"NaN";"NaN";NA;NA;NA;"NaN";"NaN";"NaN";"NaN";"NaN";"NaN";"NaN";"NaN";"NaN"
"NPC_dA_rep1b_Probes_Zfp_10kb_Airyscan_4y_07";13;"4269.26752";10;11;7;"0.285069818748855";"1.02544501963495";"1.22177291956352";3;4;3;"2589.359375";"1789.13988095238";"20.9047619047619";"2591.84795321637";"1786.4898989899";"19.1533758639022";"2565.03501683502";"1794.2861952862";"22.6902356902357"
"NPC_dA_rep1b_Probes_Zfp_10kb_Airyscan_4y_07";13;"4269.26752";10;11;7;"0.327614633263762";"0.686117834907894";"0.860654796068521";5;7;5;"2129.20311149525";"1502.26058772688";"29.6547104580812";"2128.4099378882";"1508.04204491161";"31.2967032967033";"2118.21055939661";"1489.35637963545";"30.4035197988686"
"NPC_dA_rep1b_Probes_Zfp_10kb_Airyscan_4y_07";13;"4269.26752";10;11;7;"3.66761798271706";"5.15750650840819";"1.54155839223502";7;10;7;"2488.11142993783";"1399.87254901961";"33.8857006217121";"2452.67130750605";"1316.65556900726";"38.181598062954";"2429.17608951708";"1288.2332155477";"41.3810365135453"
"NPC_dA_rep1b_Probes_Zfp_10kb_Airyscan_4y_07";14;"590.760352";2;4;3;"0.360970221657042";"0.465427945067282";"0.542324537189138";2;4;3;"2327.17289131347";"754.952161141418";"46.3038187159043";"2321.15369458128";"748.445812807882";"46.7881773399015";"2322.46106557377";"754.013661202186";"43.275956284153"
"NPC_dA_rep1b_Probes_Zfp_10kb_Airyscan_4y_07";15;"422.781856";1;3;6;"0.654165494426227";"0.962703080117703";"0.521445749116391";1;1;2;"2592.59490909091";"667.114666666667";"19.745696969697";"2599.57245681382";"658.880518234165";"16.2351247600768";"2610.6503006012";"664.817635270541";"15.2464929859719"
"NPC_dA_rep1b_Probes_Zfp_10kb_Airyscan_4y_07";16;"118.845216";1;0;0;"NaN";"NaN";"NaN";NA;NA;NA;"NaN";"NaN";"NaN";"NaN";"NaN";"NaN";"NaN";"NaN";"NaN"
"NPC_dA_rep1b_Probes_Zfp_10kb_Airyscan_4y_07";17;"92.275008";0;0;1;"NaN";"NaN";"NaN";NA;NA;NA;"NaN";"NaN";"NaN";"NaN";"NaN";"NaN";"NaN";"NaN";"NaN"
"NPC_dA_rep1b_Probes_Zfp_10kb_Airyscan_4y_08";3;"684.360992";1;3;3;"0.451860043112063";"0.692415751603594";"0.341697112823085";1;1;1;"583.223941882502";"2648.91156032849";"7.88692356285534";"589.722046413502";"2640.61286919831";"6.72573839662447";"586.774250440917";"2632.61552028219";"6.5626102292769"
"NPC_dA_rep1b_Probes_Zfp_10kb_Airyscan_4y_08";4;"402.681216";3;2;1;"0.699844307014911";"0.672985205954577";"0.370597565872377";3;1;1;"723.934942287513";"1247.20146904512";"33.5288562434418";"715.350165562914";"1245.87665562914";"29.1895695364238";"724.319168591224";"1243.96397228637";"28.8129330254042"
"NPC_dA_rep1b_Probes_Zfp_10kb_Airyscan_4y_08";5;"1104.410496";5;3;5;"0.300034998352306";"0.242933560942963";"0.391581481519186";1;1;2;"979.091706001349";"1833.59743762643";"15.7289278489548";"985.150485436893";"1837.00862998921";"16.5329018338727";"981.404347826087";"1833.72732919255";"14.1248447204969"
"NPC_dA_rep1b_Probes_Zfp_10kb_Airyscan_4y_08";5;"1104.410496";5;3;5;"0.779300730142304";"0.715693535396482";"1.00361577362753";4;3;3;"886.120237087214";"1673.75529212532";"42.155800169348";"890.446012269939";"1692.57208588957";"42.9";"897.215046375816";"1675.00480934387";"38.1611130195809"
"NPC_dA_rep1b_Probes_Zfp_10kb_Airyscan_4y_08";6;"53.039168";0;0;0;"NaN";"NaN";"NaN";NA;NA;NA;"NaN";"NaN";"NaN";"NaN";"NaN";"NaN";"NaN";"NaN";"NaN"
"NPC_dA_rep1b_Probes_Zfp_10kb_Airyscan_4y_08";7;"357.986496";1;3;2;"0.703140217273839";"0.458673511086913";"0.464939123544084";1;3;2;"1058.55857544517";"857.698219306467";"46.6180880974695";"1045.71759594497";"848.738595220854";"44.335264301231";"1053.69402319358";"856.85727029438";"43.6610169491525"
"NPC_dA_rep1b_Probes_Zfp_10kb_Airyscan_4y_08";8;"441.283584";1;2;2;"0.565609359924826";"0.418528300632682";"0.468216175493622";1;1;1;"1368.4776744186";"1621.50139534884";"11.0995348837209";"1367.2541694463";"1607.42828552368";"11.2795196797865";"1371.41324079018";"1614.78643886813";"8.96583021890016"
"NPC_dA_rep1b_Probes_Zfp_10kb_Airyscan_4y_08";9;"587.53184";2;3;3;"0.664755970275072";"0.769043506463936";"0.546994150115199";1;2;1;"1449.42534129693";"559.973976109215";"22.6651023890785";"1441.97509727626";"555.831128404669";"18.5891050583658";"1453.05852674067";"562.494786411033";"17.3192061890346"
"NPC_dA_rep1b_Probes_Zfp_10kb_Airyscan_4y_08";9;"587.53184";2;3;3;"0.391477252360473";"0.513912979740079";"0.39537772049081";2;3;2;"1436.43263672743";"520.988439306358";"26.5980435749222";"1444.11685625646";"520.128231644261";"24.883833160979";"1437.72172102706";"524.117973629424";"23.0569049271339"
"NPC_dA_rep1b_Probes_Zfp_10kb_Airyscan_4y_08";10;"1891.773408";4;7;4;"0.251119415684626";"0.369962575381907";"0.619688004734024";3;7;4;"2023.11183088987";"2063.06853051483";"33.2413910671667";"2022.74164524422";"2065.77197943445";"34.8568123393316";"2022.39799913006";"2059.01609395389";"30.8747281426707"
"NPC_dA_rep1b_Probes_Zfp_10kb_Airyscan_4y_08";11;"356.14432";1;1;1;"5.12569424188874";"5.03653463774336";"0.579831888137567";1;1;1;"1712.04925053533";"43.8693790149893";"15.8768736616702";"1645.78566775244";"152.60325732899";"11.7706840390879";"1635.75823618855";"142.540800810948";"10.9462747085656"
"NPC_dA_rep1b_Probes_Zfp_10kb_Airyscan_4y_08";12;"317.63984";1;0;1;"NaN";"NaN";"NaN";NA;NA;NA;"NaN";"NaN";"NaN";"NaN";"NaN";"NaN";"NaN";"NaN";"NaN"
"NPC_dA_rep1b_Probes_Zfp_10kb_Airyscan_4y_08";13;"388.418912";2;1;1;"0.463529697667412";"0.519128645686621";"0.658401810244878";1;1;1;"1864.93906093906";"2728.0959040959";"21.4125874125874";"1855.02215352911";"2725.25965996909";"22.9216898505925";"1857.09554140127";"2733.49772520473";"18.8935395814377"
"NPC_dA_rep1b_Probes_Zfp_10kb_Airyscan_4y_08";15;"515.714976";1;2;2;"0.178649813094978";"0.732066585216568";"0.671127847637745";1;1;1;"2909.93031209919";"1237.95468148782";"36.0521590423258";"2913.67048977061";"1237.79820210787";"35.3561686298822";"2908.33004640371";"1241.98723897912";"30.9721577726218"
"NPC_dA_rep1b_Probes_Zfp_10kb_Airyscan_4y_08";16;"400.364832";1;2;1;"0.477850942746162";"0.454955992228727";"0.795498382928556";1;2;1;"1117.09560229446";"1062.92782026769";"31.9541108986616";"1108.64566929134";"1057.37086614173";"33.7708661417323";"1113.83256101328";"1067.90454124189";"29.1847389558233"
"NPC_dA_rep1b_Probes_Zfp_10kb_Airyscan_4y_08";17;"121.323328";0;1;1;"NaN";"NaN";"NaN";NA;NA;NA;"NaN";"NaN";"NaN";"NaN";"NaN";"NaN";"NaN";"NaN";"NaN"
"NPC_dA_rep1b_Probes_Zfp_10kb_Airyscan_4y_09";1;"410.769184";1;2;3;"0.0635048606079853";"0.369025651640843";"0.324427913024221";1;1;1;"40.7835114503817";"812.706564885496";"17.7090076335878";"40.2073228720875";"811.671421778412";"17.4070375653828";"40.5388631090487";"811.642111368909";"15.0916473317865"
"NPC_dA_rep1b_Probes_Zfp_10kb_Airyscan_4y_09";2;"893.657856";2;3;3;"0.361121088958921";"0.70776912629884";"0.348026544651996";1;1;1;"1030.25213483146";"1063.21438202247";"23.4296629213483";"1027.5";"1064.87025316456";"21.0189873417722";"1025.70597546498";"1065.88603086664";"18.6038781163435"
"NPC_dA_rep1b_Probes_Zfp_10kb_Airyscan_4y_09";3;"133.495712";0;0;1;"NaN";"NaN";"NaN";NA;NA;NA;"NaN";"NaN";"NaN";"NaN";"NaN";"NaN";"NaN";"NaN";"NaN"
"NPC_dA_rep1b_Probes_Zfp_10kb_Airyscan_4y_09";4;"1549.829344";8;4;7;"0.570654850077174";"0.904396805038048";"0.563570377133939";5;1;3;"880.080611535789";"2432.21195274496";"31.8957609451008";"882.307176045431";"2433.28342798141";"27.8812596799174";"877.616954474097";"2421.21193092622";"26.2959183673469"
"NPC_dA_rep1b_Probes_Zfp_10kb_Airyscan_4y_09";4;"1549.829344";8;4;7;"1.30018836555851";"0.2387593568804";"0.678092721668372";6;4;6;"1127.83735099338";"2237.61059602649";"36.0487417218543";"1143.74432296047";"2232.50210260723";"44.0151387720774";"1131.1786011657";"2232.86636136553";"35.6490424646128"
"NPC_dA_rep1b_Probes_Zfp_10kb_Airyscan_4y_09";4;"1549.829344";8;4;7;"0.521784676062445";"0.406214775123593";"1.27463045601925";7;2;7;"1211.00718735026";"2325.50790608529";"37.1499760421658";"1201.82766439909";"2318.1746031746";"38.7692743764172";"1205.15281757402";"2327.58834765998";"34.85482330468"
"NPC_dA_rep1b_Probes_Zfp_10kb_Airyscan_4y_09";5;"929.544896";2;3;4;"0.478022372527473";"0.492302484853872";"0.202939956301439";2;1;1;"1490.78858625162";"1225.29701686122";"14.2866407263294";"1491.49824561404";"1230.20637958533";"11.1802232854864";"1493.95895281189";"1225.88493859082";"10.8930187459599"
"NPC_dA_rep1b_Probes_Zfp_10kb_Airyscan_4y_09";7;"1217.72448";3;1;11;"0.313447258344588";"0.668258905239106";"0.549051483695699";2;1;9;"1976.29534005038";"2059.75692695214";"39.8293450881612";"1970.73622163277";"2060.18420277041";"38.2561155319776";"1978.70379146919";"2057.69609004739";"35.1427725118483"
"NPC_dA_rep1b_Probes_Zfp_10kb_Airyscan_4y_09";8;"472.93232";1;3;3;"0.404236796401623";"0.257550425511442";"0.28509560973037";1;3;3;"1958.17710049423";"520.971993410214";"46.9695222405272";"1958.39848197343";"513.42789373814";"45.0493358633776";"1954";"518.433275563258";"45.7720970537262"
"NPC_dA_rep1b_Probes_Zfp_10kb_Airyscan_4y_09";9;"476.186816";1;1;3;"0.466461014650908";"0.663439278504053";"0.403019275154381";1;1;1;"2152.86913169921";"1277.64021603656";"23.3672621520565";"2146.06432936636";"1274.6973303313";"20.7954326149887";"2150.89201877934";"1266.38540332907";"19.9325650874947"
"NPC_dA_rep1b_Probes_Zfp_10kb_Airyscan_4y_09";11;"683.275936";1;3;3;"1.69985110443692";"1.87438666371652";"0.437376881924271";1;3;3;"2262.08641005499";"436.554202670856";"29.8079340141398";"2295.47945205479";"410.949058219178";"31.5034246575342";"2300.96200485044";"410.628940986257";"28.8019401778496"
"NPC_dA_rep1b_Probes_Zfp_10kb_Airyscan_4y_09";12;"354.710496";2;2;3;"1.3197944744106";"1.06882703676197";"0.346735264402173";1;1;1;"2286.11630744205";"2289.30622204148";"30.5433102887353";"2263.9304029304";"2297.32509157509";"23.952380952381";"2269.63985374771";"2291.15447897623";"24.5562157221207"
"NPC_dA_rep1b_Probes_Zfp_10kb_Airyscan_4y_09";12;"354.710496";2;2;3;"0.110603086822594";"1.05102380102976";"0.984679590570915";2;2;3;"2220.82414215686";"2375.80514705882";"32.281862745098";"2218.90511551155";"2376.86922442244";"31.8011551155116";"2222.37868970482";"2396.61123110151";"27.7185025197984"
"NPC_dA_rep1b_Probes_Zfp_10kb_Airyscan_4y_09";13;"64.267168";0;0;0;"NaN";"NaN";"NaN";NA;NA;NA;"NaN";"NaN";"NaN";"NaN";"NaN";"NaN";"NaN";"NaN";"NaN"
"NPC_dA_rep1b_Probes_Zfp_10kb_Airyscan_4y_09";14;"711.7208";2;2;3;"0.529204307113938";"1.0096806300902";"0.487604940200939";1;1;2;"2521.3268197362";"849.421104054714";"37.6609672691744";"2518.9967462039";"842.006507592191";"34.6019522776573";"2519.56164383562";"835.895457822639";"31.592645998558"
"NPC_dA_rep1b_Probes_Zfp_10kb_Airyscan_4y_09";14;"711.7208";2;2;3;"0.643066130156977";"0.885055336964128";"0.370592501870125";2;2;3;"2280.17344753747";"843.920235546038";"46.3228051391863";"2292.53959065536";"853.672731031631";"45.4002480876576";"2292.23185648274";"859.004892633868";"43.2372927425931"
"NPC_dA_rep1b_Probes_Zfp_10kb_Airyscan_4y_09";15;"157.59632";0;2;1;"NaN";"NaN";"NaN";NA;NA;NA;"NaN";"NaN";"NaN";"NaN";"NaN";"NaN";"NaN";"NaN";"NaN"
"NPC_dA_rep1b_Probes_Zfp_10kb_Airyscan_4y_09";16;"63.06048";0;0;0;"NaN";"NaN";"NaN";NA;NA;NA;"NaN";"NaN";"NaN";"NaN";"NaN";"NaN";"NaN";"NaN";"NaN"
"NPC_dA_rep1b_Probes_Zfp_10kb_Airyscan_4y_10";1;"1212.603616";4;3;8;"0.0646389647154416";"1.11143161148428";"1.06033205134408";2;2;4;"260.875037280048";"1285.40590515956";"18.3068893528184";"260.435858738304";"1286.83127075158";"18.1291880470872";"269.299800796813";"1305.97111553785";"13.5418326693227"
"NPC_dA_rep1b_Probes_Zfp_10kb_Airyscan_4y_10";1;"1212.603616";4;3;8;"0.334222566621138";"0.679672925718176";"0.746228951198485";4;3;7;"171.826318335752";"1322.1572327044";"49.1069182389937";"165.163254593176";"1322.3217847769";"47.6671916010499";"181.48125";"1324.84921875";"45.18671875"
"NPC_dA_rep1b_Probes_Zfp_10kb_Airyscan_4y_10";2;"474.777408";1;2;3;"6.31347568830341";"5.87431403384888";"0.59267167839724";1;2;3;"212.392444910808";"1909.04721930745";"11.2833158447009";"233.125852918878";"2047.44275966641";"32.1410159211524";"234.631138975967";"2041.43939393939";"28.294670846395"
"NPC_dA_rep1b_Probes_Zfp_10kb_Airyscan_4y_10";3;"452.295648";1;1;1;"0.353053007101071";"0.447653747895587";"0.405687407218188";1;1;1;"730.188799217413";"734.43335778919";"31.1895328931279";"724.184227129338";"735.694006309148";"29.3766561514196";"723.967488789238";"725.902466367713";"30.1294843049327"
"NPC_dA_rep1b_Probes_Zfp_10kb_Airyscan_4y_10";6;"404.092192";0;1;2;"NaN";"NaN";"NaN";NA;NA;NA;"NaN";"NaN";"NaN";"NaN";"NaN";"NaN";"NaN";"NaN";"NaN"
"NPC_dA_rep1b_Probes_Zfp_10kb_Airyscan_4y_10";7;"64.505056";0;0;0;"NaN";"NaN";"NaN";NA;NA;NA;"NaN";"NaN";"NaN";"NaN";"NaN";"NaN";"NaN";"NaN";"NaN"
"NPC_dA_rep1b_Probes_Zfp_10kb_Airyscan_4y_10";8;"880.182016";3;3;4;"0.528666786856429";"6.40188212171257";"6.09620161019643";3;2;3;"1892.95162147794";"1883.76448697501";"25.8314726209463";"1882.88755905512";"1889.39937007874";"23.9877165354331";"1774.91370558376";"1971.92588832487";"43.6964467005076"
"NPC_dA_rep1b_Probes_Zfp_10kb_Airyscan_4y_10";10;"365.82";1;1;1;"0.41940722709143";"0.221593840444409";"0.296566038752818";1;1;1;"2353.32211376641";"966.717940087513";"17.1332884550656";"2356.23788546255";"976.671806167401";"16.6945668135095";"2351.09772727273";"971.354545454545";"16.544696969697"
"NPC_dA_rep1b_Probes_Zfp_10kb_Airyscan_4y_10";11;"1180.814656";3;6;6;"0.509670622808281";"0.130696012832952";"0.50396032674953";2;2;2;"2356.1857370942";"2026.10431080362";"27.3267695582757";"2352.10422343324";"2038.14373297003";"27.5735694822888";"2356.90117860381";"2027.15639165911";"26.4669084315503"
"NPC_dA_rep1b_Probes_Zfp_10kb_Airyscan_4y_10";11;"1180.814656";3;6;6;"2.16172376167534";"0.201700671647742";"2.23064169386745";3;5;6;"2369.7603960396";"2526.47425742574";"48.9990099009901";"2356.01833180568";"2483.36434463795";"40.5554537121906";"2366.59165613148";"2530.20796460177";"48.6554993678888"
"NPC_dA_rep1b_Probes_Zfp_10kb_Airyscan_4y_10";14;"389.746784";2;2;2;"0.221553676542041";"0.210175987353569";"0.375435181801603";1;1;2;"2121.80094380094";"2023.5474045474";"27.4161304161304";"2118.52592196686";"2023.78727952966";"28.690539818279";"2126.99728813559";"2024.19050847458";"27.5416949152542"
"NPC_dA_rep1b_Probes_Zfp_10kb_Airyscan_4y_10";14;"389.746784";2;2;2;"0.409031066422079";"0.514822040705936";"0.578691196420513";2;2;1;"2123.64265536723";"2065.86370056497";"29.3651129943503";"2119.34141528052";"2058.94812517621";"31.1319424866084";"2118.37528538813";"2073.04452054795";"32.0199771689498"
"NPC_dA_rep1b_Probes_Zfp_10kb_Airyscan_4y_10";15;"490.416192";1;1;2;"5.06148202077496";"5.01330783882525";"2.962988904323";1;1;1;"1680.62295081967";"2415.54702329594";"48.9482312338223";"1649.25399129173";"2470.97133526851";"17.7075471698113";"1613.49987614565";"2506.09883576914";"33.2908100074313"
"NPC_dA_rep1b_Probes_Zfp_10kb_Airyscan_4y_11";1;"579.788384";4;3;3;"3.01741676822886";"2.85474287277725";"0.535202132602414";2;1;1;"797.328318108544";"190.803868887695";"8.052122514777";"728.865721745617";"159.139873181649";"7.80193957478553";"736.33296521259";"155.539480949752";"4.80121479845389"
"NPC_dA_rep1b_Probes_Zfp_10kb_Airyscan_4y_11";3;"445.794496";1;3;2;"0.759621394564738";"0.504425418299752";"0.97780934855806";1;3;2;"893.637990364763";"2250.47419132829";"46.2456985547144";"894.427252584934";"2243.44387001477";"51.2810192023634";"905.651803810296";"2254.07661126875";"45.8710985002027"
"NPC_dA_rep1b_Probes_Zfp_10kb_Airyscan_4y_11";4;"5998.712608";14;15;21;"0.602475543898814";"1.03381886497912";"0.472893053887501";5;2;3;"1489.10038240918";"1652.76099426386";"22.1912045889101";"1483.74839629366";"1643.73200285103";"19.1047754811119";"1486.06533575318";"1636.66878402904";"16.478221415608"
"NPC_dA_rep1b_Probes_Zfp_10kb_Airyscan_4y_11";4;"5998.712608";14;15;21;"3.10750456043893";"3.05383013471587";"2.2614585423271";6;8;6;"1098.8";"1993.14700854701";"24.865811965812";"1122.66466380544";"1924.07067238913";"32.3942775393419";"1129.55380397533";"1924.99520219328";"29.2755311857437"
"NPC_dA_rep1b_Probes_Zfp_10kb_Airyscan_4y_11";4;"5998.712608";14;15;21;"2.61470612580591";"0.549189163517699";"0.517633999131686";8;7;8;"1175.07490636704";"1319.51123595506";"37.9157303370786";"1218.4540942928";"1294.79652605459";"25.8602150537634";"1175.60712234348";"1318.16082711086";"34.014933946008"
"NPC_dA_rep1b_Probes_Zfp_10kb_Airyscan_4y_11";4;"5998.712608";14;15;21;"0.449423708218418";"0.569428992181162";"0.408989169868043";9;12;11;"1089.74046372476";"952.109199700823";"40.8182498130142";"1083.32242990654";"960.885981308411";"40.0093457943925";"1087.87694625816";"959.68658965344";"37.4163736815671"
"NPC_dA_rep1b_Probes_Zfp_10kb_Airyscan_4y_11";4;"5998.712608";14;15;21;"0.576703803807926";"0.433181423169593";"0.337404315805221";10;13;13;"1101.288";"1634.90685714286";"43.168";"1088.51690821256";"1631.56383712905";"41.512077294686";"1095.95159515952";"1633.44334433443";"40.5082508250825"
"NPC_dA_rep1b_Probes_Zfp_10kb_Airyscan_4y_11";4;"5998.712608";14;15;21;"0.576154640101943";"2.49880653406692";"2.94573873225616";13;14;21;"1298.41969758888";"1738.62566407846";"47.5378013894565";"1294.61100196464";"1732.48035363458";"43.9783889980354";"1349.02340425532";"1766.89219858156";"54.1943262411348"
"NPC_dA_rep1b_Probes_Zfp_10kb_Airyscan_4y_11";4;"5998.712608";14;15;21;"0.423196170431396";"0.489200662700087";"0.474915487095449";14;15;18;"1024.79722830051";"1490.81327498177";"48.6921954777535";"1032.92156003506";"1497.20946538124";"48.0521472392638";"1023.7806587246";"1498.10791871058";"45.9025928521374"
"NPC_dA_rep1b_Probes_Zfp_10kb_Airyscan_4y_11";5;"1040.170208";4;3;4;"3.71420144292529";"6.23072037695584";"4.61714850156424";2;1;4;"989.396128071482";"255.585256887565";"15.0975428145942";"1048.67588750576";"320.59428307976";"23.5818349469802";"1038.62490842491";"296.251282051282";"55.6915750915751"
"NPC_dA_rep1b_Probes_Zfp_10kb_Airyscan_4y_11";5;"1040.170208";4;3;4;"0.385978483130728";"0.306064554404191";"0.573969138442133";3;2;1;"1280.88993963783";"330.637022132797";"33.027967806841";"1285.03717672414";"322.087823275862";"33.5080818965517";"1276.26537013802";"330.368883312422";"31.2879548306148"
"NPC_dA_rep1b_Probes_Zfp_10kb_Airyscan_4y_11";5;"1040.170208";4;3;4;"0.471295078967459";"0.693415533742231";"0.469327326997013";4;3;3;"1355.498";"431.76";"43.9635";"1363.09203260584";"431.612674204575";"41.3899552984486";"1355.01298701299";"433.943919716647";"39.0519480519481"
"NPC_dA_rep1b_Probes_Zfp_10kb_Airyscan_4y_11";6;"1912.56688";5;2;6;"0.290853307167482";"4.84176213614861";"4.80744820617706";1;1;1;"1609.94377811094";"1430.30434782609";"12.9917541229385";"1603.88744075829";"1431.97274881517";"11.9454976303318";"1540.60921843687";"1338.36706746827";"23.6513026052104"
"NPC_dA_rep1b_Probes_Zfp_10kb_Airyscan_4y_11";6;"1912.56688";5;2;6;"0.389199983333462";"0.986561074209654";"0.766329047352409";5;2;3;"1632.95094031071";"1142.9100572363";"31.125102207686";"1640.75466954023";"1142.26652298851";"29.4748563218391";"1636.27633587786";"1140.39541984733";"24.1796437659033"
"NPC_dA_rep1b_Probes_Zfp_10kb_Airyscan_4y_11";7;"512.003296";2;2;1;"0.261954801061991";"0.302170311308386";"0.334927338164961";2;2;1;"1771.21235752849";"2305.56808638272";"24.7864427114577";"1768.14782982381";"2311.14825956167";"25.2251826385905";"1770.40280561122";"2309.5501002004";"22.9669338677355"
"NPC_dA_rep1b_Probes_Zfp_10kb_Airyscan_4y_11";8;"2387.554176";6;11;9;"2.47597984092627";"2.17405344876983";"0.629140666079994";1;9;4;"2140.45628140704";"2027.41809045226";"24.4552763819095";"2182.07902735562";"2036.97872340426";"37.257345491388";"2185.35465768799";"2035.76169098391";"32.8757949869061"
"NPC_dA_rep1b_Probes_Zfp_10kb_Airyscan_4y_11";9;"449.181152";2;2;4;"0.407743069032477";"0.723072158480205";"0.433664908739094";1;2;3;"2068.27460815047";"2506.3329153605";"20.5040752351097";"2078.2015503876";"2505.19607843137";"19.9274965800274";"2081.40422010757";"2505.22631361192";"16.9681423251965"
"NPC_dA_rep1b_Probes_Zfp_10kb_Airyscan_4y_11";10;"483.749728";2;1;3;"0.509786623007137";"0.562499814222727";"0.102272822344616";1;1;2;"1980.78472222222";"1528.34217171717";"28.0896464646465";"1985.96453900709";"1532.06060606061";"24.9368149580916";"1985.59943681802";"1530.50862372404";"24.3657162970785"
"NPC_dA_rep1b_Probes_Zfp_10kb_Airyscan_4y_11";11;"2281.958784";3;11;7;"0.493835981018875";"2.18723749333956";"2.56762018234435";1;1;3;"2497.36212249506";"2439.88512559977";"11.2190234264747";"2501.26984126984";"2443.081232493";"8";"2451.73604960142";"2446.39858281665";"19.6262178919398"
"NPC_dA_rep1b_Probes_Zfp_10kb_Airyscan_4y_11";11;"2281.958784";3;11;7;"0.893916963009861";"0.870156205644601";"0.743142312164867";2;4;4;"2325.85530890612";"2478.76571275742";"23.3533030221984";"2342.24685327823";"2492.98027428142";"21.8228442607552";"2336.08102345416";"2481.90831556503";"17.9413646055437"
"NPC_dA_rep1b_Probes_Zfp_10kb_Airyscan_4y_11";11;"2281.958784";3;11;7;"0.255102338410138";"0.377084680275431";"0.155151885905319";3;8;7;"2322.69869628199";"2664.62337035249";"34.7817479478513";"2324.13152400835";"2664.34655532359";"33.0079331941545";"2325.41112828439";"2661.4544049459";"32.3663060278207"
"NPC_dA_rep1b_Probes_Zfp_10kb_Airyscan_4y_11";12;"81.544512";0;0;1;"NaN";"NaN";"NaN";NA;NA;NA;"NaN";"NaN";"NaN";"NaN";"NaN";"NaN";"NaN";"NaN";"NaN"
"NPC_dA_rep1b_Probes_Zfp_10kb_Airyscan_4y_11";13;"62.084288";0;0;0;"NaN";"NaN";"NaN";NA;NA;NA;"NaN";"NaN";"NaN";"NaN";"NaN";"NaN";"NaN";"NaN";"NaN"
"NPC_dA_rep1b_Probes_Zfp_10kb_Airyscan_4y_11";14;"61.520256";0;0;0;"NaN";"NaN";"NaN";NA;NA;NA;"NaN";"NaN";"NaN";"NaN";"NaN";"NaN";"NaN";"NaN";"NaN"
"NPC_dA_rep1b_Probes_Zfp_10kb_Airyscan_4y_12";1;"529.067392";4;4;2;"0.674148556483477";"0.787663919992037";"0.180197008668864";4;2;1;"516.628525382756";"1684.59790491539";"26.8001611603546";"522.906742281033";"1675.30623818526";"23.2054190296156";"521.427175843694";"1675.56838365897";"21.9920071047957"
"NPC_dA_rep1b_Probes_Zfp_10kb_Airyscan_4y_12";3;"414.523424";1;2;1;"3.03425340991989";"2.9583523163044";"0.202060232720607";1;2;1;"639.012458471761";"745.782392026578";"13.2574750830565";"708.501400560224";"769.526610644258";"18.6911764705882";"707.882802547771";"768.784713375796";"17.2745222929936"
"NPC_dA_rep1b_Probes_Zfp_10kb_Airyscan_4y_12";5;"56.345184";0;0;0;"NaN";"NaN";"NaN";NA;NA;NA;"NaN";"NaN";"NaN";"NaN";"NaN";"NaN";"NaN";"NaN";"NaN"
"NPC_dA_rep1b_Probes_Zfp_10kb_Airyscan_4y_12";6;"444.826144";1;2;2;"1.21157205318567";"1.66981590298743";"0.616570389784895";1;1;1;"1151.13485280152";"805.785849952517";"19.1006647673314";"1145.68220510742";"782.461694365626";"13.803810295906";"1138.26122291022";"782.33746130031";"9.94388544891641"
"NPC_dA_rep1b_Probes_Zfp_10kb_Airyscan_4y_12";7;"366.73952";1;3;5;"0.0709056942647131";"0.211388673403516";"0.142466401222693";1;3;5;"1213.22466960352";"2540.56417033774";"45.9961820851689";"1212.98110749186";"2541.132247557";"45.5214983713355";"1212.81073446328";"2541.3196125908";"44.5064568200161"
"NPC_dA_rep1b_Probes_Zfp_10kb_Airyscan_4y_12";8;"177.820384";1;1;1;"1.15778617941595";"1.78415308854667";"0.985170426061547";1;1;1;"1575.92943305187";"1926.84680337756";"16.6749095295537";"1558.06764027671";"1909.36126056879";"12.5049961568025";"1554.21589277166";"1887.99760651029";"15.8291048348492"
"NPC_dA_rep1b_Probes_Zfp_10kb_Airyscan_4y_12";9;"1005.199776";1;2;4;"0.524618375329884";"0.674284902327533";"0.574203077237613";1;1;2;"1897.15259636827";"173.324944249761";"24.8884995221408";"1899.30595950955";"186.173652694611";"24.4562303963502";"1899.00564971751";"180.993094789705";"20.6321406151915"
"NPC_dA_rep1b_Probes_Zfp_10kb_Airyscan_4y_12";10;"328.558496";1;1;1;"0.366207273362055";"3.52925560993946";"3.56944048545104";1;1;1;"1921.67932011331";"2766.1059490085";"25.1031161473088";"1912.77432059866";"2766.9208349744";"25.6640409610083";"1932.86368633199";"2697.98424331257";"40.8021253206303"
"NPC_dA_rep1b_Probes_Zfp_10kb_Airyscan_4y_12";11;"341.78928";1;1;1;"0.316998410196918";"8.53051001941322";"8.41121527425264";1;1;1;"2047.07073170732";"941.003414634146";"19.6921951219512";"2047.48360655738";"933.10143442623";"19.5665983606557";"1876.87008343266";"843.550059594756";"43.6233611442193"
"NPC_dA_rep1b_Probes_Zfp_10kb_Airyscan_4y_12";12;"557.63568";4;2;3;"0.148308669757676";"0.396114001215001";"0.460217651237686";3;1;2;"2051.18904403867";"585.957035445757";"42.9124597207304";"2051.63474387528";"589.359317000742";"42.511135857461";"2048.96114649682";"580.070700636943";"40.728025477707"
"NPC_dA_rep1b_Probes_Zfp_10kb_Airyscan_4y_12";12;"557.63568";4;2;3;"0.284232311182028";"0.630117845605638";"0.856501906249866";4;2;3;"2017.47546346783";"553.972737186478";"49.8549618320611";"2017.38767123288";"561.059589041096";"49.708904109589";"2010.4152441445";"542.065105200476";"47.7070265978563"
"NPC_dA_rep1b_Probes_Zfp_10kb_Airyscan_4y_12";13;"445.849824";1;1;2;"3.43929549512794";"3.65579347464708";"0.452998976211421";1;1;1;"2677.47963800905";"827.192760180995";"13.3963800904977";"2598.93514460999";"852.37949167397";"20.3326029798422";"2593.87917737789";"859.788688946015";"18.3573264781491"
"NPC_dA_rep1b_Probes_Zfp_10kb_Airyscan_4y_12";14;"538.20816";1;2;1;"0.205677447459353";"0.552861926176485";"0.638439449188704";1;1;1;"2069.32821856287";"1603.86938622754";"11.9891467065868";"2064.84263114072";"1601.98001665279";"11.5154038301415";"2068.42900997698";"1617.53108211819";"11.4481964696853"
"NPC_dA_rep1b_Probes_Zfp_10kb_Airyscan_4y_12";15;"744.515968";4;4;4;"0.713296216871343";"0.690946435965859";"1.02614057375703";1;1;1;"1966.76119402985";"1965.14208955224";"27.6728358208955";"1971.25984251968";"1981.93342877595";"26.5368647100931";"1975.5782078473";"1958.40296924708";"23.8907741251326"
"NPC_dA_rep1b_Probes_Zfp_10kb_Airyscan_4y_12";15;"744.515968";4;4;4;"0.723696904072901";"0.596483930333609";"0.906261520360329";3;4;3;"1940.54526642525";"1905.59855147439";"45.2265907915158";"1956.23655579733";"1914.46005595275";"45.6866645943426";"1940.32832369942";"1910.58901734104";"41.2121387283237"
"NPC_dA_rep1b_Probes_Zfp_10kb_Airyscan_4y_12";16;"389.302368";1;1;1;"5.13307236124017";"0.780308587328328";"4.95432715002065";1;1;1;"1958.96070234114";"2202.79515050167";"50.5066889632107";"1910.71558120363";"2130.81450948063";"23.4633140972795";"1941.14272768464";"2209.61576801087";"49.3443588581785"
"NPC_dA_rep1b_Probes_Zfp_10kb_Airyscan_4y_12";17;"62.463744";1;1;0;"NaN";"NaN";"NaN";NA;NA;NA;"NaN";"NaN";"NaN";"NaN";"NaN";"NaN";"NaN";"NaN";"NaN"
