"image_ID";"DAPI_ID";"DAPI_volume";"nFC1";"nFC2";"nFC3";"MNN_D_FC1FC2";"MNN_D_FC1FC3";"MNN_D_FC2FC3";"ID_FC1";"ID_FC2";"ID_FC3";"xFC1";"yFC1";"zFC1";"xFC2";"yFC2";"zFC2";"xFC3";"yFC3";"zFC3"
"NPC_dA_rep4a_new_Zfp_10kb_Airyscan_4y_01";1;"82.639648";1;0;2;"NaN";"NaN";"NaN";NA;NA;NA;"NaN";"NaN";"NaN";"NaN";"NaN";"NaN";"NaN";"NaN";"NaN"
"NPC_dA_rep4a_new_Zfp_10kb_Airyscan_4y_01";2;"89.175072";1;0;0;"NaN";"NaN";"NaN";NA;NA;NA;"NaN";"NaN";"NaN";"NaN";"NaN";"NaN";"NaN";"NaN";"NaN"
"NPC_dA_rep4a_new_Zfp_10kb_Airyscan_4y_01";3;"200.865056";1;0;0;"NaN";"NaN";"NaN";NA;NA;NA;"NaN";"NaN";"NaN";"NaN";"NaN";"NaN";"NaN";"NaN";"NaN"
"NPC_dA_rep4a_new_Zfp_10kb_Airyscan_4y_01";4;"483.653184";4;5;3;"0.559927568563862";"0.947366445502303";"0.42021504342732";1;2;1;"271.304711246201";"2718.9414893617";"16.1968085106383";"282.920523138833";"2722.1509054326";"14.1619718309859";"289.739726027397";"2729.32448630137";"13.1558219178082"
"NPC_dA_rep4a_new_Zfp_10kb_Airyscan_4y_01";4;"483.653184";4;5;3;"0.736310619258172";"0.546650446393534";"0.822177748117749";2;3;2;"314.261311172669";"2684.70360110803";"19.056325023084";"330.847587049481";"2681.58155161881";"21.1557727550397";"321.49263803681";"2680.85705521472";"15.9306748466258"
"NPC_dA_rep4a_new_Zfp_10kb_Airyscan_4y_01";6;"3106.287296";14;16;6;"0.732308536745946";"0.640917615514151";"0.43501316774338";4;8;3;"720.406201550388";"406.380361757106";"15.3111111111111";"726.200249272954";"389.419194017449";"14.2451184046531";"725.944707740916";"396.872037914692";"11.9834123222749"
"NPC_dA_rep4a_new_Zfp_10kb_Airyscan_4y_01";6;"3106.287296";14;16;6;"0.507817741315941";"0.487179582898207";"0.474593988578556";9;13;4;"746.165066026411";"1059.3037214886";"26.8145258103241";"738.399330730619";"1069.34690462911";"26.8276631344116";"750.168084382443";"1070.80129295679";"26.7148690030623"
"NPC_dA_rep4a_new_Zfp_10kb_Airyscan_4y_01";6;"3106.287296";14;16;6;"0.63998862707181";"0.582464364918943";"0.321697983008395";13;15;5;"526.968553459119";"750.304682040531";"37.1271837875611";"539.208645533141";"754.507204610951";"34.4391930835735";"533.42981186686";"749.453690303907";"33.4066570188133"
"NPC_dA_rep4a_new_Zfp_10kb_Airyscan_4y_01";6;"3106.287296";14;16;6;"0.403615117731922";"0.682438639984729";"0.339394818524189";14;14;6;"758.557014512785";"817.087076710435";"36.6413268832066";"756.07779886148";"819.199873497786";"33.9127134724858";"751.050614605929";"823.882140274765";"32.7180043383948"
"NPC_dA_rep4a_new_Zfp_10kb_Airyscan_4y_01";7;"801.60976";2;6;6;"0.670775368141154";"1.43332615302624";"1.0334075826682";2;5;5;"716.970220941403";"2593.03073967339";"17.8165225744476";"721.503382949932";"2608.72214704556";"16.7307171853857";"746.914777878513";"2611.09519492294";"15.58476881233"
"NPC_dA_rep4a_new_Zfp_10kb_Airyscan_4y_01";8;"256.599168";1;1;1;"2.17643882770293";"2.89994201020588";"1.57900877931598";1;1;1;"1018.33762057878";"2008.80171489818";"11.5380493033226";"1045.29862700229";"1963.29118993135";"7.89645308924485";"1065.25081081081";"1957.60648648649";"17.4918918918919"
"NPC_dA_rep4a_new_Zfp_10kb_Airyscan_4y_01";9;"481.011104";4;2;2;"0.76393956462479";"1.39622051609578";"0.918231162770876";2;1;1;"879.77578051088";"394.820245979186";"11.647114474929";"896.594642857143";"401.498214285714";"9.90255102040816";"895.977556109726";"424.149127182045";"8.85187032418953"
"NPC_dA_rep4a_new_Zfp_10kb_Airyscan_4y_01";9;"481.011104";4;2;2;"0.530349677967316";"0.487051463467357";"0.473758294218113";4;2;2;"1125.31054131054";"304.842490842491";"17.0944240944241";"1138.43609865471";"306.666199551569";"17.2183295964126";"1133.0405027933";"301.702979515829";"14.56052141527"
"NPC_dA_rep4a_new_Zfp_10kb_Airyscan_4y_01";10;"4156.249216";17;18;11;"4.35234019776018";"3.54912150633665";"0.0540804623634617";1;16;9;"1307.97969762419";"1550.41684665227";"6.98012958963283";"1266.4917190177";"1598.81953169617";"32.1736150770988";"1315.62714285714";"1603.08857142857";"27.2635714285714"
"NPC_dA_rep4a_new_Zfp_10kb_Airyscan_4y_01";10;"4156.249216";17;18;11;"0.323445247484778";"0.741495781542791";"0.289426868145413";3;4;2;"1634.38821067318";"1967.32298569934";"10.6609696546913";"1635.56976292266";"1974.80334240187";"9.85114652157015";"1648.96893203883";"1967.80097087379";"7.39320388349515"
"NPC_dA_rep4a_new_Zfp_10kb_Airyscan_4y_01";10;"4156.249216";17;18;11;"0.422508983498527";"0.3925215770901";"0.695792031766939";4;2;3;"980.701882845188";"1696.60355648536";"10.3682008368201";"986.723239046034";"1688.66555740433";"9.36605657237937";"986.994867408041";"1689.9871685201";"9.34131736526946"
"NPC_dA_rep4a_new_Zfp_10kb_Airyscan_4y_01";10;"4156.249216";17;18;11;"0.338142203487239";"0.541610375524624";"0.798439219901796";5;3;1;"1251.21495327103";"1922.73624091381";"11.1391484942887";"1248.7324088341";"1926.24293785311";"9.05906522855675";"1244.44827586207";"1922.46876561719";"7.78910544727636"
"NPC_dA_rep4a_new_Zfp_10kb_Airyscan_4y_01";10;"4156.249216";17;18;11;"1.39758868773824";"0.893121976636505";"2.08915066066228";12;15;7;"2007.83861834655";"2168.80690826727";"25.2061155152888";"1988.88954468803";"2139.93086003373";"26.7150084317032";"2001.38662533215";"2148.79517271922";"23.0595659875996"
"NPC_dA_rep4a_new_Zfp_10kb_Airyscan_4y_01";10;"4156.249216";17;18;11;"0.482098584533526";"0.424989595223433";"0.336046871674994";17;18;10;"1551.16518591642";"1817.18690358671";"35.5584073708457";"1541.41857841294";"1822.30688228657";"34.1572019556224";"1546.66773418735";"1817.73738991193";"32.8126501200961"
"NPC_dA_rep4a_new_Zfp_10kb_Airyscan_4y_01";11;"391.491968";2;1;2;"0.234319778961278";"0.481010086350211";"0.264050790137526";1;1;1;"1214.35891209325";"1049.84312773191";"12.3389995143273";"1215.12352684417";"1053.7656045395";"11.1152335224793";"1212.80410958904";"1056.91506849315";"9.5958904109589"
"NPC_dA_rep4a_new_Zfp_10kb_Airyscan_4y_01";12;"385.699776";1;0;1;"NaN";"NaN";"NaN";NA;NA;NA;"NaN";"NaN";"NaN";"NaN";"NaN";"NaN";"NaN";"NaN";"NaN"
"NPC_dA_rep4a_new_Zfp_10kb_Airyscan_4y_01";13;"380.41472";1;2;1;"0.236484671677468";"0.398886670907078";"0.383794936878858";1;2;1;"1884.19658659924";"391.893173198483";"14.9936788874842";"1885.45264986968";"397.166811468288";"14.3197219808862";"1887.55663117135";"390.929332042594";"12.325266214908"
"NPC_dA_rep4a_new_Zfp_10kb_Airyscan_4y_01";15;"258.21264";1;0;0;"NaN";"NaN";"NaN";NA;NA;NA;"NaN";"NaN";"NaN";"NaN";"NaN";"NaN";"NaN";"NaN";"NaN"
"NPC_dA_rep4a_new_Zfp_10kb_Airyscan_4y_01";16;"193.049024";2;2;2;"0.896314922338016";"1.0158889649905";"0.551258287465524";2;2;2;"2842.17555831266";"2475.26550868486";"12.1408188585608";"2857.10368438213";"2480.32279100098";"16.691555265732";"2860.32146064053";"2491.12990122718";"14.427716252619"
"NPC_dA_rep4a_new_Zfp_10kb_Airyscan_4y_01";17;"85.912512";1;1;1;"0.385528082455282";"0.290236034872974";"0.315107604165875";1;1;1;"2881.28024911032";"635.885231316726";"11.8985765124555";"2884.16519174041";"644.733775811209";"12.6143067846608";"2878.15623023403";"640.235294117647";"13.2972802024035"
"NPC_dA_rep4a_new_Zfp_10kb_Airyscan_4y_01";18;"162.022336";1;0;0;"NaN";"NaN";"NaN";NA;NA;NA;"NaN";"NaN";"NaN";"NaN";"NaN";"NaN";"NaN";"NaN";"NaN"
"NPC_dA_rep4a_new_Zfp_10kb_Airyscan_4y_02";1;"333.821824";2;1;2;"0.184399113039266";"0.745591757028726";"0.663375293782704";1;1;1;"104.101536406146";"2399.05544422178";"17.6773547094188";"105.139720558882";"2403.54690618762";"17.685628742515";"115.662261380323";"2406.88839941263";"14.1497797356828"
"NPC_dA_rep4a_new_Zfp_10kb_Airyscan_4y_02";2;"1736.78736";3;3;5;"0.381321366191899";"0.836678870539212";"0.56395352665571";1;1;1;"607.742114236999";"923.072037510656";"9.75106564364876";"601.162523900574";"921.216061185468";"7.8527724665392";"604.329833770779";"917.439195100612";"4.07874015748031"
"NPC_dA_rep4a_new_Zfp_10kb_Airyscan_4y_02";3;"2263.419424";6;10;6;"0.569164684716666";"0.795553448841573";"0.438678018751406";2;2;1;"670.649732620321";"2482.35888294712";"13.9714795008913";"670.411395713539";"2491.20909566127";"10.7888133821223";"668.594671495085";"2484.54888773927";"8.35411277806518"
"NPC_dA_rep4a_new_Zfp_10kb_Airyscan_4y_02";3;"2263.419424";6;10;6;"0.434070670517269";"0.551982744927939";"0.472739664541318";4;3;3;"849.692494600432";"2817.0161987041";"17.4808315334773";"852.783257624919";"2821.77352368592";"14.8377676833225";"855.567796610169";"2810.36334745763";"14.4618644067797"
"NPC_dA_rep4a_new_Zfp_10kb_Airyscan_4y_02";4;"343.543424";2;0;2;"NaN";"NaN";"NaN";NA;NA;NA;"NaN";"NaN";"NaN";"NaN";"NaN";"NaN";"NaN";"NaN";"NaN"
"NPC_dA_rep4a_new_Zfp_10kb_Airyscan_4y_02";5;"325.842496";3;2;1;"3.74416491399334";"3.64687669660767";"0.412252024157144";1;1;1;"486.219466666667";"2048.804";"5.54106666666667";"558.741282339707";"1990.21934758155";"7.93419572553431";"557.690946930281";"1992.22372528616";"5.06139438085328"
"NPC_dA_rep4a_new_Zfp_10kb_Airyscan_4y_02";6;"607.189632";4;3;0;"NaN";"NaN";"NaN";NA;NA;NA;"NaN";"NaN";"NaN";"NaN";"NaN";"NaN";"NaN";"NaN";"NaN"
"NPC_dA_rep4a_new_Zfp_10kb_Airyscan_4y_02";7;"276.131072";1;2;1;"0.275433919070871";"3.36410129125077";"3.6053291284372";1;1;1;"991.104058721934";"556.620034542314";"18.8113126079447";"989.362701908957";"556.24375917768";"16.910915320607";"976.132520325203";"537.178861788618";"41.7951219512195"
"NPC_dA_rep4a_new_Zfp_10kb_Airyscan_4y_02";8;"704.307296";3;3;2;"1.17041113130888";"0.788961478684762";"0.402934639631928";1;1;1;"1177.01249421564";"1740.35446552522";"5.2211938917168";"1186.2207697894";"1765.58533042847";"8.53812636165577";"1183.33742331288";"1758.26319018405";"6.74141104294478"
"NPC_dA_rep4a_new_Zfp_10kb_Airyscan_4y_02";8;"704.307296";3;3;2;"0.336789453852504";"0.740953440634783";"0.613948336761208";2;2;2;"1195.77114661654";"1693.36419172932";"26.1813909774436";"1202.96465696466";"1691.9922037422";"24.9942827442827";"1199.21877384889";"1698.90791147291";"21.2284406003561"
"NPC_dA_rep4a_new_Zfp_10kb_Airyscan_4y_02";9;"399.138432";1;1;1;"0.523623417157732";"0.913335174608928";"0.620388764207472";1;1;1;"1359.82664822499";"2286.49008759797";"19.7680958967266";"1363.19349503859";"2274.42888643881";"18.6780595369349";"1350.91895261845";"2268.90191188695";"16.477140482128"
"NPC_dA_rep4a_new_Zfp_10kb_Airyscan_4y_02";10;"340.520992";2;1;0;"NaN";"NaN";"NaN";NA;NA;NA;"NaN";"NaN";"NaN";"NaN";"NaN";"NaN";"NaN";"NaN";"NaN"
"NPC_dA_rep4a_new_Zfp_10kb_Airyscan_4y_02";11;"659.288448";2;1;3;"0.69943736271179";"0.652768465862885";"0.519092285355969";2;1;3;"1530.35854503464";"2428.16801385681";"35.1709006928406";"1545.76403326403";"2423.06548856549";"37.031185031185";"1542.2276674938";"2418.12406947891";"33.7549627791563"
"NPC_dA_rep4a_new_Zfp_10kb_Airyscan_4y_02";12;"457.648128";3;4;3;"0.481369540915583";"0.790584429926574";"0.651323358099384";1;2;1;"1677.95091575092";"1453.61025641026";"23.8542124542125";"1679.76768968457";"1464.54475703325";"22.5153452685422";"1667.79483430799";"1461.1503411306";"19.5151072124756"
"NPC_dA_rep4a_new_Zfp_10kb_Airyscan_4y_02";12;"457.648128";3;4;3;"0.554105520586414";"0.756525365424373";"0.391639769732652";3;3;3;"1678.2790368272";"1526.95963172805";"28.5304532577904";"1671.76430976431";"1537.24074074074";"26.6405723905724";"1676.10626911315";"1537.75764525994";"24.1376146788991"
"NPC_dA_rep4a_new_Zfp_10kb_Airyscan_4y_02";13;"438.473952";2;3;1;"0.328604308886835";"0.333112372011046";"0.632267185467437";2;3;1;"1968.31986754967";"241.414569536424";"19.5364238410596";"1971.512763596";"237.5867554569";"21.402145763966";"1967.44149098686";"241.317140238313";"17.1704857928506"
"NPC_dA_rep4a_new_Zfp_10kb_Airyscan_4y_02";14;"290.163328";1;1;1;"4.28080395974969";"5.12808266222378";"0.864443751841164";1;1;1;"1980.35500575374";"1926.99539700806";"41.6962025316456";"1920.93193338161";"1944.33743664012";"16.7530774800869";"1907.22638788753";"1951.45133381399";"12.4333093006489"
"NPC_dA_rep4a_new_Zfp_10kb_Airyscan_4y_02";15;"475.055616";2;2;2;"0.494046057510783";"0.69982672291627";"0.361405665763388";1;1;1;"1951.46889726673";"519.816211121583";"26.3463713477851";"1940.62516005122";"524.483994878361";"27.3834827144686";"1937.58333333333";"530.094328703704";"25.5561342592593"
"NPC_dA_rep4a_new_Zfp_10kb_Airyscan_4y_02";15;"475.055616";2;2;2;"0.325003019312831";"0.32670701839636";"0.457810013770815";2;2;2;"1946.15850722311";"669.636035313002";"29.2243178170144";"1950.80449090205";"670.403406891212";"31.116144018583";"1952.57845796203";"671.691592406044";"27.9066253390159"
"NPC_dA_rep4a_new_Zfp_10kb_Airyscan_4y_02";16;"200.032448";0;0;0;"NaN";"NaN";"NaN";NA;NA;NA;"NaN";"NaN";"NaN";"NaN";"NaN";"NaN";"NaN";"NaN";"NaN"
"NPC_dA_rep4a_new_Zfp_10kb_Airyscan_4y_02";17;"345.539936";0;1;1;"NaN";"NaN";"NaN";NA;NA;NA;"NaN";"NaN";"NaN";"NaN";"NaN";"NaN";"NaN";"NaN";"NaN"
"NPC_dA_rep4a_new_Zfp_10kb_Airyscan_4y_02";18;"53.033568";0;0;1;"NaN";"NaN";"NaN";NA;NA;NA;"NaN";"NaN";"NaN";"NaN";"NaN";"NaN";"NaN";"NaN";"NaN"
"NPC_dA_rep4a_new_Zfp_10kb_Airyscan_4y_02";19;"140.480928";1;1;1;"0.996253550492739";"0.306606506747727";"1.21710907566804";1;1;1;"2271.12459807074";"1668.78135048232";"37.9799035369775";"2274.6305764411";"1687.52130325815";"42.5588972431078";"2275.29452449568";"1666.5878962536";"36.2524495677233"
"NPC_dA_rep4a_new_Zfp_10kb_Airyscan_4y_02";20;"186.085312";1;1;0;"NaN";"NaN";"NaN";NA;NA;NA;"NaN";"NaN";"NaN";"NaN";"NaN";"NaN";"NaN";"NaN";"NaN"
"NPC_dA_rep4a_new_Zfp_10kb_Airyscan_4y_02";21;"88.43744";1;0;0;"NaN";"NaN";"NaN";NA;NA;NA;"NaN";"NaN";"NaN";"NaN";"NaN";"NaN";"NaN";"NaN";"NaN"
"NPC_dA_rep4a_new_Zfp_10kb_Airyscan_4y_02";22;"77.950656";1;2;0;"NaN";"NaN";"NaN";NA;NA;NA;"NaN";"NaN";"NaN";"NaN";"NaN";"NaN";"NaN";"NaN";"NaN"
"NPC_dA_rep4a_new_Zfp_10kb_Airyscan_4y_03";1;"72.088128";0;0;0;"NaN";"NaN";"NaN";NA;NA;NA;"NaN";"NaN";"NaN";"NaN";"NaN";"NaN";"NaN";"NaN";"NaN"
"NPC_dA_rep4a_new_Zfp_10kb_Airyscan_4y_03";2;"1115.093056";3;3;3;"0.563807463550404";"0.699501124100025";"0.88324432307729";2;1;2;"163.046844502277";"1337.59466493169";"15.4014313597918";"170.2144";"1344.254";"12.5024";"156.100591715976";"1327.42455621302";"11.8542899408284"
"NPC_dA_rep4a_new_Zfp_10kb_Airyscan_4y_03";3;"1922.484704";13;7;4;"0.474847024429799";"0.914147137587629";"0.652299146537665";2;2;1;"431.775605214153";"201.90782122905";"10.7160148975791";"439.929084810733";"210.489698131289";"10.4609487302348";"454.341258048539";"203.266468548787";"9.75829618623081"
"NPC_dA_rep4a_new_Zfp_10kb_Airyscan_4y_03";3;"1922.484704";13;7;4;"0.591245651102717";"0.668837331247908";"0.304480175151511";10;5;2;"449.62890385793";"479.636252296387";"33.7042253521127";"443.460490463215";"476.562216167121";"29.9682107175295";"450.301291248207";"475.111908177905";"29.1090387374462"
"NPC_dA_rep4a_new_Zfp_10kb_Airyscan_4y_03";3;"1922.484704";13;7;4;"0.684307931320913";"0.933179151199262";"0.31923792689972";11;6;4;"664.70157987127";"224.679344645992";"38.2516091281451";"671.560577526679";"227.193973634652";"33.8317639673572";"673.70984020185";"233.720773759462";"32.6719932716569"
"NPC_dA_rep4a_new_Zfp_10kb_Airyscan_4y_03";4;"737.421888";3;2;3;"0.359843747298498";"0.663315193707539";"0.839945962477918";1;1;2;"534.179392824287";"2484.16191352346";"9.4655013799448";"526.068152866242";"2480.30700636943";"9.61592356687898";"534.979000419992";"2495.19445611088";"12.9953800923982"
"NPC_dA_rep4a_new_Zfp_10kb_Airyscan_4y_03";4;"737.421888";3;2;3;"0.414721745895329";"0.580022966486513";"0.521789982327587";2;2;3;"595.01415428167";"2511.32908704883";"17.2406227883935";"604.865494505495";"2508.37142857143";"16.8681318681319";"602.12405609493";"2515.34142394822";"13.8166127292341"
"NPC_dA_rep4a_new_Zfp_10kb_Airyscan_4y_03";6;"50.369088";0;1;1;"NaN";"NaN";"NaN";NA;NA;NA;"NaN";"NaN";"NaN";"NaN";"NaN";"NaN";"NaN";"NaN";"NaN"
"NPC_dA_rep4a_new_Zfp_10kb_Airyscan_4y_03";7;"2201.593856";7;6;4;"0.622064390533793";"0.632780470800921";"0.251157856209269";1;1;1;"967.382432765852";"2071.54872933629";"7.27485812978041";"964.740151515152";"2056.25378787879";"6.99848484848485";"970.355354659249";"2056.47496522949";"6.19819193324061"
"NPC_dA_rep4a_new_Zfp_10kb_Airyscan_4y_03";7;"2201.593856";7;6;4;"6.89116090726273";"6.97902168034546";"0.756937688547676";5;2;2;"1481.36040145985";"1794.92335766423";"36.1131386861314";"1532.70740590854";"1939.59692432214";"13.7741804937272";"1517.78679817906";"1940.00075872534";"10.4506828528073"
"NPC_dA_rep4a_new_Zfp_10kb_Airyscan_4y_03";8;"450.015104";1;2;1;"0.271240799490728";"0.55656175193821";"0.499683149452438";1;1;1;"1117.39214423696";"168.309079201545";"24.6806181584031";"1112.10273590173";"165.557788944724";"23.7576772752652";"1120.36418732782";"160.366391184573";"21.5289256198347"
"NPC_dA_rep4a_new_Zfp_10kb_Airyscan_4y_03";9;"1693.873664";9;5;3;"0.370198027623359";"0.175622449717206";"0.33474249182308";3;1;1;"1261.23169398907";"2746.06338797814";"9.39672131147541";"1265.97830374753";"2739.40927021696";"10.6370808678501";"1262.25128468654";"2742.56783144913";"8.69578622816033"
"NPC_dA_rep4a_new_Zfp_10kb_Airyscan_4y_03";9;"1693.873664";9;5;3;"0.201358417244442";"0.548512767503666";"3.650303077649";5;4;2;"1019.75484496124";"2687.75436046512";"17.2156007751938";"1021.49722530522";"2691.94783573807";"16.5948945615982";"1023.81121226641";"2684.91375179684";"13.5620507906085"
"NPC_dA_rep4a_new_Zfp_10kb_Airyscan_4y_03";9;"1693.873664";9;5;3;"3.92798629902048";"0.368396994189606";"0.517702777978948";7;3;3;"1539.14968814969";"2728.49168399168";"20.4511434511435";"1446.39589041096";"2743.87465753425";"12.3534246575342";"1534.3126349892";"2732.92602591793";"18.6047516198704"
"NPC_dA_rep4a_new_Zfp_10kb_Airyscan_4y_03";10;"463.932224";1;2;2;"1.28913454697691";"0.843224128602654";"1.88959766835775";1;2;1;"1132.87639520463";"1697.5721372468";"18.7883422902026";"1111.35246995995";"1691.717623498";"25.4345794392523";"1127.55947136564";"1703.52422907489";"13.2136563876652"
"NPC_dA_rep4a_new_Zfp_10kb_Airyscan_4y_03";11;"552.03232";0;2;3;"NaN";"NaN";"NaN";NA;NA;NA;"NaN";"NaN";"NaN";"NaN";"NaN";"NaN";"NaN";"NaN";"NaN"
"NPC_dA_rep4a_new_Zfp_10kb_Airyscan_4y_03";12;"2433.393088";9;8;8;"0.489183618730459";"0.891099027807072";"0.734279225465416";1;1;2;"1876.65767284992";"2139.81703204047";"14.4763912310287";"1873.27884615385";"2128.99423076923";"13.1666666666667";"1890.67022826615";"2123.11898980087";"13.1636716852841"
"NPC_dA_rep4a_new_Zfp_10kb_Airyscan_4y_03";12;"2433.393088";9;8;8;"0.312265548372065";"0.687078522995996";"0.701243079096617";2;2;1;"1786.48462929476";"1857.44593128391";"16.6321880650995";"1794.23389232127";"1857.58958517211";"16.3654015887026";"1788.00501462599";"1848.8006686168";"12.4137066443794"
"NPC_dA_rep4a_new_Zfp_10kb_Airyscan_4y_03";12;"2433.393088";9;8;8;"0.56253780911549";"0.85300361472874";"0.458449148631626";5;4;5;"2181.84889643463";"1770.13157894737";"32.651103565365";"2182.05725439167";"1779.87215354587";"29.7534157449577";"2182.99571817828";"1775.36979369404";"26.7539898793305"
"NPC_dA_rep4a_new_Zfp_10kb_Airyscan_4y_03";12;"2433.393088";9;8;8;"0.591516247278527";"0.675379098460361";"0.201256547186166";8;7;8;"2061.42717086835";"1695.62605042017";"42.0609243697479";"2048.95568470759";"1697.70468579731";"39.8695968034871";"2050.28418708241";"1700.1986636971";"38.6801781737194"
"NPC_dA_rep4a_new_Zfp_10kb_Airyscan_4y_03";13;"463.44032";1;3;2;"0.573927298104804";"0.897984516640979";"0.346102654318019";1;1;1;"1800.49625791595";"393.625215889465";"24.559585492228";"1793.70212765957";"395.684719535783";"20.9970986460348";"1787.27997343075";"398.695450016606";"19.5812022583859"
"NPC_dA_rep4a_new_Zfp_10kb_Airyscan_4y_03";14;"816.914112";2;2;4;"5.41943261361894";"5.87220761639902";"0.603030020640644";2;2;4;"2571.11413748379";"1009.80220492866";"52.7801556420233";"2637.62251655629";"1106.88024282561";"33.5949227373068";"2643.42634315425";"1108.64471403813";"29.6516464471404"
"NPC_dA_rep4a_new_Zfp_10kb_Airyscan_4y_03";15;"171.695104";1;1;2;"0.882962815544768";"0.366683668155728";"1.13592410040919";1;1;2;"2856.7776119403";"88.9291044776119";"36.6977611940299";"2871.84340991536";"104.950423216445";"36.1553808948005";"2853.97986577181";"83.4189837008629";"34.7631831255992"
"NPC_dA_rep4a_new_Zfp_10kb_Airyscan_4y_03";16;"257.686016";0;0;0;"NaN";"NaN";"NaN";NA;NA;NA;"NaN";"NaN";"NaN";"NaN";"NaN";"NaN";"NaN";"NaN";"NaN"
"NPC_dA_rep4a_new_Zfp_10kb_Airyscan_4y_03";18;"231.117376";2;1;0;"NaN";"NaN";"NaN";NA;NA;NA;"NaN";"NaN";"NaN";"NaN";"NaN";"NaN";"NaN";"NaN";"NaN"
"NPC_dA_rep4a_new_Zfp_10kb_Airyscan_4y_04";1;"480.36464";2;1;0;"NaN";"NaN";"NaN";NA;NA;NA;"NaN";"NaN";"NaN";"NaN";"NaN";"NaN";"NaN";"NaN";"NaN"
"NPC_dA_rep4a_new_Zfp_10kb_Airyscan_4y_04";2;"660.565024";2;3;4;"0.315920093774039";"1.49037027140827";"1.17970308273936";2;3;4;"327.635590735855";"2380.76722368807";"49.6048079742011";"325.370540265036";"2376.21916411825";"47.8771661569827";"312.157303370787";"2357.99126092385";"42.4338327091136"
"NPC_dA_rep4a_new_Zfp_10kb_Airyscan_4y_04";3;"890.60608";7;4;2;"0.568666662917607";"0.507652293540585";"0.104704545936659";3;1;1;"609.639006094702";"1455.33520862635";"13.4013127051102";"598.703990470518";"1447.75282906492";"11.9714115544967";"599.925825663238";"1449.82728749323";"11.6778559826746"
"NPC_dA_rep4a_new_Zfp_10kb_Airyscan_4y_04";3;"890.60608";7;4;2;"0.538842376795364";"0.61192133112471";"0.611013741941909";4;3;2;"561.916015625";"1294.26953125";"28.1435546875";"573.697885196375";"1288.0332326284";"27.5891238670695";"570.088188976378";"1298.86509186352";"24.6897637795276"
"NPC_dA_rep4a_new_Zfp_10kb_Airyscan_4y_04";4;"438.798528";3;1;3;"0.127527931513867";"3.33558477255329";"3.29884171159108";3;1;3;"592.054615384615";"2129.46";"34.35";"592.46773074254";"2127.99028452464";"33.5503122831367";"668.333567909923";"2148.52287121745";"26.411681914145"
"NPC_dA_rep4a_new_Zfp_10kb_Airyscan_4y_04";5;"375.968992";2;2;1;"0.512023481733077";"0.368020985340841";"0.343574174229439";2;1;1;"689.865019011407";"588.480988593156";"21.9439163498099";"679.548064918851";"596.053058676654";"22.0243445692884";"680.986916951081";"588.01023890785";"21.2673492605233"
"NPC_dA_rep4a_new_Zfp_10kb_Airyscan_4y_04";6;"1534.38432";7;4;4;"0.546451031975041";"0.678478635436509";"0.409375388085425";1;1;1;"823.41059602649";"2895.66581762608";"12.8670402445237";"835.731803797468";"2893.29193037975";"11.3235759493671";"831.932818532818";"2885.02934362934";"9.98223938223938"
"NPC_dA_rep4a_new_Zfp_10kb_Airyscan_4y_04";6;"1534.38432";7;4;4;"0.809458818231488";"0.660812761162602";"0.435842176479854";3;2;2;"704.702574881766";"2486.46085128744";"20.1387283236994";"692.271180170181";"2472.67665556789";"17.8357380688124";"698.918503674015";"2479.22979291917";"16.2297929191717"
"NPC_dA_rep4a_new_Zfp_10kb_Airyscan_4y_04";6;"1534.38432";7;4;4;"0.401464766567526";"1.00437996102878";"0.81674160846539";5;4;3;"696.9165232358";"2526.90232358003";"32.6927710843374";"700.340942562592";"2519.40648011782";"31.0559646539028";"710.206047032475";"2528.25755879059";"26.6181410974244"
"NPC_dA_rep4a_new_Zfp_10kb_Airyscan_4y_04";7;"463.2264";2;2;2;"0.760322476715243";"0.827950714332911";"0.436351913957279";1;2;2;"1019.13737864078";"1170.14854368932";"39.3995145631068";"1030.94657039711";"1157.06570397112";"37.3653429602888";"1029.09722222222";"1162.44444444444";"34.7057291666667"
"NPC_dA_rep4a_new_Zfp_10kb_Airyscan_4y_04";9;"388.28384";2;2;3;"0.515716195150403";"0.517485119370443";"0.451646663895426";2;2;3;"2024.39474940334";"141.039618138425";"47.9341288782816";"2028.99175985874";"147.301353737493";"44.9941141848146";"2021.64285714286";"139.012866015972";"44.3691215616681"
"NPC_dA_rep4a_new_Zfp_10kb_Airyscan_4y_04";10;"419.34368";3;2;2;"0.264582530525787";"0.376163087459101";"0.36734186907601";2;2;2;"2159.42835481425";"768.238817285823";"14.5579984836998";"2154.08333333333";"765.813813813814";"15.4294294294294";"2151.40934684685";"770.701013513514";"13.3434684684685"
"NPC_dA_rep4a_new_Zfp_10kb_Airyscan_4y_04";11;"1762.479936";6;7;5;"0.516545353638897";"0.437399541044016";"0.40211073699341";2;3;2;"2236.1613611416";"1986.39352360044";"25.076289791438";"2242.64316239316";"1976.68108974359";"23.5005341880342";"2234.92258748674";"1981.55143160127";"22.2974549310711"
"NPC_dA_rep4a_new_Zfp_10kb_Airyscan_4y_04";11;"1762.479936";6;7;5;"0.305767757666504";"0.996027484158959";"1.09270994043214";3;5;4;"2112.9843871975";"1623.79234972678";"28.6042154566745";"2116.67796610169";"1620.17161016949";"30.2123940677966";"2131.73451327434";"1627.45132743363";"24.0409292035398"
"NPC_dA_rep4a_new_Zfp_10kb_Airyscan_4y_04";11;"1762.479936";6;7;5;"0.449982793546166";"0.844585936124199";"0.507797258752683";5;6;5;"2237.57958600999";"2026.79800142755";"49.8779443254818";"2231.57765876052";"2025.51224177506";"47.1843917368018";"2232.98073747936";"2015.70831040176";"44.915244909191"
"NPC_dA_rep4a_new_Zfp_10kb_Airyscan_4y_04";12;"418.291776";1;2;1;"0.220519051734048";"0.717503012365611";"0.740971171621756";1;2;1;"1986.73051806704";"979.782760121898";"43.8898563343492";"1982.29919678715";"977.258032128514";"44.4879518072289";"1984.31097560976";"969.963414634146";"39.657012195122"
"NPC_dA_rep4a_new_Zfp_10kb_Airyscan_4y_04";13;"690.280416";3;2;2;"0.387177201220472";"0.221823088358388";"0.353842417706616";1;1;1;"2137.19549477072";"287.870474658085";"9.67095736122285";"2146.795";"289.065";"9.5745";"2139.47086126869";"287.494584837545";"8.23001547189273"
"NPC_dA_rep4a_new_Zfp_10kb_Airyscan_4y_04";13;"690.280416";3;2;2;"0.338751331790728";"0.238641990249557";"0.335802365096227";3;2;2;"2288.19993702771";"11.6199622166247";"17.7024559193955";"2287.19409053944";"19.0826782325834";"16.5952832746002";"2290.96336842105";"11.7153684210526";"16.192"
"NPC_dA_rep4a_new_Zfp_10kb_Airyscan_4y_04";14;"361.603424";2;3;1;"0.581925264430639";"0.913489588522203";"1.22570170646394";1;3;1;"951.40622737147";"1640.62563359884";"51.9065894279508";"938.432608695652";"1646.8777173913";"51.3179347826087";"957.36613972463";"1630.14482406935";"46.365119836818"
"NPC_dA_rep4a_new_Zfp_10kb_Airyscan_4y_04";15;"356.561408";1;2;1;"0.0751587353022995";"0.70935651143931";"0.662382307746671";1;1;1;"2814.12958963283";"835.490820734341";"33.5313174946004";"2814.71307300509";"836.366723259762";"33.0865874363328";"2805.05865623889";"842.41592605759";"29.6530394596516"
"NPC_dA_rep4a_new_Zfp_10kb_Airyscan_4y_04";16;"168.44464";0;0;0;"NaN";"NaN";"NaN";NA;NA;NA;"NaN";"NaN";"NaN";"NaN";"NaN";"NaN";"NaN";"NaN";"NaN"
"NPC_dA_rep4a_new_Zfp_10kb_Airyscan_4y_04";17;"55.24736";0;0;0;"NaN";"NaN";"NaN";NA;NA;NA;"NaN";"NaN";"NaN";"NaN";"NaN";"NaN";"NaN";"NaN";"NaN"
"NPC_dA_rep4a_new_Zfp_10kb_Airyscan_4y_05";1;"438.518304";1;1;1;"5.36659120667728";"0.566143561885742";"5.3698603678594";1;1;1;"16.6893796992481";"2192.98167293233";"16.8242481203008";"105.297080291971";"2290.82773722628";"9.97299270072993";"21.0077972709552";"2187.01998050682";"13.3703703703704"
"NPC_dA_rep4a_new_Zfp_10kb_Airyscan_4y_05";2;"56.541856";0;0;0;"NaN";"NaN";"NaN";NA;NA;NA;"NaN";"NaN";"NaN";"NaN";"NaN";"NaN";"NaN";"NaN";"NaN"
"NPC_dA_rep4a_new_Zfp_10kb_Airyscan_4y_05";3;"501.248832";3;1;1;"3.66145492872346";"3.48020173775643";"0.224069168964163";2;1;1;"85.0584225900682";"2910.37487828627";"46.5189873417722";"108.165458422175";"2848.68912579957";"28.3590618336887";"106.840927920464";"2854.05302402651";"28.6230323115162"
"NPC_dA_rep4a_new_Zfp_10kb_Airyscan_4y_05";4;"108.667104";0;0;0;"NaN";"NaN";"NaN";NA;NA;NA;"NaN";"NaN";"NaN";"NaN";"NaN";"NaN";"NaN";"NaN";"NaN"
"NPC_dA_rep4a_new_Zfp_10kb_Airyscan_4y_05";5;"420.88704";2;2;2;"0.274277457793067";"0.399913417780721";"0.443660151416039";1;1;2;"694.790802524797";"100.211000901713";"16.3760144274121";"689.451244390045";"102.447164422685";"15.3259893920849";"699.200953678474";"101.505449591281";"13.8392370572207"
"NPC_dA_rep4a_new_Zfp_10kb_Airyscan_4y_05";5;"420.88704";2;2;2;"0.533700423430698";"0.745559852123068";"0.720264507029569";2;2;1;"685.913133402275";"184.858324715615";"19.0103412616339";"681.788374205268";"197.534968210718";"19.1698455949137";"679.512529832936";"191.426014319809";"14.3741050119332"
"NPC_dA_rep4a_new_Zfp_10kb_Airyscan_4y_05";6;"322.605024";1;1;1;"4.95474886751396";"5.18994554703812";"0.79056837626938";1;1;1;"603.974884674526";"1049.8831368529";"19.9272168118913";"690.346568349404";"963.808848553602";"13.7027793533749";"697.780952380952";"969.297354497354";"8.71111111111111"
"NPC_dA_rep4a_new_Zfp_10kb_Airyscan_4y_05";7;"469.181664";2;1;1;"4.08370858261599";"0.584988067787597";"3.68489279762614";2;1;1;"937.325023084026";"2268.19252077562";"7.57386888273315";"957.803488372093";"2368.13372093023";"8.69186046511628";"939.640087145969";"2278.85708061002";"4.7921568627451"
"NPC_dA_rep4a_new_Zfp_10kb_Airyscan_4y_05";8;"1469.521312";2;2;4;"1.07266634383032";"0.767645623627561";"0.80323922334313";2;1;2;"1413.0834604489";"1239.92699934626";"24.3085639572892";"1424.09594801223";"1226.27025993884";"18.5137614678899";"1408.57357357357";"1238.9019019019";"18.986986986987"
"NPC_dA_rep4a_new_Zfp_10kb_Airyscan_4y_05";9;"473.196416";2;1;5;"5.46394294795769";"8.19893052109622";"4.73883767020452";2;1;1;"1304.54730064388";"2626.63397721644";"5.82615156017831";"1362.05235602094";"2526.06369982548";"26.5043630017452";"1315.4870017331";"2424.58983246678";"15.1831311380705"
"NPC_dA_rep4a_new_Zfp_10kb_Airyscan_4y_05";10;"1195.139008";2;1;3;"0.99159210490922";"0.759464204234832";"0.247954995902473";2;1;3;"1628.68397790055";"468.725966850829";"32.1767955801105";"1637.53494448073";"461.575440888308";"25.8841715654256";"1634.75406698565";"464.873684210526";"27.155980861244"
"NPC_dA_rep4a_new_Zfp_10kb_Airyscan_4y_05";11;"55.466432";0;0;0;"NaN";"NaN";"NaN";NA;NA;NA;"NaN";"NaN";"NaN";"NaN";"NaN";"NaN";"NaN";"NaN";"NaN"
"NPC_dA_rep4a_new_Zfp_10kb_Airyscan_4y_05";12;"78.306816";0;1;0;"NaN";"NaN";"NaN";NA;NA;NA;"NaN";"NaN";"NaN";"NaN";"NaN";"NaN";"NaN";"NaN";"NaN"
"NPC_dA_rep4a_new_Zfp_10kb_Airyscan_4y_05";13;"2386.504512";5;8;6;"0.616919870541534";"0.767142998040033";"0.250885176862794";3;5;2;"2236.9221248066";"1739.87364620939";"22.9262506446622";"2235.11174242424";"1730.23800505051";"19.5246212121212";"2232.88482451804";"1732.59070687098";"17.9901136925358"
"NPC_dA_rep4a_new_Zfp_10kb_Airyscan_4y_05";13;"2386.504512";5;8;6;"0.504519256401702";"0.744036122202228";"0.521514686811674";5;7;5;"1834.0200148258";"1826.01260192735";"35.4736842105263";"1829.9604578564";"1817.86316337149";"32.9797086368366";"1838.004";"1822.5792";"30.376"
"NPC_dA_rep4a_new_Zfp_10kb_Airyscan_4y_05";14;"1109.990112";8;7;5;"0.368264320816446";"0.445533856519669";"0.298219030628766";1;1;1;"1932.21163012393";"2701.30219256435";"5.33651096282173";"1926.8334946757";"2694.92787996128";"6.45062923523717";"1922.29529576153";"2696.55519329297";"4.82580344666977"
"NPC_dA_rep4a_new_Zfp_10kb_Airyscan_4y_05";14;"1109.990112";8;7;5;"0.568656448074794";"0.420427267360719";"0.378974331081681";2;2;2;"1968.2195436935";"2280.08394317693";"8.42918639690056";"1971.57066666667";"2293.0704";"7.08213333333333";"1975.37751677852";"2284.53649328859";"6.63548657718121"
"NPC_dA_rep4a_new_Zfp_10kb_Airyscan_4y_05";14;"1109.990112";8;7;5;"0.343462504129951";"0.402630566315036";"0.551353754574167";4;3;3;"1856.46189164371";"2575.86134067952";"10.6597796143251";"1852.56945681211";"2579.18833481745";"12.6291184327694";"1859.41973146527";"2584.74255691769";"9.60245183887916"
"NPC_dA_rep4a_new_Zfp_10kb_Airyscan_4y_05";16;"64.19504";0;0;0;"NaN";"NaN";"NaN";NA;NA;NA;"NaN";"NaN";"NaN";"NaN";"NaN";"NaN";"NaN";"NaN";"NaN"
"NPC_dA_rep4a_new_Zfp_10kb_Airyscan_4y_05";17;"260.613248";1;0;0;"NaN";"NaN";"NaN";NA;NA;NA;"NaN";"NaN";"NaN";"NaN";"NaN";"NaN";"NaN";"NaN";"NaN"
"NPC_dA_rep4a_new_Zfp_10kb_Airyscan_4y_05";18;"302.016288";3;2;3;"0.471226701166885";"0.323338253931468";"0.649600374762714";2;1;1;"2769.09641693811";"2010.41693811075";"5.74397394136808";"2764.1427480916";"1999.78854961832";"6.0675572519084";"2768.17640254482";"2012.83400809717";"3.55581260844419"
"NPC_dA_rep4a_new_Zfp_10kb_Airyscan_4y_05";19;"259.2744";1;1;0;"NaN";"NaN";"NaN";NA;NA;NA;"NaN";"NaN";"NaN";"NaN";"NaN";"NaN";"NaN";"NaN";"NaN"
"NPC_dA_rep4a_new_Zfp_10kb_Airyscan_4y_05";20;"197.970304";0;1;1;"NaN";"NaN";"NaN";NA;NA;NA;"NaN";"NaN";"NaN";"NaN";"NaN";"NaN";"NaN";"NaN";"NaN"
"NPC_dA_rep4a_new_Zfp_10kb_Airyscan_4y_06";1;"697.100096";4;2;3;"0.262354899288408";"0.773441762659712";"0.969498515771302";2;1;1;"27.943161634103";"115.33836589698";"13.2673179396092";"29.6280909990109";"109.735410484669";"14.1142433234421";"16.4268426842684";"119.125687568757";"8.96342134213421"
"NPC_dA_rep4a_new_Zfp_10kb_Airyscan_4y_06";1;"697.100096";4;2;3;"5.10001443883691";"5.25887670346705";"0.732029807986499";4;2;3;"208.845438282648";"440.135599284436";"32.1731663685152";"334.098843322818";"429.931650893796";"26.0199789695058";"333.528114663727";"417.762954796031";"22.1179713340684"
"NPC_dA_rep4a_new_Zfp_10kb_Airyscan_4y_06";2;"216.044864";0;0;0;"NaN";"NaN";"NaN";NA;NA;NA;"NaN";"NaN";"NaN";"NaN";"NaN";"NaN";"NaN";"NaN";"NaN"
"NPC_dA_rep4a_new_Zfp_10kb_Airyscan_4y_06";3;"511.527968";1;3;1;"4.32818552733768";"3.98386956651921";"0.63505819695642";1;1;1;"256.460275423729";"2401.63718220339";"10.1292372881356";"296.041526845638";"2305.06627516779";"18.2890100671141";"286.268341708543";"2308.03216080402";"14.81608040201"
"NPC_dA_rep4a_new_Zfp_10kb_Airyscan_4y_06";4;"204.53104";2;1;2;"2.0726693199851";"3.91371739797436";"5.25710337745962";2;1;2;"414.645234493192";"1997.6119515885";"28.9599092284418";"447.574444444444";"1994.37666666667";"40.3533333333333";"379.238198983297";"2084.87000726216";"21.3703703703704"
"NPC_dA_rep4a_new_Zfp_10kb_Airyscan_4y_06";5;"557.413472";2;4;2;"1.59358704122833";"0.974796240335668";"0.683862165603325";2;2;1;"602.545059717698";"794.825190010858";"21.6232356134636";"587.800880088009";"826.755775577558";"16.2761276127613";"596.92972972973";"817.193993993994";"19.3735735735736"
"NPC_dA_rep4a_new_Zfp_10kb_Airyscan_4y_06";6;"2564.115232";7;11;7;"0.164180985703055";"0.456076203146724";"0.541015479592419";1;1;1;"719.934743202417";"1997.5836858006";"7.32175226586103";"723.468297101449";"1998.99607487923";"6.88224637681159";"715.834398782344";"1988.69680365297";"5.65053272450533"
"NPC_dA_rep4a_new_Zfp_10kb_Airyscan_4y_06";6;"2564.115232";7;11;7;"0.333797489541958";"0.341640428158954";"0.45953320898957";2;3;2;"1026.60676779463";"1664.09451575263";"12.1400233372229";"1034.54960981048";"1666.19843924192";"12.5562987736901";"1029.43397813288";"1656.03616484441";"12.1009251471825"
"NPC_dA_rep4a_new_Zfp_10kb_Airyscan_4y_06";6;"2564.115232";7;11;7;"0.410244353693274";"0.423782396852218";"0.637800046107113";3;5;3;"626.545554335895";"1613.39187705818";"21.5510428100988";"633.10178338408";"1620.48716833406";"22.5350152240104";"627.341965862272";"1615.1206592113";"18.5732783990583"
"NPC_dA_rep4a_new_Zfp_10kb_Airyscan_4y_06";6;"2564.115232";7;11;7;"0.225490851332025";"0.704865869056811";"0.59474494954006";5;9;5;"1014.14275692739";"1820.68888109435";"30.3995089442301";"1010.1778104335";"1816.73769287289";"30.208670095518";"1009.86138613861";"1812.14785478548";"26.1689768976898"
"NPC_dA_rep4a_new_Zfp_10kb_Airyscan_4y_06";6;"2564.115232";7;11;7;"0.627195586627681";"0.671821401030094";"0.482999175516565";7;11;7;"660.343456653782";"2143.07951408062";"44.9790171176146";"652.672800460035";"2130.29959746981";"43.588269120184";"660.917355371901";"2132.85433884298";"41.1756198347107"
"NPC_dA_rep4a_new_Zfp_10kb_Airyscan_4y_06";7;"647.145856";2;2;1;"1.60693010169081";"1.26237439037179";"0.421533647261924";1;2;1;"1079.56833773087";"778.238522427441";"16.0242744063325";"1057.69794925269";"768.912756343413";"25.2763295099062";"1064.90388239729";"766.1620806634";"23.2246513381078"
"NPC_dA_rep4a_new_Zfp_10kb_Airyscan_4y_06";8;"78.658048";1;1;0;"NaN";"NaN";"NaN";NA;NA;NA;"NaN";"NaN";"NaN";"NaN";"NaN";"NaN";"NaN";"NaN";"NaN"
"NPC_dA_rep4a_new_Zfp_10kb_Airyscan_4y_06";9;"543.930688";1;1;2;"0.382582792776426";"0.356693276049826";"0.701836734206392";1;1;2;"1183.09212934716";"2258.82489322758";"33.7053081147041";"1187.31016882607";"2260.64664310954";"36.102080879466";"1182.89694656489";"2261.23625954198";"31.2530534351145"
"NPC_dA_rep4a_new_Zfp_10kb_Airyscan_4y_06";10;"421.975904";1;2;3;"0.491022689827325";"0.485804805369202";"0.431746524550234";1;2;2;"1158.01448551449";"2724.22777222777";"20.7507492507493";"1150.78409559126";"2722.06221672847";"17.9847548413679";"1161.22073017205";"2723.92278640369";"17.4049517415023"
"NPC_dA_rep4a_new_Zfp_10kb_Airyscan_4y_06";11;"1978.023936";11;13;9;"0.183181939141528";"0.422124841168194";"0.599053823657069";1;3;1;"1873.230625";"1547.76125";"9.699375";"1875.87219512195";"1545.94731707317";"10.6341463414634";"1877.79895561358";"1550.64960835509";"7.10966057441253"
"NPC_dA_rep4a_new_Zfp_10kb_Airyscan_4y_06";11;"1978.023936";11;13;9;"0.144378871652331";"0.737253055214863";"0.533656741118685";2;2;2;"2002.51384615385";"1699.59615384615";"11.8153846153846";"2003.19115372719";"1698.3622022889";"10.8657593566347";"2007.24012056263";"1697.91225720027";"6.74815807099799"
"NPC_dA_rep4a_new_Zfp_10kb_Airyscan_4y_06";11;"1978.023936";11;13;9;"0.289227261080999";"0.422688925041456";"0.28722926353857";7;5;5;"1818.85212201592";"1657.8050397878";"20.5616710875332";"1824.3161209068";"1653.32304785894";"20.124685138539";"1823.91631547261";"1654.38290186635";"18.0987357013847"
"NPC_dA_rep4a_new_Zfp_10kb_Airyscan_4y_06";12;"405.937504";3;2;2;"2.81161699165682";"3.11652644328047";"1.749607265396";1;1;1;"1963.88976793249";"308.492616033755";"12.1482067510549";"1944.24422442244";"370.404997642621";"4.47289014615747";"1966.78144458281";"386.016811955168";"14.2104607721046"
"NPC_dA_rep4a_new_Zfp_10kb_Airyscan_4y_06";12;"405.937504";3;2;2;"0.770717664723838";"0.824638186692629";"0.144940161380597";2;2;2;"1920.95859030837";"463.929515418502";"39.7779735682819";"1903.32861432861";"459.956670956671";"37.8687258687259";"1901.29376257545";"462.898390342052";"38.0342052313883"
"NPC_dA_rep4a_new_Zfp_10kb_Airyscan_4y_06";13;"651.509376";1;2;2;"0.467926280129515";"1.65529285214809";"1.73219426704752";1;1;2;"1955.21423884514";"2788.35203412073";"35.738188976378";"1953.03152218996";"2791.56698465367";"32.5856491082538";"1937.54347826087";"2822.76397515528";"39.9378881987578"
"NPC_dA_rep4a_new_Zfp_10kb_Airyscan_4y_06";14;"706.272672";1;2;2;"0.447535127772754";"0.728702541695724";"0.428173379120213";1;2;2;"2286.47693977211";"1213.61747151384";"16.270211611503";"2292.44121026427";"1220.66143240138";"14.4634239754883";"2287.66072078631";"1230.16235893702";"14.1179468511103"
"NPC_dA_rep4a_new_Zfp_10kb_Airyscan_4y_06";15;"229.520704";2;2;0;"NaN";"NaN";"NaN";NA;NA;NA;"NaN";"NaN";"NaN";"NaN";"NaN";"NaN";"NaN";"NaN";"NaN"
"NPC_dA_rep4a_new_Zfp_10kb_Airyscan_4y_06";16;"228.362176";1;0;1;"NaN";"NaN";"NaN";NA;NA;NA;"NaN";"NaN";"NaN";"NaN";"NaN";"NaN";"NaN";"NaN";"NaN"
"NPC_dA_rep4a_new_Zfp_10kb_Airyscan_4y_06";17;"480.01856";0;2;0;"NaN";"NaN";"NaN";NA;NA;NA;"NaN";"NaN";"NaN";"NaN";"NaN";"NaN";"NaN";"NaN";"NaN"
"NPC_dA_rep4a_new_Zfp_10kb_Airyscan_4y_06";18;"755.809376";4;4;3;"0.670184172459117";"0.322859531416239";"0.679344614826568";1;2;2;"2811.7201946472";"2536.40551500406";"22.8094079480941";"2813.48145738452";"2520.57709824333";"21.3227065712427";"2804.65026833631";"2534.99865831843";"21.7719141323792"
"NPC_dA_rep4a_new_Zfp_10kb_Airyscan_4y_06";18;"755.809376";4;4;3;"0.344953707162243";"0.678544793181317";"0.35826602954297";3;3;3;"2730.64867205543";"2260.85941108545";"27.1042147806005";"2731.60901699926";"2255.56762749446";"25.1781226903178";"2736.95886075949";"2250.79588607595";"23.6439873417722"
"NPC_dA_rep4a_new_Zfp_10kb_Airyscan_4y_06";19;"202.143872";3;2;2;"0.88571497037061";"0.849248802639146";"0.479712545728507";2;1;2;"2871.67875647668";"442.717246484086";"24.3168023686158";"2882.92747252747";"429.189010989011";"20.4754578754579";"2874.96470588235";"435.588687782805";"18.6805429864253"
"NPC_dA_rep4a_new_Zfp_10kb_Airyscan_4y_06";20;"235.810624";0;1;1;"NaN";"NaN";"NaN";NA;NA;NA;"NaN";"NaN";"NaN";"NaN";"NaN";"NaN";"NaN";"NaN";"NaN"
"NPC_dA_rep4a_new_Zfp_10kb_Airyscan_4y_06";21;"252.812448";1;0;1;"NaN";"NaN";"NaN";NA;NA;NA;"NaN";"NaN";"NaN";"NaN";"NaN";"NaN";"NaN";"NaN";"NaN"
"NPC_dA_rep4a_new_Zfp_10kb_Airyscan_4y_07";2;"980.849856";4;3;2;"0.149685621944973";"0.497964219663845";"0.413378758845749";3;2;1;"452.652421652422";"2192.74216524217";"19.4323361823362";"456.124414715719";"2193.61070234114";"19.1200668896321";"458.659665244503";"2190.98391860847";"16.3577289136856"
"NPC_dA_rep4a_new_Zfp_10kb_Airyscan_4y_07";2;"980.849856";4;3;2;"5.35473552626923";"5.24551674688371";"0.515366816756841";4;3;2;"721.763215859031";"2239.2031938326";"47.545154185022";"602.729654403567";"2300.36733556299";"46.6103678929766";"608.990024937656";"2304.72319201995";"43.643391521197"
"NPC_dA_rep4a_new_Zfp_10kb_Airyscan_4y_07";3;"447.877472";1;2;1;"1.40313510963589";"0.886973453396087";"2.18453671690997";1;2;1;"464.02762084118";"198.938480853735";"36.1431261770245";"475.857613711272";"193.784442979565";"45.4627554383652";"449.209912536443";"192.124198250729";"31.8507288629738"
"NPC_dA_rep4a_new_Zfp_10kb_Airyscan_4y_07";4;"517.305376";3;3;2;"0.596718076672038";"0.814537002560622";"0.262685284319878";2;2;1;"656.736688548505";"656";"21.1152443471918";"651.794011976048";"648.171856287425";"17.7730538922156";"649.562808239048";"649.171743545112";"16.031621700029"
"NPC_dA_rep4a_new_Zfp_10kb_Airyscan_4y_07";4;"517.305376";3;3;2;"0.270052365767682";"0.291612639149775";"0.465874537547227";3;3;2;"662.53702795488";"614.611574301128";"50.164296223639";"668.996747211896";"616.033921933085";"49.7778810408922";"658.190389845875";"620.368087035358";"49.8621940163191"
"NPC_dA_rep4a_new_Zfp_10kb_Airyscan_4y_07";6;"526.755936";2;1;1;"0.186229899848637";"0.580692910527705";"0.535767230649595";2;1;1;"871.301823092505";"2787.48885887914";"27.489534098582";"874.170203359859";"2783.85322723254";"27.3523430592396";"877.180134680135";"2786.58333333333";"23.7058080808081"
"NPC_dA_rep4a_new_Zfp_10kb_Airyscan_4y_07";7;"421.263808";2;1;3;"1.83197143606282";"0.85627305183179";"1.22354226575956";2;1;3;"741.942101950913";"1357.13278791693";"39.4040276903713";"771.109268707483";"1336.42942176871";"31.2312925170068";"760.575817641229";"1358.66105054509";"36.4251734390486"
"NPC_dA_rep4a_new_Zfp_10kb_Airyscan_4y_07";8;"426.377952";1;2;3;"0.46572529151946";"0.652392479247795";"0.638248905853249";1;2;2;"923.629702970297";"747.212673267327";"16.6233663366337";"924.361784140969";"758.824889867841";"16.7455947136564";"924.025152957172";"754.061182868797";"12.3956492182189"
"NPC_dA_rep4a_new_Zfp_10kb_Airyscan_4y_07";9;"863.34192";3;2;3;"3.50498438657421";"3.17306531552043";"0.466852852294173";1;1;1;"1179.80128767925";"1856.5955516535";"6.18993268949371";"1221.7164556962";"1931.55913200723";"11.15226039783";"1219.54524886878";"1924.76470588235";"8.51282051282051"
"NPC_dA_rep4a_new_Zfp_10kb_Airyscan_4y_07";10;"651.825216";2;1;2;"0.288976328441021";"0.906196474031028";"0.788611680244049";2;1;1;"1483.24745762712";"1116.0120527307";"23.9069679849341";"1476.24280746127";"1117.76478027189";"23.8400252924439";"1469.97162894485";"1111.01466369142";"18.8600573796621"
"NPC_dA_rep4a_new_Zfp_10kb_Airyscan_4y_07";11;"439.172832";2;1;2;"0.0883369231754897";"0.892161969870384";"0.806331591126712";2;1;2;"1523.90664375716";"2636.264604811";"21.1030927835052";"1524.75453514739";"2637.42573696145";"20.6241496598639";"1530.33761105627";"2644.38993089832";"15.4600197433366"
"NPC_dA_rep4a_new_Zfp_10kb_Airyscan_4y_07";12;"75.865216";0;1;0;"NaN";"NaN";"NaN";NA;NA;NA;"NaN";"NaN";"NaN";"NaN";"NaN";"NaN";"NaN";"NaN";"NaN"
"NPC_dA_rep4a_new_Zfp_10kb_Airyscan_4y_07";13;"403.432512";5;2;1;"0.263739312214796";"0.585645444675826";"0.399560721345077";2;1;1;"1728.23768736617";"262.918629550321";"38.475374732334";"1730.76233635448";"262.705941591138";"36.7361530715005";"1726.5683202785";"257.464316797215";"34.6227154046997"
"NPC_dA_rep4a_new_Zfp_10kb_Airyscan_4y_07";14;"1711.683232";5;6;8;"0.720218267042362";"4.17550468667248";"3.77168137422868";2;2;7;"2046.53264094955";"2377.63056379822";"19.038081107814";"2054.72812328013";"2393.42102366538";"19.8304898183819";"2114.89825783972";"2402.79442508711";"40.3993031358885"
"NPC_dA_rep4a_new_Zfp_10kb_Airyscan_4y_07";14;"1711.683232";5;6;8;"0.4416293899442";"0.54268682927075";"0.457001678209059";3;4;4;"2221.0237953599";"2066.53301606187";"27.3170731707317";"2227.88449197861";"2060.37326203209";"25.5818181818182";"2222.51652661064";"2067.23305322129";"23.4694677871148"
"NPC_dA_rep4a_new_Zfp_10kb_Airyscan_4y_07";14;"1711.683232";5;6;8;"0.624267115309529";"0.547731268467633";"0.145972841287653";4;5;6;"2248.58179848321";"2752.21885157096";"33.5828819068256";"2241.58428919013";"2754.2314911366";"29.6388599235315";"2244.84887904788";"2755.48685303072";"29.9363409908663"
"NPC_dA_rep4a_new_Zfp_10kb_Airyscan_4y_07";14;"1711.683232";5;6;8;"0.362281977693206";"0.669998078832353";"0.37873817228627";5;6;8;"1991.05074971165";"2224.67070357555";"46.3223760092272";"1989.52225705329";"2223.43699059561";"43.7962382445141";"1993.68599882835";"2227.53837141183";"41.6678383128295"
"NPC_dA_rep4a_new_Zfp_10kb_Airyscan_4y_07";15;"166.002368";1;1;1;"0.248960388920518";"2.99381665700531";"3.23065743409329";1;1;1;"1893.36965550941";"69.2108477889079";"14.5543611043245";"1891.67279411765";"70.6075367647059";"12.890625";"1896.01559207754";"68.2747576906869";"35.9237252423093"
"NPC_dA_rep4a_new_Zfp_10kb_Airyscan_4y_07";16;"516.604256";3;2;2;"1.96998913162304";"1.80831104897475";"0.677040592150852";1;2;2;"1991.11183819155";"2678.7257584771";"18.3807257584771";"1949.08407341622";"2698.76791000592";"22.9656601539372";"1988.26300578035";"2666.13439306358";"30.7593930635838"
"NPC_dA_rep4a_new_Zfp_10kb_Airyscan_4y_07";16;"516.604256";3;2;2;"0.386138234877426";"0.604530358591643";"2.31310285439729";2;1;1;"1917.78342455043";"2839.78420641126";"9.7443315089914";"1914.50098879367";"2831.13117996045";"8.95978905735003";"1919.30389221557";"2841.90269461078";"5.49101796407186"
"NPC_dA_rep4a_new_Zfp_10kb_Airyscan_4y_07";18;"1097.146848";5;5;5;"0.21399728799382";"0.234500120091249";"0.249818982706168";1;1;1;"2734.51876923077";"66.7298461538462";"5.52246153846154";"2733.91570969224";"62.140560404226";"6.28892971979789";"2731.22780569514";"62.8479899497487";"4.69095477386935"
"NPC_dA_rep4a_new_Zfp_10kb_Airyscan_4y_07";18;"1097.146848";5;5;5;"0.532193524275462";"0.882551815364261";"0.737111768297598";3;4;4;"2617.78202614379";"380.094117647059";"30.05";"2617.36664320901";"367.190710767065";"29.1308937368051";"2619.02304811294";"372.659464131374";"24.1253241140882"
"NPC_dA_rep4a_new_Zfp_10kb_Airyscan_4y_08";1;"102.017216";1;0;1;"NaN";"NaN";"NaN";NA;NA;NA;"NaN";"NaN";"NaN";"NaN";"NaN";"NaN";"NaN";"NaN";"NaN"
"NPC_dA_rep4a_new_Zfp_10kb_Airyscan_4y_08";3;"473.57296";2;2;2;"0.39140804652864";"0.279478476330045";"0.345062776788829";1;1;1;"266.363144758735";"1329.21963394343";"25.6842762063228";"262.658179848321";"1320.16522210184";"25.7421451787649";"261.175461175461";"1327.37237237237";"24.4555984555985"
"NPC_dA_rep4a_new_Zfp_10kb_Airyscan_4y_08";3;"473.57296";2;2;2;"0.294034531383625";"1.62134872599764";"1.6442630497471";2;2;2;"286.171902268761";"1365.62739965096";"31.8019197207679";"286.516220600162";"1370.91524736415";"30.3463098134631";"306.640365002684";"1341.0203972088";"24.6961889425658"
"NPC_dA_rep4a_new_Zfp_10kb_Airyscan_4y_08";4;"1794.047136";6;8;6;"0.406077046361072";"0.502853759274871";"0.494143945207005";3;4;2;"1225.87023686921";"2458.24716786818";"21.6519052523172";"1217.5602006689";"2453.85562987737";"20.5557413600892";"1224.51557863501";"2464.09198813056";"18.4955489614243"
"NPC_dA_rep4a_new_Zfp_10kb_Airyscan_4y_08";4;"1794.047136";6;8;6;"3.92175084837079";"4.34349850259963";"0.572928091478701";4;1;1;"876.093831000518";"2422.79730430275";"28.9113530326594";"888.112712975098";"2352.34174311927";"9.73623853211009";"890.135396518375";"2349.6252417795";"6.34187620889749"
"NPC_dA_rep4a_new_Zfp_10kb_Airyscan_4y_08";4;"1794.047136";6;8;6;"0.556874785031609";"0.732146566777233";"0.378900387492567";5;6;4;"867.978354978355";"2296.94458874459";"34.6969696969697";"873.589576547231";"2303.46803745928";"31.5700325732899";"876.464135021097";"2296.12827004219";"30.0691983122363"
"NPC_dA_rep4a_new_Zfp_10kb_Airyscan_4y_08";5;"426.307168";3;2;2;"0.107374865967258";"0.55714683073151";"0.575384513241613";1;1;1;"689.00999000999";"372.153846153846";"12.5374625374625";"687.952456418383";"374.388272583201";"12.2385103011094";"682.360784313726";"363.621568627451";"10.0303921568627"
"NPC_dA_rep4a_new_Zfp_10kb_Airyscan_4y_08";5;"426.307168";3;2;2;"1.85974862821208";"0.455581111155712";"1.85680267391144";2;2;2;"818.222559126743";"371.345664038811";"15.9078229229836";"807.352614015573";"326.643492769744";"17.829254727475";"815.382196419932";"368.89114658926";"12.8355104015481"
"NPC_dA_rep4a_new_Zfp_10kb_Airyscan_4y_08";6;"125.982752";1;0;0;"NaN";"NaN";"NaN";NA;NA;NA;"NaN";"NaN";"NaN";"NaN";"NaN";"NaN";"NaN";"NaN";"NaN"
"NPC_dA_rep4a_new_Zfp_10kb_Airyscan_4y_08";8;"410.249728";1;2;2;"0.436808163916834";"0.577781864585983";"0.88834961728265";1;1;1;"1363.90431837426";"1979.47756138865";"24.6350550381033";"1373.7358738502";"1982.34756898817";"23.5525624178712";"1352.16293473082";"1979.79704621248";"22.2329680800381"
"NPC_dA_rep4a_new_Zfp_10kb_Airyscan_4y_08";9;"647.27264";2;3;3;"3.46181980733499";"3.90394152734042";"0.563822584850529";1;2;2;"1664.79441624365";"892.731979695432";"16.8741116751269";"1620.32034412955";"827.831983805668";"6.57186234817814";"1607.2417027417";"825.159451659452";"5.27849927849928"
"NPC_dA_rep4a_new_Zfp_10kb_Airyscan_4y_08";9;"647.27264";2;3;3;"0.711990550522832";"0.594285451526383";"0.212901843007447";2;3;3;"1759.39730290456";"784.643153526971";"24.2209543568465";"1760.16773308958";"801.728976234004";"22.8121572212066";"1758.61850393701";"797.388976377953";"22.0511811023622"
"NPC_dA_rep4a_new_Zfp_10kb_Airyscan_4y_08";10;"805.324352";4;2;5;"0.787258369738004";"0.969929742804477";"0.424643142398154";1;1;2;"1784.72132701422";"1938.69194312796";"21.175355450237";"1778.12249877989";"1929.91898487067";"16.5080527086384";"1783.01437024514";"1935.44209636517";"14.3271344040575"
"NPC_dA_rep4a_new_Zfp_10kb_Airyscan_4y_08";10;"805.324352";4;2;5;"0.493952355248735";"0.401632560912137";"0.336574497607317";2;2;4;"1683.87516254876";"1617.84395318596";"34.1957087126138";"1688.97353603604";"1617.26463963964";"30.9864864864865";"1687.6941362916";"1610.77892234548";"32.4738510301109"
"NPC_dA_rep4a_new_Zfp_10kb_Airyscan_4y_08";11;"692.270208";2;3;1;"0.539685180694828";"4.76201123063851";"4.63984070389561";1;2;1;"1771.35898830568";"1142.3937992929";"12.7481642643459";"1762.41145490454";"1147.03489137591";"10.1856484529296";"1706.61797752809";"1224.5088282504";"29.008025682183"
"NPC_dA_rep4a_new_Zfp_10kb_Airyscan_4y_08";12;"181.701184";0;2;2;"NaN";"NaN";"NaN";NA;NA;NA;"NaN";"NaN";"NaN";"NaN";"NaN";"NaN";"NaN";"NaN";"NaN"
"NPC_dA_rep4a_new_Zfp_10kb_Airyscan_4y_08";13;"475.320384";1;2;3;"0.835137888337792";"1.23651620923923";"0.441113398062589";1;2;2;"2147.54418604651";"1534.22790697674";"36.5275747508306";"2140.6879875195";"1521.02418096724";"32.3424336973479";"2136.35153256705";"1519.28256704981";"29.4885057471264"
"NPC_dA_rep4a_new_Zfp_10kb_Airyscan_4y_08";14;"608.437088";2;3;3;"0.602892804670648";"0.656936512178481";"0.337547059876404";1;3;3;"2207.23217807833";"1792.94223724993";"36.1011552550014";"2214.01841964762";"1802.31179925254";"33.3408969567539";"2209.37916063676";"1798.22250361794";"31.7004341534009"
"NPC_dA_rep4a_new_Zfp_10kb_Airyscan_4y_08";16;"1054.590208";4;3;3;"0.409485236015202";"0.695702190247041";"0.432422067613085";2;1;2;"2358.14355914356";"1388.12214812215";"35.8518778518779";"2360.87085811385";"1393.15717926933";"33.4273576890399";"2365.39770773639";"1386.52836676218";"31.358452722063"
"NPC_dA_rep4a_new_Zfp_10kb_Airyscan_4y_08";16;"1054.590208";4;3;3;"0.688872927499435";"0.563754491825552";"0.337316207311035";3;2;3;"2330.20173364854";"1627.0133963751";"45.2088258471237";"2321.8291065158";"1623.25399921966";"41.0452594615685";"2329.42991631799";"1620.32949790795";"41.6705020920502"
"NPC_dA_rep4a_new_Zfp_10kb_Airyscan_4y_08";17;"840.152096";3;4;2;"2.60437253182154";"3.73127920232221";"2.76205881824048";1;1;1;"2583.39743589744";"416.999013806706";"14.008382642998";"2523.18007458711";"397.770911028237";"18.4656366542355";"2550.18574108818";"337.499687304565";"24.223889931207"
"NPC_dA_rep4a_new_Zfp_10kb_Airyscan_4y_08";18;"660.331168";2;3;2;"1.08969199414197";"1.01571019689952";"0.26441871266855";1;1;1;"2709.11927877947";"1866.93666204346";"13.4489135460009";"2697.6843220339";"1875.09957627119";"6.78036723163842";"2704.26823134954";"1875.69153394803";"6.78122380553227"
"NPC_dA_rep4a_new_Zfp_10kb_Airyscan_4y_08";18;"660.331168";2;3;2;"0.45535356455205";"0.486014707386161";"0.342694023576438";2;3;2;"2626.75497835498";"1883.29437229437";"44.5290043290043";"2623.47208480565";"1894.13922261484";"44.2155477031802";"2616.38464662876";"1889.37327376117";"44.0231519090171"
"NPC_dA_rep4a_new_Zfp_10kb_Airyscan_4y_08";19;"399.977312";1;2;2;"0.376113248940822";"0.592291070078406";"0.847300421288135";1;2;2;"2681.63939174511";"2376.85734974656";"26.2273714699493";"2678.73840035351";"2368.58727353071";"27.2006186478126";"2673.33676207513";"2384.27549194991";"23.438282647585"
"NPC_dA_rep4a_new_Zfp_10kb_Airyscan_4y_08";20;"317.91424";3;4;0;"NaN";"NaN";"NaN";NA;NA;NA;"NaN";"NaN";"NaN";"NaN";"NaN";"NaN";"NaN";"NaN";"NaN"
"NPC_dA_rep4a_new_Zfp_10kb_Airyscan_4y_09";1;"276.686368";2;2;2;"1.62505128380289";"0.696731214887856";"1.12604322333134";1;2;2;"46.3333990147783";"732.895763546798";"17.6354679802956";"9.39374498797113";"743.11387329591";"21.4851643945469";"31.1607538802661";"726.869179600887";"19.370288248337"
"NPC_dA_rep4a_new_Zfp_10kb_Airyscan_4y_09";2;"2741.428032";12;9;10;"0.672401208632552";"5.59233460125947";"6.19345123125174";2;2;3;"1018.90730932203";"2184.52701271186";"10.7298728813559";"1008.18368983957";"2195.64919786096";"12.6224598930481";"1139.01244813278";"2112.98423236515";"11.204979253112"
"NPC_dA_rep4a_new_Zfp_10kb_Airyscan_4y_09";2;"2741.428032";12;9;10;"0.658172210892608";"0.479565451303026";"0.590009032656979";5;6;6;"492.409616555082";"2024.31710286062";"19.273280584297";"503.609993510707";"2012.28163530175";"19.0830629461389";"498.523364485981";"2020.78209542548";"16.5051647811117"
"NPC_dA_rep4a_new_Zfp_10kb_Airyscan_4y_09";2;"2741.428032";12;9;10;"0.344310003693182";"0.701593530519291";"0.535969721948673";6;4;5;"92.0870406189555";"2110.84042553192";"19.4206963249516";"90.9498878085266";"2103.56619296933";"18.1465968586387";"89.6185270425777";"2110.58630609896";"14.4597238204833"
"NPC_dA_rep4a_new_Zfp_10kb_Airyscan_4y_09";2;"2741.428032";12;9;10;"0.516244789115256";"6.97334156118228";"7.38561537578549";11;8;9;"699.873786407767";"1993.56171983356";"33.5908460471567";"688.01953125";"1988.69642857143";"33.1506696428571";"866.226383454444";"1965.21911682504";"21.0855226383454"
"NPC_dA_rep4a_new_Zfp_10kb_Airyscan_4y_09";3;"142.366336";1;0;1;"NaN";"NaN";"NaN";NA;NA;NA;"NaN";"NaN";"NaN";"NaN";"NaN";"NaN";"NaN";"NaN";"NaN"
"NPC_dA_rep4a_new_Zfp_10kb_Airyscan_4y_09";4;"164.378368";1;1;0;"NaN";"NaN";"NaN";NA;NA;NA;"NaN";"NaN";"NaN";"NaN";"NaN";"NaN";"NaN";"NaN";"NaN"
"NPC_dA_rep4a_new_Zfp_10kb_Airyscan_4y_09";5;"452.564224";2;1;1;"0.72391704762403";"0.59856753565734";"0.635750412698567";2;1;1;"407.864436619718";"1359.97799295775";"29.931338028169";"425.947368421053";"1360.71291866029";"29.9453178400547";"416.509199632015";"1351.15501379945";"27.5179392824287"
"NPC_dA_rep4a_new_Zfp_10kb_Airyscan_4y_09";6;"473.401376";2;2;2;"0.400767221704343";"0.440037921734055";"0.325084883820008";1;1;1;"750.008153281696";"334.65389319201";"18.3819812474521";"758.969988674972";"336.226500566251";"17.1834654586636";"753.539221741816";"336.647313156269";"15.4601605929586"
"NPC_dA_rep4a_new_Zfp_10kb_Airyscan_4y_09";6;"473.401376";2;2;2;"0.541207917732119";"1.66968420587718";"1.98341662316085";2;2;2;"636.111157368859";"266.848459616986";"38.071190674438";"628.239357429719";"256.151004016064";"38.8088353413655";"666.762199476315";"275.71292549393";"45.7607712449417"
"NPC_dA_rep4a_new_Zfp_10kb_Airyscan_4y_09";7;"493.445792";3;2;2;"0.865547543802015";"0.879583622883868";"1.0972847947495";3;1;1;"838.67417677643";"1251.57972270364";"17.7045060658579";"835.714668094218";"1234.68790149893";"13.9341541755889";"849.477289650037";"1257.91064780343";"12.5398361876396"
"NPC_dA_rep4a_new_Zfp_10kb_Airyscan_4y_09";8;"855.165248";3;2;4;"0.239433731217758";"0.334524052601743";"0.353730296021667";1;1;2;"1217.39770310506";"2535.46193109315";"11.5380689068481";"1222.62922122674";"2533.73121984838";"12.2060647829083";"1222.86535764376";"2535.47615708275";"9.73001402524544"
"NPC_dA_rep4a_new_Zfp_10kb_Airyscan_4y_09";8;"855.165248";3;2;4;"0.511044898510783";"0.534891133710351";"0.530457937943065";3;2;3;"1111.68586738111";"2843.84795713329";"15.8094440723376";"1110.14723404255";"2831.38893617021";"16.4876595744681";"1105.69893899204";"2836.17152961981";"13.1900972590628"
"NPC_dA_rep4a_new_Zfp_10kb_Airyscan_4y_09";9;"1019.236736";4;2;4;"0.118312056060222";"0.383056196622024";"0.314216161604205";2;2;3;"1440.43106704438";"1480.86874409821";"17.6052880075543";"1438.59622641509";"1482.19905660377";"17.0622641509434";"1440.86075949367";"1482.57706626955";"14.915860014892"
"NPC_dA_rep4a_new_Zfp_10kb_Airyscan_4y_09";11;"1050.004032";7;5;3;"2.51846103966418";"2.4362536553856";"0.178241101972628";5;4;3;"1589.5165962583";"472.481593240797";"44.173808086904";"1537.75342465753";"436.638508371385";"44.1643835616438";"1539.55454545455";"437.869155844156";"43.0542207792208"
"NPC_dA_rep4a_new_Zfp_10kb_Airyscan_4y_09";12;"900.133472";4;3;3;"0.515458043132172";"0.648166809655491";"0.850101938354307";2;2;2;"1553.9064516129";"1817.70887096774";"22.8314516129032";"1541.8282647585";"1818.28801431127";"21.5587358378056";"1560.37608695652";"1820.47391304348";"18.6608695652174"
"NPC_dA_rep4a_new_Zfp_10kb_Airyscan_4y_09";13;"987.366688";6;4;2;"0.324820711226085";"0.480823826000538";"0.530455618988043";3;3;2;"1901.7433250267";"1534.04200783197";"29.3414026343895";"1905.69291907514";"1538.5960982659";"27.7868497109827";"1893.90551680406";"1533.75206087508";"26.7387444514902"
"NPC_dA_rep4a_new_Zfp_10kb_Airyscan_4y_09";14;"477.05728";2;1;0;"NaN";"NaN";"NaN";NA;NA;NA;"NaN";"NaN";"NaN";"NaN";"NaN";"NaN";"NaN";"NaN";"NaN"
"NPC_dA_rep4a_new_Zfp_10kb_Airyscan_4y_09";15;"445.674656";1;2;2;"0.274747837392614";"0.55689560045156";"0.28423461351982";1;1;2;"1694.20975855131";"1766.35613682093";"24.8390342052314";"1692.67158931083";"1767.21870604782";"22.9423347398031";"1692.21222130471";"1767.68538398018";"20.9207266721718"
"NPC_dA_rep4a_new_Zfp_10kb_Airyscan_4y_09";16;"473.145792";2;2;0;"NaN";"NaN";"NaN";NA;NA;NA;"NaN";"NaN";"NaN";"NaN";"NaN";"NaN";"NaN";"NaN";"NaN"
"NPC_dA_rep4a_new_Zfp_10kb_Airyscan_4y_09";17;"439.620608";2;2;1;"0.299087994453789";"0.660241121598095";"0.551052130585952";2;2;1;"2217.84368600683";"1667.90716723549";"15.4744027303754";"2218.67747972551";"1669.64815970056";"13.410480349345";"2205.70852244075";"1673.63439233485";"12.7281896116994"
"NPC_dA_rep4a_new_Zfp_10kb_Airyscan_4y_09";18;"926.954336";4;5;3;"0.250522825915714";"3.3025257735287";"3.15714909958238";2;4;2;"2493.75763747454";"1683.6649694501";"20.1211812627291";"2488.13163716814";"1683.29977876106";"19.341814159292";"2428.57323420074";"1732.61040892193";"23.8684014869888"
"NPC_dA_rep4a_new_Zfp_10kb_Airyscan_4y_09";18;"926.954336";4;5;3;"0.319676863284218";"0.543415002453594";"0.682329819452084";4;5;3;"2913.98558187436";"1959.85375901133";"46.226570545829";"2914.06509803922";"1966.08470588235";"44.796862745098";"2904.25892116183";"1952.13609958506";"44.6514522821577"
"NPC_dA_rep4a_new_Zfp_10kb_Airyscan_4y_09";19;"230.251392";1;1;0;"NaN";"NaN";"NaN";NA;NA;NA;"NaN";"NaN";"NaN";"NaN";"NaN";"NaN";"NaN";"NaN";"NaN"
"NPC_dA_rep4a_new_Zfp_10kb_Airyscan_4y_09";20;"198.987936";2;1;1;"1.83959222276244";"1.54903296291424";"0.494491015617276";1;1;1;"1007.35283018868";"12.7207547169811";"8.94245283018868";"1048.73546701502";"29.0404964075767";"12.2769431743958";"1045.06086044071";"18.2602308499475";"10.903462749213"
"NPC_dA_rep4a_new_Zfp_10kb_Airyscan_4y_09";22;"309.777888";2;0;1;"NaN";"NaN";"NaN";NA;NA;NA;"NaN";"NaN";"NaN";"NaN";"NaN";"NaN";"NaN";"NaN";"NaN"
"NPC_dA_rep4a_new_Zfp_10kb_Airyscan_4y_09";23;"177.595264";1;0;1;"NaN";"NaN";"NaN";NA;NA;NA;"NaN";"NaN";"NaN";"NaN";"NaN";"NaN";"NaN";"NaN";"NaN"
"NPC_dA_rep4a_new_Zfp_10kb_Airyscan_4y_10";1;"2434.774272";14;8;5;"4.32572005063476";"0.472890168190219";"0.800844206558562";4;6;2;"622.123092573754";"1535.28585961343";"10.0076297049847";"521.74024691358";"1544.4612345679";"21.198024691358";"618.465641025641";"1527.74769230769";"7.62461538461538"
"NPC_dA_rep4a_new_Zfp_10kb_Airyscan_4y_10";1;"2434.774272";14;8;5;"0.590941088613157";"0.661952170997689";"4.3620276025848";10;4;3;"268.947411333062";"1403.0269058296";"18.140644109254";"256.449891067538";"1409.51525054466";"16.863834422658";"269.009513355287";"1399.10684229784";"13.5470179290157"
"NPC_dA_rep4a_new_Zfp_10kb_Airyscan_4y_10";1;"2434.774272";14;8;5;"0.476987096734441";"0.919949869746216";"0.519822178236655";13;7;4;"363.790018832392";"1499.07627118644";"24.271186440678";"355.833248081841";"1506.07979539642";"22.7104859335038";"355.555910543131";"1512.51490947817";"19.4856230031949"
"NPC_dA_rep4a_new_Zfp_10kb_Airyscan_4y_10";2;"771.671936";3;3;1;"0.598709754927662";"0.843858244898137";"0.732418764183486";2;2;1;"545.405875952122";"166.35146898803";"25.810119695321";"538.367549668874";"159.224061810155";"22.6324503311258";"550.928718582612";"168.984342810054";"20.0416151627524"
"NPC_dA_rep4a_new_Zfp_10kb_Airyscan_4y_10";3;"293.784288";1;1;0;"NaN";"NaN";"NaN";NA;NA;NA;"NaN";"NaN";"NaN";"NaN";"NaN";"NaN";"NaN";"NaN";"NaN"
"NPC_dA_rep4a_new_Zfp_10kb_Airyscan_4y_10";5;"378.335776";3;4;1;"0.42120556917805";"0.703121569626176";"0.600838403219934";3;3;1;"1112.24949290061";"1168.30425963489";"28.498985801217";"1117.44939647168";"1161.83286908078";"26.6480965645311";"1115.14389799636";"1172.46994535519";"23.6903460837887"
"NPC_dA_rep4a_new_Zfp_10kb_Airyscan_4y_10";7;"651.060256";1;1;1;"0.256953875622138";"7.47895150948386";"7.72609734323213";1;1;1;"1382.76301369863";"295.4";"11.7780821917808";"1385.20365752286";"300.884455527847";"11.1246882793017";"1335.45125348189";"116.113509749304";"18.642061281337"
"NPC_dA_rep4a_new_Zfp_10kb_Airyscan_4y_10";8;"90.18688";1;1;1;"2.70509074366303";"1.60374238778041";"1.24789015672289";1;1;1;"1359.27589285714";"1121.91875";"19.5785714285714";"1386.68403908795";"1062.22584147666";"14.9804560260586";"1369.26882177797";"1087.96427052318";"14.1973628243301"
"NPC_dA_rep4a_new_Zfp_10kb_Airyscan_4y_10";9;"1817.482912";9;5;3;"3.09420856578961";"4.03354516801447";"4.31588577486025";9;4;1;"2196.15698924731";"1793.31397849462";"36.858064516129";"2174.41959798995";"1838.34572864322";"19.9949748743719";"2174.39333976834";"1731.95849420849";"14.855694980695"
"NPC_dA_rep4a_new_Zfp_10kb_Airyscan_4y_10";10;"265.439328";2;2;1;"4.65711157358769";"5.0495460530512";"0.536877031483486";1;2;1;"1505.56905503634";"2718.69963655244";"16.7601246105919";"1508.47786768206";"2835.05045216564";"17.6387434554974";"1505.47798742138";"2844.81246426529";"15.1503716409377"
"NPC_dA_rep4a_new_Zfp_10kb_Airyscan_4y_10";11;"440.609792";2;2;1;"5.00595906905396";"5.48780712506641";"0.628198701900988";2;1;1;"1646.44380403458";"841.090489913545";"18.3757925072046";"1624.47079918033";"720.092213114754";"11.7433401639344";"1612.08421052632";"710.484210526316";"11.4715789473684"
"NPC_dA_rep4a_new_Zfp_10kb_Airyscan_4y_10";12;"1646.027712";3;6;3;"3.27311294452462";"3.36746413320277";"0.400231093134444";2;2;1;"2050.14860977948";"2626.3883029722";"17.2339405560882";"2126.25752508361";"2654.65468227425";"14.316889632107";"2124.34335038363";"2664.3037084399";"13.7941176470588"
"NPC_dA_rep4a_new_Zfp_10kb_Airyscan_4y_10";12;"1646.027712";3;6;3;"0.386836715731182";"1.33181234517817";"1.16884419258364";3;4;3;"2579.52855329949";"2725.79378172589";"35.0761421319797";"2584.95039370079";"2723.81496062992";"32.8590551181102";"2579.4930875576";"2696.00131665569";"30.8288347597103"
"NPC_dA_rep4a_new_Zfp_10kb_Airyscan_4y_10";15;"118.971104";2;0;0;"NaN";"NaN";"NaN";NA;NA;NA;"NaN";"NaN";"NaN";"NaN";"NaN";"NaN";"NaN";"NaN";"NaN"
"NPC_dA_rep4a_new_Zfp_10kb_Airyscan_4y_10";16;"68.733056";0;0;0;"NaN";"NaN";"NaN";NA;NA;NA;"NaN";"NaN";"NaN";"NaN";"NaN";"NaN";"NaN";"NaN";"NaN"
"NPC_dA_rep4a_new_Zfp_10kb_Airyscan_4y_10";17;"392.512064";2;3;1;"0.444425621533411";"0.620115427549373";"0.366270735608552";2;3;1;"2890.40104772992";"91.6536670547148";"35.1990686845169";"2882.92299723757";"95.2600138121547";"33.0894337016575";"2888.57128240109";"99.206002728513";"31.3663028649386"
"NPC_dA_rep4a_new_Zfp_10kb_Airyscan_4y_10";18;"91.83552";1;0;0;"NaN";"NaN";"NaN";NA;NA;NA;"NaN";"NaN";"NaN";"NaN";"NaN";"NaN";"NaN";"NaN";"NaN"
"NPC_dA_rep4a_new_Zfp_10kb_Airyscan_4y_10";19;"64.904";1;2;0;"NaN";"NaN";"NaN";NA;NA;NA;"NaN";"NaN";"NaN";"NaN";"NaN";"NaN";"NaN";"NaN";"NaN"
"NPC_dA_rep4a_new_Zfp_10kb_Airyscan_4y_11";1;"308.312704";3;1;0;"NaN";"NaN";"NaN";NA;NA;NA;"NaN";"NaN";"NaN";"NaN";"NaN";"NaN";"NaN";"NaN";"NaN"
"NPC_dA_rep4a_new_Zfp_10kb_Airyscan_4y_11";2;"2413.619712";14;4;5;"1.96594603274721";"0.838046416316656";"1.99726453751149";5;1;1;"586.93422306959";"2054.99714013346";"15.7635843660629";"576.054470709147";"2015.01233299075";"8.21274409044193";"590.968704512373";"2062.12590975255";"10.2540029112082"
"NPC_dA_rep4a_new_Zfp_10kb_Airyscan_4y_11";2;"2413.619712";14;4;5;"0.545966905730727";"0.430357016150262";"0.393890354230331";14;4;5;"614.968506056528";"2003.17738896366";"31.0489905787349";"624.858189655172";"2006.78922413793";"28.5672413793103";"615.115473441109";"2007.76982294072";"28.2694380292533"
"NPC_dA_rep4a_new_Zfp_10kb_Airyscan_4y_11";3;"445.654272";5;2;1;"0.448363811277063";"0.592061467056354";"0.425467354701338";3;1;1;"227.055437100213";"1184.46695095949";"11.4925373134328";"223.10633213859";"1184.26841895659";"8.49581839904421";"224.550862068966";"1194.80474137931";"8.55172413793103"
"NPC_dA_rep4a_new_Zfp_10kb_Airyscan_4y_11";4;"1367.33184";8;6;6;"0.137757677646623";"0.549394009101204";"0.543413872219777";1;1;2;"696.154078549849";"493.448640483384";"14.7552870090634";"696.566925064599";"495.714728682171";"14.0237726098191";"687.784791965567";"487.90243902439";"12.077474892396"
"NPC_dA_rep4a_new_Zfp_10kb_Airyscan_4y_11";4;"1367.33184";8;6;6;"0.348527432001087";"0.742529244323021";"0.477438126771285";4;2;3;"859.284316819186";"365.859577153676";"20.5765225623225";"866.098609355246";"369.420986093552";"19.4053940160135";"867.833030852995";"370.264065335753";"16.0399274047187"
"NPC_dA_rep4a_new_Zfp_10kb_Airyscan_4y_11";4;"1367.33184";8;6;6;"0.48888347977016";"0.25014483378667";"0.388330839713685";8;6;6;"762.120054570259";"380.50204638472";"28.5327421555252";"773.838938053097";"383.486725663717";"29.0389380530973";"766.311156601842";"382.3582395087";"27.3172978505629"
"NPC_dA_rep4a_new_Zfp_10kb_Airyscan_4y_11";6;"321.976256";1;1;1;"2.27950693107475";"0.771904473742927";"2.6478027160139";1;1;1;"1553.31002331002";"1272.75524475524";"10.975912975913";"1550.82853315472";"1327.65907568654";"6.67113194909578";"1540.05019305019";"1262.57335907336";"8.22200772200772"
"NPC_dA_rep4a_new_Zfp_10kb_Airyscan_4y_11";7;"1477.152544";6;8;7;"0.253542598748402";"0.556346492265435";"0.579224912434246";2;2;1;"1488.90643274854";"932.205328135153";"15.8758934372969";"1492.78689320388";"937.020873786408";"16.2728155339806";"1488.16532663317";"938.81256281407";"12.3854271356784"
"NPC_dA_rep4a_new_Zfp_10kb_Airyscan_4y_11";7;"1477.152544";6;8;7;"0.240676924939022";"0.441906220509889";"0.659588984677646";5;6;6;"1900.6051800379";"540.246367656349";"24.2387871130764";"1896.33025895708";"544.324228449805";"23.9130897481376";"1895.62606741573";"545.345617977528";"21.8269662921348"
"NPC_dA_rep4a_new_Zfp_10kb_Airyscan_4y_11";7;"1477.152544";6;8;7;"0.750694234250805";"0.37384605778816";"0.296243232353116";6;5;4;"1941.05889646621";"858.033477991321";"19.5573465592064";"1942.12083729781";"875.577545195052";"17.6774500475737";"1936.56624825662";"860.110181311018";"17.292189679219"
"NPC_dA_rep4a_new_Zfp_10kb_Airyscan_4y_11";8;"671.8152";4;4;3;"0.40205511100192";"0.657261605203446";"0.308665087356376";2;1;2;"1557.85957446809";"1671.57234042553";"15.9290780141844";"1559.9708141321";"1671.61827956989";"13.1213517665131";"1558.22296072508";"1676.24773413897";"11.4296072507553"
"NPC_dA_rep4a_new_Zfp_10kb_Airyscan_4y_11";8;"671.8152";4;4;3;"0.735193813546398";"0.523670189133079";"0.732081440335088";3;2;3;"1577.95861229458";"1879.02617163725";"27.1393791844187";"1572.64051863857";"1872.1017828201";"22.5183144246353";"1587.97930283224";"1878.3660130719";"24.739651416122"
"NPC_dA_rep4a_new_Zfp_10kb_Airyscan_4y_11";10;"399.340032";2;1;1;"0.801783684023061";"0.675969643565565";"0.395076928288758";1;1;1;"1765.3486961795";"1442.48999393572";"17.4378411158278";"1756.27763304801";"1429.66356531448";"13.8809080759211";"1756.14400805639";"1439.44108761329";"13.4833836858006"
"NPC_dA_rep4a_new_Zfp_10kb_Airyscan_4y_11";11;"606.77792";3;2;5;"0.903286399694666";"0.522625869832341";"0.451214070173623";2;1;3;"2163.66549758878";"1657.38667251206";"14.872424375274";"2171.11739287";"1671.59812747569";"10.3327331652863";"2168.79713390058";"1661.57545902373";"11.6547245857591"
"NPC_dA_rep4a_new_Zfp_10kb_Airyscan_4y_11";11;"606.77792";3;2;5;"0.495349045174806";"0.440289760070433";"0.673900329099258";3;2;5;"2103.36218057922";"1589.61431005111";"19.5628620102215";"2097.52397619881";"1578.87049352468";"19.002800140007";"2108.57822913361";"1588.97841954935";"16.7994287527769"
"NPC_dA_rep4a_new_Zfp_10kb_Airyscan_4y_11";13;"558.863648";2;1;1;"8.1446839461689";"8.21543575288438";"0.211102656367756";2;1;1;"2561.9880952381";"185.339635854342";"32.1547619047619";"2725.50051387461";"296.396711202467";"18.1870503597122";"2725.56567957479";"297.132118451025";"16.6940015186029"
"NPC_dA_rep4a_new_Zfp_10kb_Airyscan_4y_11";14;"328.866496";3;3;1;"2.036507197945";"1.81695971612739";"0.670333794620723";2;1;1;"2830.23514211886";"1776.56330749354";"24.4961240310078";"2874.92356020942";"1764.2942408377";"18.4722513089005";"2868.75617615467";"1779.62406015038";"17.6741854636591"
"NPC_dA_rep4a_new_Zfp_10kb_Airyscan_4y_12";1;"1686.451648";6;6;6;"0.363158472328266";"0.5735064097593";"0.593273866585636";2;1;4;"512.729758149316";"1346.29547844374";"11.3438485804416";"521.69905362776";"1346.3785488959";"10.9425867507886";"514.855992844365";"1337.53935599284";"8.15742397137746"
"NPC_dA_rep4a_new_Zfp_10kb_Airyscan_4y_12";1;"1686.451648";6;6;6;"3.1327212157419";"0.951039696738983";"0.587938654400509";3;6;3;"558.810228802153";"789.757738896366";"14.14266487214";"515.378820960699";"844.304585152838";"24.3329694323144";"564.170333569908";"774.481902058197";"9.16749467707594"
"NPC_dA_rep4a_new_Zfp_10kb_Airyscan_4y_12";1;"1686.451648";6;6;6;"0.321223156600098";"0.686461429765981";"4.01461653022822";6;4;6;"540.979724837075";"1217.02968863143";"22.8320057929037";"548.790823211876";"1215.43859649123";"22.5542060278902";"547.963619402985";"1215.94589552239";"18.3638059701493"
"NPC_dA_rep4a_new_Zfp_10kb_Airyscan_4y_12";2;"6674.059616";25;28;30;"0.476513231252836";"0.645289389413662";"4.39655943038236";3;3;3;"1059.85870445344";"1899.58097165992";"13.1412955465587";"1052.11184865582";"1893.50746764023";"11.2243611018918";"1054.49314079422";"1905.54945848375";"9.14296028880866"
"NPC_dA_rep4a_new_Zfp_10kb_Airyscan_4y_12";2;"6674.059616";25;28;30;"1.01941370639481";"0.401435743340815";"0.570963964112125";4;7;6;"1071.10560625815";"1864.68578878748";"11.5541069100391";"1052.85822120118";"1846.8962914342";"11.4788316376764";"1064.98655139289";"1858.83621517771";"10.0139289145053"
"NPC_dA_rep4a_new_Zfp_10kb_Airyscan_4y_12";2;"6674.059616";25;28;30;"0.40560533299443";"0.721939000877824";"0.372545591747195";5;6;2;"841.261836146562";"2025.00411692054";"13.2202552490737";"847.052312357847";"2019.54586808188";"11.4245640636846";"846.273301737757";"2016.22274881517";"8.94865718799368"
"NPC_dA_rep4a_new_Zfp_10kb_Airyscan_4y_12";2;"6674.059616";25;28;30;"0.398850674787769";"0.731992615029033";"0.710994725265903";7;10;8;"878.590778097983";"2304.23126801153";"14.6318443804035";"880.698008849557";"2295.9546460177";"13.1615044247788";"870.122950819672";"2315.47982345523";"11.2919293820933"
"NPC_dA_rep4a_new_Zfp_10kb_Airyscan_4y_12";2;"6674.059616";25;28;30;"0.397874501599908";"0.504947282870455";"0.777693221475746";14;12;12;"819.217905405405";"1372.375";"17.8192567567568";"821.351224105461";"1379.89077212806";"16.060263653484";"823.444055944056";"1374.60314685315";"14.4807692307692"
"NPC_dA_rep4a_new_Zfp_10kb_Airyscan_4y_12";2;"6674.059616";25;28;30;"0.891724551668133";"0.369106021510397";"0.925964979117879";15;8;18;"597.510865692911";"1823.66690416815";"19.5892411827574";"599.30454845089";"1822.12326961107";"13.255767963085";"589.938121546961";"1822.46077348066";"18.1226519337017"
"NPC_dA_rep4a_new_Zfp_10kb_Airyscan_4y_12";2;"6674.059616";25;28;30;"0.139786531482114";"3.77853482608028";"0.31723873253316";16;15;10;"1662.77636363636";"1896.2496969697";"18.5406060606061";"1665.67292225201";"1898.20308310992";"18.5643431635389";"1571.38839285714";"1886.50111607143";"12.3035714285714"
"NPC_dA_rep4a_new_Zfp_10kb_Airyscan_4y_12";2;"6674.059616";25;28;30;"0.613944981429504";"0.506429041492579";"0.423640373716592";17;13;19;"1329.17741015402";"1068.80433542499";"20.3571021106674";"1315.55667506297";"1065.61245052177";"18.5530766462756";"1324.86376274328";"1065.23076923077";"17.1130676552363"
"NPC_dA_rep4a_new_Zfp_10kb_Airyscan_4y_12";2;"6674.059616";25;28;30;"0.44747661761145";"0.702761333830347";"3.90008717524506";18;20;22;"872.071276141699";"2225.0439607341";"23.9317114810073";"873.301011029412";"2213.93060661765";"24.0340073529412";"864.919491525424";"2210.56355932203";"21.9555084745763"
"NPC_dA_rep4a_new_Zfp_10kb_Airyscan_4y_12";2;"6674.059616";25;28;30;"0.470778605965025";"0.533471299253038";"0.463911728037713";19;22;20;"1523.31634304207";"1970.06796116505";"23.3948220064725";"1519.04252303331";"1979.79659815734";"21.9489723600283";"1518.8067061144";"1972.66863905325";"19.8865877712032"
"NPC_dA_rep4a_new_Zfp_10kb_Airyscan_4y_12";2;"6674.059616";25;28;30;"0.472953607916526";"0.52117614797659";"0.405892459577029";21;26;26;"1261.9714774672";"2093.0661722761";"28.2835139760411";"1271.15384615385";"2096.9020242915";"26.4591093117409";"1270.5232712766";"2096.6914893617";"25.6728723404255"
"NPC_dA_rep4a_new_Zfp_10kb_Airyscan_4y_12";2;"6674.059616";25;28;30;"0.361254400730306";"0.816016104611493";"0.879970157772633";22;24;27;"595.481757259866";"1645.12807148176";"29.4966492926284";"589.582712369598";"1646.02831594635";"27.5597615499255";"609.02110817942";"1655.20492524186";"26.2225153913808"
"NPC_dA_rep4a_new_Zfp_10kb_Airyscan_4y_12";2;"6674.059616";25;28;30;"4.64046278544493";"0.89335555165403";"0.113239672744191";23;2;28;"950.572609990076";"1304.90936156136";"31.4611313264969";"948.784431137725";"1213.28517964072";"11.1362275449102";"966.903314917127";"1306.1408839779";"27.122467771639"
"NPC_dA_rep4a_new_Zfp_10kb_Airyscan_4y_12";3;"479.605728";3;2;3;"0.6681285126895";"1.05756731417139";"0.439246285686338";1;1;1;"922.755565449688";"366.093054318789";"11.9180765805877";"907.109904573873";"365.269825600526";"10.2635735439289";"897.231066460587";"370.062596599691";"10.3075734157651"
"NPC_dA_rep4a_new_Zfp_10kb_Airyscan_4y_12";3;"479.605728";3;2;3;"0.29382384532294";"0.571042060417197";"0.288668531118429";3;2;3;"881.651721664275";"485.276542324247";"26.6728837876614";"883.070083682008";"487.411610878661";"24.7060669456067";"883.07938820102";"491.780043699927";"23.0648215586307"
"NPC_dA_rep4a_new_Zfp_10kb_Airyscan_4y_12";4;"704.037152";4;4;2;"0.314042572491249";"1.85244859442463";"1.58063895260507";2;1;2;"994.776486671224";"2702.22214627478";"25.2638414217362";"1000.1318275154";"2700.42094455852";"23.7063655030801";"1035.59015384615";"2684.85107692308";"21.4603076923077"
"NPC_dA_rep4a_new_Zfp_10kb_Airyscan_4y_12";5;"507.58512";1;1;3;"0.249646149960834";"0.69846023780549";"0.475331169424813";1;1;2;"1236.52327935223";"210.486504723347";"16.0431848852901";"1234.30943396226";"214.405224963716";"14.8078374455733";"1232.83158375171";"216.732542218165";"11.5052487448654"
"NPC_dA_rep4a_new_Zfp_10kb_Airyscan_4y_12";6;"138.591936";1;0;0;"NaN";"NaN";"NaN";NA;NA;NA;"NaN";"NaN";"NaN";"NaN";"NaN";"NaN";"NaN";"NaN";"NaN"
"NPC_dA_rep4a_new_Zfp_10kb_Airyscan_4y_12";7;"263.554368";1;0;0;"NaN";"NaN";"NaN";NA;NA;NA;"NaN";"NaN";"NaN";"NaN";"NaN";"NaN";"NaN";"NaN";"NaN"
"NPC_dA_rep4a_new_Zfp_10kb_Airyscan_4y_12";8;"1032.133312";4;3;4;"0.221607500908186";"6.60885233375289";"6.77317495558827";3;2;1;"1887.17974513749";"2056.20657276995";"17.8558014755198";"1890.81433224756";"2058.19299674267";"16.8045602605863";"1725.71456185567";"2021.44523195876";"19.0921391752577"
"NPC_dA_rep4a_new_Zfp_10kb_Airyscan_4y_12";8;"1032.133312";4;3;4;"0.400054105032658";"0.192360608540007";"0.47518028658732";4;3;2;"2014.83377192982";"1793.60701754386";"14.9600877192982";"2024.44093686354";"1791.42057026477";"14.469450101833";"2013.41680532446";"1794.94342762063";"13.7038269550749"
"NPC_dA_rep4a_new_Zfp_10kb_Airyscan_4y_12";9;"645.506848";3;2;3;"0.157479036860822";"0.539891263875859";"0.661715190405025";1;1;1;"2001.19887955182";"887.051540616246";"11.8481792717087";"2003.30171935663";"883.885745978924";"11.5546311702718";"1991.80472764645";"894.731757451182";"10.1593011305242"
"NPC_dA_rep4a_new_Zfp_10kb_Airyscan_4y_12";9;"645.506848";3;2;3;"0.416873746911687";"2.74107928477464";"2.56213956749446";3;2;2;"2126.48920265781";"555.716777408638";"21.3172757475083";"2130.49225715626";"555.433129985922";"18.5692163303613";"2170.56896551724";"505.965517241379";"16.5557471264368"
"NPC_dA_rep4a_new_Zfp_10kb_Airyscan_4y_12";10;"582.922592";4;2;1;"0.435641170268786";"3.02172607425073";"2.65527691834034";4;2;1;"2054.81304347826";"333.039130434783";"28.8163043478261";"2063.42442645074";"326.386639676113";"28.6875843454791";"2124.00378931413";"317.738158393331";"21.3368700265252"
"NPC_dA_rep4a_new_Zfp_10kb_Airyscan_4y_12";11;"268.653728";0;2;1;"NaN";"NaN";"NaN";NA;NA;NA;"NaN";"NaN";"NaN";"NaN";"NaN";"NaN";"NaN";"NaN";"NaN"
"NPC_dA_rep4a_new_Zfp_10kb_Airyscan_4y_12";12;"177.77312";3;2;0;"NaN";"NaN";"NaN";NA;NA;NA;"NaN";"NaN";"NaN";"NaN";"NaN";"NaN";"NaN";"NaN";"NaN"
"NPC_dA_rep4a_new_Zfp_10kb_Airyscan_4y_12";14;"217.917952";1;1;1;"0.344934310776221";"8.3635601853294";"8.09091175995619";1;1;1;"2781.74050915587";"2758.30147387226";"16.1259490844127";"2773.2392974753";"2757.08781558727";"15.9012074643249";"2598.61262798635";"2859.03981797497";"14.4556313993174"
"NPC_dA_rep4a_new_Zfp_10kb_Airyscan_4y_12";15;"372.905792";3;3;1;"4.23609592543331";"0.638895669636589";"4.16476271933481";1;1;1;"1483.98811453269";"139.979470556456";"14.4813614262561";"1469.6149341142";"244.874816983895";"15.1632503660322";"1498.24257057949";"144.812407132244";"16.008543833581"
"NPC_dA_rep4a_new_Zfp_10kb_Airyscan_4y_12";16;"85.932224";1;0;0;"NaN";"NaN";"NaN";NA;NA;NA;"NaN";"NaN";"NaN";"NaN";"NaN";"NaN";"NaN";"NaN";"NaN"
"NPC_dA_rep4a_new_Zfp_10kb_Airyscan_4y_12";17;"80.638432";1;0;1;"NaN";"NaN";"NaN";NA;NA;NA;"NaN";"NaN";"NaN";"NaN";"NaN";"NaN";"NaN";"NaN";"NaN"
"NPC_dA_rep4a_new_Zfp_10kb_Airyscan_4y_13";1;"831.699456";2;3;3;"0.495590760607987";"0.933469397727825";"0.556515994585692";1;1;1;"125.496086105675";"1613.94765166341";"10.8493150684932";"127.095314164004";"1611.48881789137";"7.41001064962726";"117.090758392043";"1607.17488603398";"4.9378367177787"
"NPC_dA_rep4a_new_Zfp_10kb_Airyscan_4y_13";1;"831.699456";2;3;3;"0.694546120819612";"0.976036619516663";"0.73568153326801";2;2;3;"304.356329849013";"1673.94099883856";"24.8696864111498";"290.262372188139";"1678.72944785276";"22.3153374233129";"281.21675155631";"1677.24278438031";"26.8709677419355"
"NPC_dA_rep4a_new_Zfp_10kb_Airyscan_4y_13";2;"177.681504";1;1;0;"NaN";"NaN";"NaN";NA;NA;NA;"NaN";"NaN";"NaN";"NaN";"NaN";"NaN";"NaN";"NaN";"NaN"
"NPC_dA_rep4a_new_Zfp_10kb_Airyscan_4y_13";3;"338.915584";2;4;3;"0.164117053643333";"0.544418807208802";"0.388109299426895";1;2;1;"511.411063423939";"849.334287076776";"14.6936893975521";"510.697238408918";"849.036736762098";"13.5424372941475";"512.311550151976";"849.655521783181";"10.8145896656535"
"NPC_dA_rep4a_new_Zfp_10kb_Airyscan_4y_13";4;"1554.784448";4;7;3;"0.729028656881814";"0.83746714855026";"0.472700233021564";1;1;2;"942.564439140811";"1740.03639618138";"9.38126491646778";"952.692422731805";"1750.93120638086";"6.37238285144566";"949.245083207262";"1743.98184568835";"3.82526475037821"
"NPC_dA_rep4a_new_Zfp_10kb_Airyscan_4y_13";4;"1554.784448";4;7;3;"0.705342372047843";"1.21557197150024";"1.09812226623373";4;7;3;"839.420968259057";"1705.37383776852";"35.1833921128567";"840.558647260274";"1720.69434931507";"32.7101883561644";"844.779400157853";"1703.78926598264";"26.6487766377269"
"NPC_dA_rep4a_new_Zfp_10kb_Airyscan_4y_13";5;"372.740256";2;1;2;"0.731222558415153";"0.584084836213546";"0.607960926234229";1;1;1;"777.380860318995";"2270.30449492508";"33.1822136297728";"793.95799876467";"2272.81470043237";"35.2637430512662";"789.569206842924";"2273.822187662";"31.116122343183"
"NPC_dA_rep4a_new_Zfp_10kb_Airyscan_4y_13";8;"291.98512";1;1;2;"0.526689780234197";"1.38538884362903";"0.892321828046454";1;1;1;"1010.50880503145";"2857.58050314465";"20.6446540880503";"1018.45848119233";"2848.45741660752";"19.1614620298084";"1026.54447852761";"2836.01380368098";"14.4026073619632"
"NPC_dA_rep4a_new_Zfp_10kb_Airyscan_4y_13";9;"122.60192";2;0;0;"NaN";"NaN";"NaN";NA;NA;NA;"NaN";"NaN";"NaN";"NaN";"NaN";"NaN";"NaN";"NaN";"NaN"
"NPC_dA_rep4a_new_Zfp_10kb_Airyscan_4y_13";10;"325.594528";2;2;0;"NaN";"NaN";"NaN";NA;NA;NA;"NaN";"NaN";"NaN";"NaN";"NaN";"NaN";"NaN";"NaN";"NaN"
"NPC_dA_rep4a_new_Zfp_10kb_Airyscan_4y_13";11;"3040.849504";15;12;10;"0.431312263929753";"0.453955002161481";"0.318965018515735";1;1;2;"1808.30818414322";"1805.92114236999";"11.618073316283";"1803.5771484375";"1796.943359375";"10.57666015625";"1807.57260406583";"1800.16021297193";"8.83228460793804"
"NPC_dA_rep4a_new_Zfp_10kb_Airyscan_4y_13";11;"3040.849504";15;12;10;"0.111772625558465";"0.875625687943531";"0.78476611917832";5;2;3;"1416.2380952381";"1748.87391012743";"16.2810194500335";"1418.07732497388";"1750.578892372";"15.9289446185998";"1419.35182250396";"1764.9793977813";"12.1394611727417"
"NPC_dA_rep4a_new_Zfp_10kb_Airyscan_4y_13";11;"3040.849504";15;12;10;"1.17079608643678";"1.22303352740101";"0.914936446787903";7;6;7;"1846.4161280394";"1670.5350877193";"27.1849799938443";"1819.07112496458";"1680.97393029187";"27.2113913289884";"1823.24956896552";"1670.78060344828";"21.4840517241379"
"NPC_dA_rep4a_new_Zfp_10kb_Airyscan_4y_13";11;"3040.849504";15;12;10;"0.491115659776653";"0.610846785531498";"0.477016805036821";8;7;5;"1922.92760447322";"2234.6921718658";"23.9064155385521";"1919.2226443769";"2223.19300911854";"23.2811550151976";"1918.00033932813";"2228.22904648795";"20.2124194095691"
"NPC_dA_rep4a_new_Zfp_10kb_Airyscan_4y_13";11;"3040.849504";15;12;10;"0.171706820324104";"0.679748192419303";"0.522000310560617";11;10;8;"1764.79404510218";"1813.02149400987";"37.3939393939394";"1763.19990829895";"1812.015130674";"36.2920678587804";"1763.49015544041";"1811.83626943005";"32.5647668393782"
"NPC_dA_rep4a_new_Zfp_10kb_Airyscan_4y_13";12;"470.368416";2;2;1;"0.572026681185394";"0.617927544030706";"0.256564913168051";1;2;1;"1843.04988830975";"834.256887565153";"33.746835443038";"1837.48614410135";"843.701504354711";"31.1227236737926";"1842.8773800457";"843.16755521706";"30.1416603198781"
"NPC_dA_rep4a_new_Zfp_10kb_Airyscan_4y_13";13;"325.134432";1;1;0;"NaN";"NaN";"NaN";NA;NA;NA;"NaN";"NaN";"NaN";"NaN";"NaN";"NaN";"NaN";"NaN";"NaN"
"NPC_dA_rep4a_new_Zfp_10kb_Airyscan_4y_13";14;"813.813728";4;4;2;"0.272407799961264";"0.545286029622019";"0.578148393945296";3;3;1;"2035.57389473684";"14.6606315789474";"28.6875789473684";"2030.62657807309";"9.98272425249169";"28.6471760797342";"2031.50097276265";"16.8647859922179";"25.0243190661479"
"NPC_dA_rep4a_new_Zfp_10kb_Airyscan_4y_13";14;"813.813728";4;4;2;"0.417496542816274";"1.99511223119785";"2.40105122824948";4;4;2;"2056.73280071016";"336.111850865513";"29.3297825122059";"2050.30734463277";"344.310169491525";"29.1401129943503";"2096.16";"305.571578947368";"29.1115789473684"
"NPC_dA_rep4a_new_Zfp_10kb_Airyscan_4y_13";16;"55.390944";0;0;0;"NaN";"NaN";"NaN";NA;NA;NA;"NaN";"NaN";"NaN";"NaN";"NaN";"NaN";"NaN";"NaN";"NaN"
"NPC_dA_rep4a_new_Zfp_10kb_Airyscan_4y_14";1;"820.471456";2;4;3;"0.679999880538656";"4.57247931001585";"4.14604416986443";2;3;2;"357.11158392435";"2160.08557919622";"32.6581560283688";"359.292817679558";"2165.47513812155";"28.0939226519337";"284.141900937082";"2174.92369477912";"7.87751004016064"
"NPC_dA_rep4a_new_Zfp_10kb_Airyscan_4y_14";2;"786.334304";4;2;3;"0.140794262816635";"0.647441450615512";"0.567562630561347";1;1;1;"323.406053683609";"352.696744717304";"12.1639063392347";"320.161806208843";"352.962841015992";"11.7812793979304";"318.523469770935";"352.761171610965";"7.75478783327075"
"NPC_dA_rep4a_new_Zfp_10kb_Airyscan_4y_14";2;"786.334304";4;2;3;"0.527196189019147";"1.00789504490223";"0.649822041748143";2;2;2;"310.092843326886";"148.828820116054";"31.9946808510638";"322.689709762533";"150.694459102902";"31.023746701847";"325.611929307806";"157.488217967599";"26.8910162002946"
"NPC_dA_rep4a_new_Zfp_10kb_Airyscan_4y_14";3;"421.720768";0;2;2;"NaN";"NaN";"NaN";NA;NA;NA;"NaN";"NaN";"NaN";"NaN";"NaN";"NaN";"NaN";"NaN";"NaN"
"NPC_dA_rep4a_new_Zfp_10kb_Airyscan_4y_14";4;"558.239808";1;2;0;"NaN";"NaN";"NaN";NA;NA;NA;"NaN";"NaN";"NaN";"NaN";"NaN";"NaN";"NaN";"NaN";"NaN"
"NPC_dA_rep4a_new_Zfp_10kb_Airyscan_4y_14";5;"861.391104";3;1;2;"5.31297517794128";"0.323122894285088";"5.065616850362";3;1;2;"366.144257703081";"1721.96078431373";"48.1071428571429";"425.463855421687";"1835.24623493976";"37.8456325301205";"365.972462203024";"1727.58207343413";"46.4503239740821"
"NPC_dA_rep4a_new_Zfp_10kb_Airyscan_4y_14";6;"316.680896";1;2;3;"0.475129639364393";"1.38324077933219";"0.922587822000802";1;2;1;"510.98452970297";"2811.97091584158";"26.8694306930693";"516.197002141328";"2821.6909350464";"25.6095645967166";"520.440700808625";"2840.70754716981";"22.0831087151842"
"NPC_dA_rep4a_new_Zfp_10kb_Airyscan_4y_14";7;"233.130464";3;2;0;"NaN";"NaN";"NaN";NA;NA;NA;"NaN";"NaN";"NaN";"NaN";"NaN";"NaN";"NaN";"NaN";"NaN"
"NPC_dA_rep4a_new_Zfp_10kb_Airyscan_4y_14";8;"898.392096";2;2;2;"0.522283053798819";"0.585589416136214";"0.714115853589602";2;1;1;"669.83789260385";"2676.77203647416";"16.0354609929078";"682.454237288136";"2679.68765133172";"16.5147699757869";"675.462762111352";"2670.71800433839";"12.5827910339841"
"NPC_dA_rep4a_new_Zfp_10kb_Airyscan_4y_14";9;"208.916288";0;0;1;"NaN";"NaN";"NaN";NA;NA;NA;"NaN";"NaN";"NaN";"NaN";"NaN";"NaN";"NaN";"NaN";"NaN"
"NPC_dA_rep4a_new_Zfp_10kb_Airyscan_4y_14";10;"208.053664";1;2;2;"0.215989642413357";"4.9881740925222";"5.15909729839485";1;1;1;"900.344752818734";"803.345620121422";"8.09019947961839";"899.757531227039";"803.082292432035";"6.55841293166789";"873.556921086675";"740.609314359638";"37.9165588615783"
"NPC_dA_rep4a_new_Zfp_10kb_Airyscan_4y_14";11;"7455.633472";23;24;27;"0.247059516029224";"0.614017988951822";"0.669346093826104";1;1;1;"1559.20361687877";"1431.5056932351";"8.1585733422639";"1558.61273428886";"1430.71664829107";"6.4164829106946";"1573.21498144712";"1425.23538961039";"8.14842300556586"
"NPC_dA_rep4a_new_Zfp_10kb_Airyscan_4y_14";11;"7455.633472";23;24;27;"0.217952434384693";"2.76732035738322";"2.90804863473105";2;2;19;"1750.16079632466";"1959.9438489025";"6.03726391015824";"1751.15153061224";"1958.61020408163";"4.55459183673469";"1756.18510405257";"1920.50602409639";"22.1861993428258"
"NPC_dA_rep4a_new_Zfp_10kb_Airyscan_4y_14";11;"7455.633472";23;24;27;"0.503525196821571";"0.985658926741892";"0.330108973047584";5;7;6;"1962.8099009901";"2003.37326732673";"10.3990099009901";"1960.77054429029";"2015.79402347919";"10.3521878335112";"1964.54001301236";"2016.38776837996";"4.44111906310995"
"NPC_dA_rep4a_new_Zfp_10kb_Airyscan_4y_14";11;"7455.633472";23;24;27;"0.427822585375305";"0.500128691293706";"0.317305793488801";7;5;13;"1761.58919319023";"1699.9319022946";"16.4455958549223";"1757.43791946309";"1700.64876957494";"13.636744966443";"1764.95833333333";"1702.19444444444";"13.0666666666667"
"NPC_dA_rep4a_new_Zfp_10kb_Airyscan_4y_14";11;"7455.633472";23;24;27;"3.779770778915";"3.8680788948433";"0.841508568281457";9;21;26;"2255.24849498328";"1992.90200668896";"21.1444816053512";"2215.28825622776";"1935.26690391459";"39.2384341637011";"2214.57121933358";"1941.17575979495";"41.3899670450384"
"NPC_dA_rep4a_new_Zfp_10kb_Airyscan_4y_14";11;"7455.633472";23;24;27;"0.320100258648546";"0.528220688017309";"0.504190531705367";10;14;15;"2265.34735645253";"1858.44570778852";"19.7600909607732";"2269.58292512246";"1851.75437368789";"19.4310706787964";"2261.9969183359";"1852.30893682589";"16.5593220338983"
"NPC_dA_rep4a_new_Zfp_10kb_Airyscan_4y_14";11;"7455.633472";23;24;27;"3.48298615321214";"3.65171960060263";"3.85945765295667";12;3;5;"2002.8692173913";"1438.91443478261";"23.1565217391304";"1957.34236453202";"1393.0381773399";"6.48522167487685";"1950.10535481062";"1396.04788855028";"5.74706138441445"
"NPC_dA_rep4a_new_Zfp_10kb_Airyscan_4y_14";11;"7455.633472";23;24;27;"0.508906896289171";"3.39502844694621";"0.383948159065292";18;18;27;"2517.53659652333";"1890.21363220494";"29.3536139066789";"2518.08783415166";"1878.24768139662";"28.1287506819422";"2481.36346336822";"1955.02093244529";"41.1179828734539"
"NPC_dA_rep4a_new_Zfp_10kb_Airyscan_4y_14";11;"7455.633472";23;24;27;"0.0272004825850698";"0.150423324858843";"0.135116974074247";20;22;25;"2901.80419075145";"2314.59284682081";"37.3338150289017";"2901.77203647416";"2315.23556231003";"37.2710233029382";"2899.44023904382";"2316.10292164675";"36.6181938911023"
"NPC_dA_rep4a_new_Zfp_10kb_Airyscan_4y_14";11;"7455.633472";23;24;27;"2.2020647723583";"0.883030015937909";"2.56881586833978";21;24;24;"1875.35563139932";"1748.02252559727";"40.3529010238908";"1891.6362545018";"1793.54321728691";"47.8769507803121";"1874.88841607565";"1753.8463356974";"34.2704491725768"
"NPC_dA_rep4a_new_Zfp_10kb_Airyscan_4y_14";12;"522.070304";2;3;4;"0.512070699093235";"0.725048212363643";"0.343495523513487";1;1;2;"1485.50675675676";"867.607263513514";"26.9383445945946";"1477.72644927536";"858.469202898551";"25.6654589371981";"1476.65256525653";"858.561656165617";"23.2313231323132"
"NPC_dA_rep4a_new_Zfp_10kb_Airyscan_4y_14";13;"667.498048";2;0;2;"NaN";"NaN";"NaN";NA;NA;NA;"NaN";"NaN";"NaN";"NaN";"NaN";"NaN";"NaN";"NaN";"NaN"
"NPC_dA_rep4a_new_Zfp_10kb_Airyscan_4y_14";14;"281.032864";2;1;2;"2.25183991051269";"4.40168203960748";"3.25511486769504";2;1;2;"2015.75774336283";"2774.05309734513";"45.8904867256637";"2047.69357495881";"2775.03294892916";"32.6474464579901";"2062.61629153269";"2696.72883172562";"27.9689174705252"
"NPC_dA_rep4a_new_Zfp_10kb_Airyscan_4y_14";15;"1837.570112";7;9;9;"0.390637724245043";"0.629387055337092";"0.355231890573047";2;1;3;"2708.93377001456";"1097.6768558952";"13.3930131004367";"2709.10363901019";"1101.50247452693";"10.8262008733624";"2705.66428571429";"1096.33181818182";"9.01233766233766"
"NPC_dA_rep4a_new_Zfp_10kb_Airyscan_4y_14";15;"1837.570112";7;9;9;"0.11402735689061";"0.283124631136792";"0.18802022378364";3;4;6;"2185.91318214033";"1171.82388377038";"23.4702338766832";"2185.14532019704";"1173.04334975369";"22.7674876847291";"2186.97676669894";"1176.03388189739";"21.8731848983543"
"NPC_dA_rep4a_new_Zfp_10kb_Airyscan_4y_14";15;"1837.570112";7;9;9;"0.2603602423536";"1.06189305755473";"0.921396217708619";4;7;7;"2264.10947832476";"985.145481263777";"40.634092578986";"2258.58848230354";"982.705458908218";"39.9382123575285";"2260.11268472906";"973.089901477833";"33.9735221674877"
"NPC_dA_rep4a_new_Zfp_10kb_Airyscan_4y_14";15;"1837.570112";7;9;9;"0.410904906033688";"0.772301210796266";"0.618151297706498";5;8;9;"2326.81619256017";"1072.22975929978";"50.7782640408461";"2320.20045688178";"1079.04311821816";"49.6593375214163";"2325.60643564356";"1078.07611386139";"45.5321782178218"
"NPC_dA_rep4a_new_Zfp_10kb_Airyscan_4y_15";1;"2440.683616";9;11;9;"0.2393996420503";"0.426248888374188";"0.444699522921008";2;2;3;"796.371935315597";"1608.04381846635";"15.7882107459572";"799.260297239915";"1609.96645435244";"14.3949044585987";"805.21935483871";"1612.20522273425";"16.9990783410138"
"NPC_dA_rep4a_new_Zfp_10kb_Airyscan_4y_15";1;"2440.683616";9;11;9;"0.422319730748737";"1.40134335524429";"1.30603991395092";3;3;2;"404.306508355321";"1579.41204925242";"21.3786279683377";"402.040495867769";"1575.14297520661";"18.696694214876";"423.405521472393";"1593.72331288344";"14.0509202453988"
"NPC_dA_rep4a_new_Zfp_10kb_Airyscan_4y_15";1;"2440.683616";9;11;9;"0.392108392318743";"0.707114591403936";"0.581781802640424";5;4;5;"539.560714285714";"1103.53214285714";"24.6080357142857";"530.726136017078";"1103.71729185727";"23.3955474229948";"534.6996996997";"1114.93893893894";"21.008008008008"
"NPC_dA_rep4a_new_Zfp_10kb_Airyscan_4y_15";1;"2440.683616";9;11;9;"0.420725060345456";"0.92748597104249";"0.547414166954049";7;9;4;"206.595575221239";"1300.99646017699";"28.7548672566372";"210.90243902439";"1299.9052532833";"26.03095684803";"213.125077399381";"1291.55541795666";"22.9987616099071"
"NPC_dA_rep4a_new_Zfp_10kb_Airyscan_4y_15";1;"2440.683616";9;11;9;"0.919738927827382";"2.34303636374551";"1.74608000529127";9;11;9;"322.058911260254";"1414.50037285608";"46.8888888888889";"318.646535580524";"1402.03370786517";"41.4555243445693";"287.711286089239";"1371.23950131234";"41.3202099737533"
"NPC_dA_rep4a_new_Zfp_10kb_Airyscan_4y_15";2;"119.103936";1;0;0;"NaN";"NaN";"NaN";NA;NA;NA;"NaN";"NaN";"NaN";"NaN";"NaN";"NaN";"NaN";"NaN";"NaN"
"NPC_dA_rep4a_new_Zfp_10kb_Airyscan_4y_15";3;"557.377408";4;4;2;"0.446958502527354";"0.625409675928632";"0.591944965192262";2;1;1;"241.745395449621";"1860.31310942579";"11.9479956663055";"232.370925110132";"1854.78149779736";"11.2264317180617";"238.708404802744";"1858.8427672956";"7.58604917095483"
"NPC_dA_rep4a_new_Zfp_10kb_Airyscan_4y_15";3;"557.377408";4;4;2;"0.388970861208573";"0.54757941974077";"0.425602707969492";4;3;2;"397.435114503817";"1830.99141221374";"18.1822519083969";"389.556954779622";"1828.9433314253";"16.6622781911849";"394.585867620751";"1834.39266547406";"14.4821109123435"
"NPC_dA_rep4a_new_Zfp_10kb_Airyscan_4y_15";4;"476.91504";0;3;1;"NaN";"NaN";"NaN";NA;NA;NA;"NaN";"NaN";"NaN";"NaN";"NaN";"NaN";"NaN";"NaN";"NaN"
"NPC_dA_rep4a_new_Zfp_10kb_Airyscan_4y_15";6;"79.400608";0;0;0;"NaN";"NaN";"NaN";NA;NA;NA;"NaN";"NaN";"NaN";"NaN";"NaN";"NaN";"NaN";"NaN";"NaN"
"NPC_dA_rep4a_new_Zfp_10kb_Airyscan_4y_15";7;"53.884992";1;0;0;"NaN";"NaN";"NaN";NA;NA;NA;"NaN";"NaN";"NaN";"NaN";"NaN";"NaN";"NaN";"NaN";"NaN"
"NPC_dA_rep4a_new_Zfp_10kb_Airyscan_4y_15";8;"910.26992";5;4;3;"0.86631521615065";"1.18132853774048";"0.70276360287109";3;2;2;"928.504798464491";"634.975527831094";"27.5441458733205";"937.975942782835";"651.42522756827";"24.5643693107932";"929.715983363042";"649.313131313131";"20.1752822341058"
"NPC_dA_rep4a_new_Zfp_10kb_Airyscan_4y_15";8;"910.26992";5;4;3;"0.576865732889962";"1.02792158837853";"0.739060904598153";4;3;3;"925.76565143824";"699.819796954315";"30.1818950930626";"939.754887218045";"703.111779448622";"29.8380952380952";"940.618866126727";"710.051929490233";"24.9518818484993"
"NPC_dA_rep4a_new_Zfp_10kb_Airyscan_4y_15";8;"910.26992";5;4;3;"0.680312946128623";"3.12364950852246";"2.53889288066359";5;4;1;"847.974927675988";"869.185149469624";"34.2304725168756";"847.181366459627";"852.226086956522";"33.9409937888199";"833.551813471503";"802.596718480138";"23.3275762809442"
"NPC_dA_rep4a_new_Zfp_10kb_Airyscan_4y_15";9;"1158.754912";5;3;2;"0.290755056623726";"0.571945729702075";"0.492452467619141";4;2;2;"889.689714779602";"2725.70959377701";"36.6974935177182";"889.854886475814";"2730.66633761106";"35.1791707798618";"894.251641137856";"2722.19146608315";"32.9584245076586"
"NPC_dA_rep4a_new_Zfp_10kb_Airyscan_4y_15";10;"465.606624";0;3;2;"NaN";"NaN";"NaN";NA;NA;NA;"NaN";"NaN";"NaN";"NaN";"NaN";"NaN";"NaN";"NaN";"NaN"
"NPC_dA_rep4a_new_Zfp_10kb_Airyscan_4y_15";11;"212.675456";0;1;1;"NaN";"NaN";"NaN";NA;NA;NA;"NaN";"NaN";"NaN";"NaN";"NaN";"NaN";"NaN";"NaN";"NaN"
"NPC_dA_rep4a_new_Zfp_10kb_Airyscan_4y_15";13;"2315.01984";12;7;7;"0.305066298743969";"0.914069810182747";"0.613046576305799";3;1;3;"1946.48229342327";"2492.77301854975";"16.6876897133221";"1941.67271589487";"2494.54881101377";"15.0744680851064";"1932.29877582249";"2500.9636572303";"12.1346595256312"
"NPC_dA_rep4a_new_Zfp_10kb_Airyscan_4y_15";13;"2315.01984";12;7;7;"0.0918430642836105";"0.926783514584053";"0.856266288933185";10;6;5;"1938.26762699014";"2594.53146322972";"31.9408642911296";"1936.25243832473";"2594.87320711417";"31.6419965576592";"1928.55833842395";"2606.01466096518";"26.9047037263286"
"NPC_dA_rep4a_new_Zfp_10kb_Airyscan_4y_15";14;"722.110592";2;4;5;"0.786805082178081";"0.898380435465827";"0.511220587938159";1;1;3;"1660.7316700611";"1148.75916496945";"32.2072301425662";"1665.36068809927";"1159.01833051325";"27.5981387478849";"1657.51972448341";"1167.88979336255";"28.9730745147151"
"NPC_dA_rep4a_new_Zfp_10kb_Airyscan_4y_15";14;"722.110592";2;4;5;"0.415165381984578";"0.685790193309758";"0.312853049506347";2;3;4;"1751.23861646235";"1215.35814360771";"42.7250437828371";"1750.63131991051";"1210.20044742729";"40.1574944071588";"1745.30339321357";"1207.16417165669";"38.7704590818363"
"NPC_dA_rep4a_new_Zfp_10kb_Airyscan_4y_15";15;"873.968928";4;5;2;"0.388186489919998";"0.481439352408546";"0.548690554243034";4;4;1;"2513.89179104478";"1326.22947761194";"28.4300373134328";"2521.96313364055";"1321.13133640553";"27.931643625192";"2513.3064516129";"1324.3767281106";"25.0362903225806"
"NPC_dA_rep4a_new_Zfp_10kb_Airyscan_4y_15";16;"75.524288";1;0;1;"NaN";"NaN";"NaN";NA;NA;NA;"NaN";"NaN";"NaN";"NaN";"NaN";"NaN";"NaN";"NaN";"NaN"
"NPC_dA_rep4a_new_Zfp_10kb_Airyscan_4y_15";17;"239.048096";1;1;1;"0.38735050665786";"0.827115146421944";"0.454978183386083";1;1;1;"2902.27132777421";"1368.63630532393";"38.7556125721616";"2903.40631067961";"1361.63349514563";"36.8723300970874";"2904.43585434174";"1356.88515406162";"33.933893557423"
"NPC_dA_rep4a_new_Zfp_10kb_Airyscan_4y_15";18;"1206.034368";5;7;2;"0.191895782018733";"1.31647880757297";"1.28869017509963";5;7;2;"2328.29299719888";"795.524929971989";"28.2397759103641";"2329.07371225577";"795.168294849023";"26.8912078152753";"2298.46239761727";"787.834698436337";"24.9300074460164"
"NPC_dA_rep4a_new_Zfp_10kb_Airyscan_4y_15";19;"376.806304";3;0;2;"NaN";"NaN";"NaN";NA;NA;NA;"NaN";"NaN";"NaN";"NaN";"NaN";"NaN";"NaN";"NaN";"NaN"
"NPC_dA_rep4a_new_Zfp_10kb_Airyscan_4y_16";1;"304.523072";0;1;1;"NaN";"NaN";"NaN";NA;NA;NA;"NaN";"NaN";"NaN";"NaN";"NaN";"NaN";"NaN";"NaN";"NaN"
"NPC_dA_rep4a_new_Zfp_10kb_Airyscan_4y_16";2;"4701.526592";17;17;14;"0.490124936267673";"0.659971072840451";"0.505992810879842";1;1;3;"573.107628996518";"1450.34852801519";"7.33016777461222";"582.959938366718";"1449.57858243451";"5.26040061633282";"577.124047878128";"1439.17627856366";"4.05658324265506"
"NPC_dA_rep4a_new_Zfp_10kb_Airyscan_4y_16";2;"4701.526592";17;17;14;"0.593108760939285";"0.786422743512146";"0.299666014516748";3;4;2;"581.730785931394";"955.498914459401";"9.61398176291793";"576.815715093273";"949.870548332391";"5.95477671000565";"572.875770020534";"948.330595482546";"5.03593429158111"
"NPC_dA_rep4a_new_Zfp_10kb_Airyscan_4y_16";2;"4701.526592";17;17;14;"0.592708199272882";"0.733738426592953";"0.903473877919735";4;2;4;"592.262975778547";"907.578719723183";"8.56141868512111";"582.312745098039";"911.843137254902";"5.67058823529412";"579.361439312567";"905.534908700322";"4.88184747583244"
"NPC_dA_rep4a_new_Zfp_10kb_Airyscan_4y_16";2;"4701.526592";17;17;14;"0.419379598133298";"1.23303188925726";"0.212553791712787";5;3;1;"504.549136390709";"1857.99225729601";"11.4053007742704";"511.255477031802";"1853.66819787986";"9.46219081272085";"510.458960660515";"1835.65614375911";"5.57503642544925"
"NPC_dA_rep4a_new_Zfp_10kb_Airyscan_4y_16";2;"4701.526592";17;17;14;"0.729180973926387";"0.837562096966216";"0.161410256838412";10;9;8;"377.425851703407";"1840.18436873747";"21.9779559118236";"380.043055555556";"1845.22986111111";"17.0291666666667";"377.99266593326";"1844.01650165017";"16.0986431976531"
"NPC_dA_rep4a_new_Zfp_10kb_Airyscan_4y_16";2;"4701.526592";17;17;14;"0.15415594874398";"2.00638329789703";"1.90310438570597";14;14;12;"406.107561235357";"795.921902733404";"31.6123535676251";"407.127304653205";"793.122475856014";"32.3107989464443";"398.154233870968";"746.413306451613";"31.976814516129"
"NPC_dA_rep4a_new_Zfp_10kb_Airyscan_4y_16";2;"4701.526592";17;17;14;"0.547198909796057";"0.353980819514318";"0.544130755770588";16;16;13;"519.094646271511";"1611.19694072658";"32.8862332695985";"522.915648403626";"1624.20417816318";"32.3630271974773";"526.032669322709";"1611.47729083665";"31.3187250996016"
"NPC_dA_rep4a_new_Zfp_10kb_Airyscan_4y_16";3;"542.059616";4;2;1;"0.69521716981638";"0.621726095692389";"0.602526819567547";2;2;1;"435.457142857143";"2816.56151603499";"12.9603498542274";"420.999450247389";"2807.1407366685";"13.5530511269929";"423.477856510186";"2815.95659875996";"10.1359610274579"
"NPC_dA_rep4a_new_Zfp_10kb_Airyscan_4y_16";4;"887.829824";5;3;3;"0.390407737694372";"0.6173863961754";"0.583236760960074";1;2;1;"613.57561436673";"2731.86389413989";"15.2140831758034";"616.171855541719";"2738.09464508095";"13.1998754669988";"610.909053999188";"2726.55704425497";"11.1437271619976"
"NPC_dA_rep4a_new_Zfp_10kb_Airyscan_4y_16";4;"887.829824";5;3;3;"0.342163835604282";"0.561503357821883";"0.370173869808703";5;3;3;"755.59107358263";"2703.69963811821";"44.3480096501809";"751.747770069376";"2705.45218037661";"42.2227452923687";"758.756142790913";"2706.39035697728";"40.5169216504404"
"NPC_dA_rep4a_new_Zfp_10kb_Airyscan_4y_16";5;"53.993408";0;0;0;"NaN";"NaN";"NaN";NA;NA;NA;"NaN";"NaN";"NaN";"NaN";"NaN";"NaN";"NaN";"NaN";"NaN"
"NPC_dA_rep4a_new_Zfp_10kb_Airyscan_4y_16";7;"1047.511808";5;4;3;"0.710543554936776";"0.931965214210511";"0.438836507882476";1;1;1;"1212.03000491884";"1213.83128381702";"12.2262666010821";"1198.21933842239";"1211.84834605598";"9.08498727735369";"1202.13945692256";"1206.69963124371";"6.55380489440161"
"NPC_dA_rep4a_new_Zfp_10kb_Airyscan_4y_16";7;"1047.511808";5;4;3;"0.82760583804548";"0.983691140627584";"0.642327028864039";4;3;2;"1259.78710876976";"1260.93585373412";"21.8744964363186";"1260.86992619926";"1278.46033210332";"18.7472324723247";"1247.8578751165";"1272.43429636533";"16.6821994408201"
"NPC_dA_rep4a_new_Zfp_10kb_Airyscan_4y_16";8;"67.004";2;0;0;"NaN";"NaN";"NaN";NA;NA;NA;"NaN";"NaN";"NaN";"NaN";"NaN";"NaN";"NaN";"NaN";"NaN"
"NPC_dA_rep4a_new_Zfp_10kb_Airyscan_4y_16";9;"1027.991552";2;4;2;"0.274759229654927";"0.816646364298019";"0.449509966555554";1;4;1;"1403.00852459016";"680.63737704918";"15.0754098360656";"1402.16790941729";"680.981220657277";"13.1300745650373";"1402.03677973028";"680.383326522272";"9.24928483857785"
"NPC_dA_rep4a_new_Zfp_10kb_Airyscan_4y_16";9;"1027.991552";2;4;2;"0.753634655975644";"1.00015355852244";"0.543861969883761";2;1;2;"1730.33558994197";"810.309477756286";"12.2408123791103";"1731.34810810811";"801.253513513514";"7.52918918918919";"1721.16974291365";"800.803889255109";"6.17435728411338"
"NPC_dA_rep4a_new_Zfp_10kb_Airyscan_4y_16";10;"528.832416";2;3;1;"0.324710878683706";"0.725023071398259";"0.68790301076734";2;3;1;"1486.02181097158";"1553.83939193655";"22.3119629874422";"1489.16311688312";"1561.3225974026";"22.3631168831169";"1479.32203389831";"1563.57395993837";"18.3852080123267"
"NPC_dA_rep4a_new_Zfp_10kb_Airyscan_4y_16";11;"1974.075264";8;6;8;"3.3163813245756";"3.69658309519429";"0.564198915119473";1;6;5;"1934.14818548387";"2204.96370967742";"4.58266129032258";"1900.24234234234";"2144.22252252252";"17.4711711711712";"1916.00221402214";"2119.08118081181";"12.8405904059041"
"NPC_dA_rep4a_new_Zfp_10kb_Airyscan_4y_16";11;"1974.075264";8;6;8;"1.30567115040143";"1.83350471964808";"0.268543339624006";2;1;1;"1823.30895915679";"2239.36561264822";"9.37088274044796";"1807.19659160073";"2211.20693852708";"8.34205721241631";"1798.18574593796";"2202.29948301329";"6.57127031019202"
"NPC_dA_rep4a_new_Zfp_10kb_Airyscan_4y_16";11;"1974.075264";8;6;8;"0.20667192907376";"0.301453209370919";"0.270864938693238";3;4;3;"1646.28921885087";"2427.45255003228";"13.1936733376372";"1643.3257248612";"2431.61135101789";"13.4182603331277";"1641.20765661253";"2429.34570765661";"11.6983758700696"
"NPC_dA_rep4a_new_Zfp_10kb_Airyscan_4y_16";11;"1974.075264";8;6;8;"0.291774507656785";"0.36564104725177";"0.732319343671662";5;3;4;"1707.41338582677";"2010.28248031496";"15.7293307086614";"1710.08709441327";"2012.0256160039";"13.8553305684313";"1706.64027838191";"2006.53414528056";"13.3575467594606"
"NPC_dA_rep4a_new_Zfp_10kb_Airyscan_4y_16";11;"1974.075264";8;6;8;"0.347223243068102";"0.74526670563476";"1.35240735083388";7;5;7;"1563.83306734759";"1963.02042770508";"21.0290456431535";"1571.28643617021";"1959.51489361702";"20.2460106382979";"1567.36262376238";"1970.95792079208";"16.3197194719472"
"NPC_dA_rep4a_new_Zfp_10kb_Airyscan_4y_16";12;"494.85184";1;1;2;"0.660382890542147";"0.634061459263899";"0.587011105190604";1;1;2;"1915.80015955325";"737.362185879537";"29.2875947347427";"1930.22197309417";"735.22869955157";"27.0739910313901";"1917.75796979866";"734.414010067114";"24.8729026845638"
"NPC_dA_rep4a_new_Zfp_10kb_Airyscan_4y_16";13;"930.60576";1;2;2;"0.696501942649487";"5.63148087846271";"5.41581592726948";1;2;1;"1969.75970118282";"1919.96991076987";"19.0234488483088";"1961.97107186358";"1915.18635809988";"14.7889768574909";"2022.97167755991";"1799.39651416122";"4.87690631808279"
"NPC_dA_rep4a_new_Zfp_10kb_Airyscan_4y_16";14;"557.50128";2;2;2;"0.459579066013975";"0.552610739160807";"0.617601314876059";2;2;2;"2220.33133433283";"859.530984507746";"23.2826086956522";"2209.75053949072";"863.802114803625";"23.6672421234355";"2213.24504405286";"855.365088105727";"20.1101321585903"
"NPC_dA_rep4a_new_Zfp_10kb_Airyscan_4y_16";15;"336.211456";1;1;1;"0.667864827873659";"1.06782018861865";"0.4795156887885";1;1;1;"2524.66515837104";"2748.17647058824";"20.1338073691015";"2514.306401766";"2735.11611479029";"19.8626931567329";"2507.43777777778";"2730.06777777778";"17.4544444444444"
"NPC_dA_rep4a_new_Zfp_10kb_Airyscan_4y_16";16;"456.457344";2;2;2;"0.360823012587358";"0.417510125004686";"0.319215569048198";1;2;1;"2539.14215686275";"2290.68198529412";"9.46875";"2537.84615384615";"2281.91264667536";"8.99152542372881";"2533.798828125";"2285.66731770833";"7.34505208333333"
"NPC_dA_rep4a_new_Zfp_10kb_Airyscan_4y_16";17;"71.044288";0;1;1;"NaN";"NaN";"NaN";NA;NA;NA;"NaN";"NaN";"NaN";"NaN";"NaN";"NaN";"NaN";"NaN";"NaN"
"NPC_dA_rep4a_new_Zfp_10kb_Airyscan_4y_16";18;"1080.682176";3;7;4;"0.154124010140212";"0.258215120068354";"0.3703762890942";1;1;1;"2747.4068627451";"505.843137254902";"9.73249299719888";"2749.65166516652";"504.481548154815";"10.5382538253825";"2746.95696202532";"503.448945147679";"8.02447257383966"
"NPC_dA_rep4a_new_Zfp_10kb_Airyscan_4y_16";18;"1080.682176";3;7;4;"0.430451919095792";"0.829768875546401";"0.451491316972422";2;4;2;"2610.59495949595";"259.009900990099";"30.3339333933393";"2607.01992997576";"260.456504174522";"27.4635065984379";"2597.64609739827";"259.191127418279";"25.7038025350233"
"NPC_dA_rep4a_new_Zfp_10kb_Airyscan_4y_16";18;"1080.682176";3;7;4;"0.937648461533291";"0.893617031608028";"0.538848630025007";3;6;4;"2712.42660457582";"359.416481069042";"36.7396234055477";"2694.25076142132";"357.358375634518";"32.551269035533";"2705.95234899329";"355.110738255034";"30.7557046979866"
"NPC_dA_rep4a_new_Zfp_10kb_Airyscan_4y_16";19;"68.217856";0;1;0;"NaN";"NaN";"NaN";NA;NA;NA;"NaN";"NaN";"NaN";"NaN";"NaN";"NaN";"NaN";"NaN";"NaN"
"NPC_dA_rep4b_new_Zfp_10kb_Airyscan_4y_01";1;"1191.722784";2;5;4;"0.517433287490808";"0.841770890393631";"0.444132241399289";1;2;2;"217.438790346031";"1893.79790636813";"15.7912183774353";"214.877172653534";"1899.57705677868";"12.5666280417149";"212.282467532468";"1893.79464285714";"9.96185064935065"
"NPC_dA_rep4b_new_Zfp_10kb_Airyscan_4y_01";1;"1191.722784";2;5;4;"0.870614939248396";"0.880435565756518";"0.107067541143701";2;4;4;"482.909966297545";"1948.2392874338";"35.8324506499759";"490.992968063287";"1946.63316730149";"30.0767653091122";"493.319215336603";"1945.68123049487";"30.3397235844851"
"NPC_dA_rep4b_new_Zfp_10kb_Airyscan_4y_01";2;"299.7288";2;2;1;"6.25560734802469";"5.27097751788892";"4.0309497489916";1;2;1;"366.604668674699";"1102.51129518072";"7.31400602409639";"218.911447084233";"1144.00539956803";"15.9935205183585";"285.135284373274";"1119.29099944782";"36.5151849806737"
"NPC_dA_rep4b_new_Zfp_10kb_Airyscan_4y_01";4;"663.44544";2;3;2;"0.429523503356997";"0.788796783803622";"0.612001669525482";1;1;1;"408.84875";"1468.67";"11.3021875";"400.787939698492";"1464.92361809045";"9.58090452261307";"405.569488817891";"1470.76637380192";"5.77875399361022"
"NPC_dA_rep4b_new_Zfp_10kb_Airyscan_4y_01";4;"663.44544";2;3;2;"0.310640434756359";"0.739503585262439";"0.640297857603629";2;3;2;"355.330030959752";"1323.82724458204";"21.7789473684211";"362.982006920415";"1322.94567474048";"22.061937716263";"366.111995753716";"1318.78927813163";"17.7367303609342"
"NPC_dA_rep4b_new_Zfp_10kb_Airyscan_4y_01";5;"324.721152";2;1;3;"6.56947547160984";"0.450380294627517";"6.64472314688354";2;1;3;"783.813407821229";"1840.21154562384";"41.9940409683426";"687.158279963404";"1938.86322049405";"16.6001829826167";"786.818146188517";"1833.19263178522";"39.6296296296296"
"NPC_dA_rep4b_new_Zfp_10kb_Airyscan_4y_01";6;"1111.10496";4;6;3;"0.0290754302698754";"0.523759499097106";"0.523083645417716";1;2;1;"801.600079270709";"1445.61355529132";"9.49385652001585";"802.180399500624";"1445.2191011236";"9.54806491885144";"807.873088685015";"1448.22884811417";"6.29612640163099"
"NPC_dA_rep4b_new_Zfp_10kb_Airyscan_4y_01";6;"1111.10496";4;6;3;"0.268920667858854";"0.551731060021647";"0.805493302220244";2;4;2;"1179.44974093264";"1377.30155440415";"16.419689119171";"1172.74381528312";"1377.38042880704";"16.5547003848268";"1192.12108843537";"1371.90884353741";"16.6428571428571"
"NPC_dA_rep4b_new_Zfp_10kb_Airyscan_4y_01";6;"1111.10496";4;6;3;"0.221245493627024";"0.416661395487857";"0.351022754262478";3;5;3;"948.615318044137";"1429.42449156209";"27.630463003029";"946.514041514042";"1433.38135938136";"26.7037037037037";"943.264248704663";"1427.31014063657";"25.1495188749075"
"NPC_dA_rep4b_new_Zfp_10kb_Airyscan_4y_01";7;"410.430944";1;1;2;"0.480374786121776";"1.28960076140007";"0.893457757236301";1;1;1;"1061.53078276165";"1730.43667546174";"18.3408091468777";"1060.28720417168";"1739.33533894906";"16.0641797031689";"1069.77184160905";"1745.75549968573";"10.5851665619107"
"NPC_dA_rep4b_new_Zfp_10kb_Airyscan_4y_01";9;"468.878816";1;2;2;"0.268009918892811";"0.815921516124745";"0.704903192618258";1;2;2;"1190.63706070288";"246.870926517572";"11.7389776357827";"1189.64140480592";"240.488909426987";"11.2301293900185";"1185.53081761006";"241.158490566038";"6.3377358490566"
"NPC_dA_rep4b_new_Zfp_10kb_Airyscan_4y_01";10;"384.188";2;2;2;"0.353279560671963";"0.365756576479507";"0.460462326453422";1;2;2;"1345.73440418379";"945.235338064998";"18.0489353754202";"1350.59328165375";"937.886821705426";"18.2284237726098";"1338.96678743961";"940.170893719807";"17.0525362318841"
"NPC_dA_rep4b_new_Zfp_10kb_Airyscan_4y_01";10;"384.188";2;2;2;"0.254663796110885";"0.634241549223296";"0.501725931012491";2;1;1;"1426.94439764111";"917.390058972199";"16.9427127211457";"1421.63442940039";"919.356866537718";"16.1112185686654";"1418.00962962963";"914.799259259259";"13.2740740740741"
"NPC_dA_rep4b_new_Zfp_10kb_Airyscan_4y_01";11;"313.016032";2;1;1;"0.749847689539979";"0.951247701240695";"0.332181396290597";2;1;1;"1315.78943217666";"2044.15378548896";"35.9779179810726";"1334.26003705991";"2044.28103767758";"35.0636195182211";"1336.94045720362";"2041.42583732057";"32.9712918660287"
"NPC_dA_rep4b_new_Zfp_10kb_Airyscan_4y_01";14;"344.514912";1;0;2;"NaN";"NaN";"NaN";NA;NA;NA;"NaN";"NaN";"NaN";"NaN";"NaN";"NaN";"NaN";"NaN";"NaN"
"NPC_dA_rep4b_new_Zfp_10kb_Airyscan_4y_01";15;"776.274016";3;3;3;"0.157669626143885";"2.16875777032465";"2.18346442741719";3;2;2;"2017.81182795699";"863.025448028674";"39.3301075268817";"2020.73241130487";"860.475045099218";"39.1274804570054";"2036.69506726457";"899.335201793722";"29.1692825112108"
"NPC_dA_rep4b_new_Zfp_10kb_Airyscan_4y_01";16;"400.894368";2;2;2;"0.297518985962615";"0.559685004424926";"0.634656621964485";2;2;2;"2298.77962742767";"1206.48315497424";"42.5794688862465";"2298.90568807339";"1199.88550458716";"41.5988990825688";"2303.76315789474";"1212.6296534018";"39.2824133504493"
"NPC_dA_rep4b_new_Zfp_10kb_Airyscan_4y_01";17;"177.719136";1;0;0;"NaN";"NaN";"NaN";NA;NA;NA;"NaN";"NaN";"NaN";"NaN";"NaN";"NaN";"NaN";"NaN";"NaN"
"NPC_dA_rep4b_new_Zfp_10kb_Airyscan_4y_01";18;"199.321696";1;1;1;"3.4521284490198";"2.92202902620925";"1.86787509658686";1;1;1;"2422.97117296223";"992.22365805169";"25.0477137176938";"2446.14765100671";"910.606543624161";"29.5629194630872";"2430.42022263451";"924.349721706865";"17.6298701298701"
"NPC_dA_rep4b_new_Zfp_10kb_Airyscan_4y_01";19;"493.0912";3;2;2;"0.415010802300014";"0.7291245198357";"0.668189562130927";1;1;1;"2674.61148197597";"1487.40809968847";"7.42634623943035";"2664.81435994332";"1484.52007557865";"7.94709494567785";"2667.55231143552";"1475.82238442822";"3.94809407948094"
"NPC_dA_rep4b_new_Zfp_10kb_Airyscan_4y_01";19;"493.0912";3;2;2;"0.716197315748788";"0.494120147909476";"0.40481064775631";3;2;2;"2828.65283613445";"1512.26785714286";"22.7352941176471";"2839.02278481013";"1500.40289330922";"20.3063291139241";"2837.55191560244";"1510.41476957246";"20.3453636868406"
"NPC_dA_rep4b_new_Zfp_10kb_Airyscan_4y_01";20;"393.298752";1;3;3;"0.455461704553124";"0.791159549840287";"0.490664236622836";1;2;1;"2907.80978809284";"1709.148839556";"15.4742684157417";"2899.08274021352";"1703.19483985765";"14.2606761565836";"2897.62264150943";"1704.63420572124";"10.8052343274498"
"NPC_dA_rep4b_new_Zfp_10kb_Airyscan_4y_01";21;"342.290592";1;3;3;"0.542473515576625";"0.339477387655885";"0.516047869989818";1;1;3;"2409.36763236763";"665.480519480519";"37.9270729270729";"2406.79338842975";"654.421487603306";"35.8082644628099";"2409.86105675147";"666.917808219178";"35.5414220482714"
"NPC_dA_rep4b_new_Zfp_10kb_Airyscan_4y_02";1;"308.136416";1;1;0;"NaN";"NaN";"NaN";NA;NA;NA;"NaN";"NaN";"NaN";"NaN";"NaN";"NaN";"NaN";"NaN";"NaN"
"NPC_dA_rep4b_new_Zfp_10kb_Airyscan_4y_02";2;"356.655488";2;1;0;"NaN";"NaN";"NaN";NA;NA;NA;"NaN";"NaN";"NaN";"NaN";"NaN";"NaN";"NaN";"NaN";"NaN"
"NPC_dA_rep4b_new_Zfp_10kb_Airyscan_4y_02";3;"51.401056";1;0;0;"NaN";"NaN";"NaN";NA;NA;NA;"NaN";"NaN";"NaN";"NaN";"NaN";"NaN";"NaN";"NaN";"NaN"
"NPC_dA_rep4b_new_Zfp_10kb_Airyscan_4y_02";4;"290.260096";1;1;1;"4.34684595507687";"1.13862503443894";"3.280492491323";1;1;1;"445.195185426155";"2918.96551724138";"32.423552374756";"379.31116751269";"2920.85989847716";"7.73756345177665";"435.346075778079";"2917.04634641407";"24.8125845737483"
"NPC_dA_rep4b_new_Zfp_10kb_Airyscan_4y_02";5;"385.737184";2;2;1;"0.236229123894272";"0.647570748619537";"0.632672438713197";2;2;1;"504.048426150121";"481.443099273608";"25.2378934624697";"508.244978165939";"477.479475982533";"25.5943231441048";"513.301903898459";"481.156844968268";"21.4433363553944"
"NPC_dA_rep4b_new_Zfp_10kb_Airyscan_4y_02";6;"258.050016";1;1;2;"0.359294860100796";"0.114347428390252";"0.356790024798682";1;1;1;"638.80574516496";"82.9826507394767";"15.8373151308305";"645.013698630137";"78.5300316122234";"14.4875307341061";"637.782269503546";"83.3212765957447";"15.0808510638298"
"NPC_dA_rep4b_new_Zfp_10kb_Airyscan_4y_02";7;"2312.560992";7;11;7;"2.44224245210176";"2.08011448511649";"0.461628328316871";2;1;2;"1526.44736842105";"2045.286628734";"4.12517780938834";"1506.5577275504";"1989.68540012217";"8.55833842394624";"1512.64476190476";"1995.76285714286";"6.36"
"NPC_dA_rep4b_new_Zfp_10kb_Airyscan_4y_02";7;"2312.560992";7;11;7;"5.13760026124778";"6.11537575187986";"2.01041435152503";3;2;4;"1113.40222984563";"2564.9819897084";"13.0891938250429";"1211.3347107438";"2483.25678866588";"8.78394332939788";"1253.79671457906";"2504.47638603696";"13.5030800821355"
"NPC_dA_rep4b_new_Zfp_10kb_Airyscan_4y_02";7;"2312.560992";7;11;7;"0.420297803610435";"0.982302582839191";"0.715120484136046";5;8;5;"1382.88869936034";"2342.07420042644";"24.9547974413646";"1380.95501730104";"2332.026816609";"24.2716262975779";"1389.33416770964";"2325.19086357947";"20.2040050062578"
"NPC_dA_rep4b_new_Zfp_10kb_Airyscan_4y_02";8;"451.261216";2;2;2;"0.882739746185382";"0.865629965476562";"0.29304809148336";1;2;1;"884.82889200561";"1571.30224403927";"7.9382889200561";"896.994285714286";"1563.0780952381";"12.6450793650794";"899.291816223977";"1562.66008614501";"11.8187365398421"
"NPC_dA_rep4b_new_Zfp_10kb_Airyscan_4y_02";8;"451.261216";2;2;2;"0.680954101472291";"0.636786793505435";"0.148691348713622";2;1;2;"1036.42311365807";"1561.96895893028";"13.0343839541547";"1025.5618754804";"1554.01998462721";"10.0561106840892";"1030.39957716702";"1558.02325581395";"8.97780126849894"
"NPC_dA_rep4b_new_Zfp_10kb_Airyscan_4y_02";9;"410.474176";1;0;2;"NaN";"NaN";"NaN";NA;NA;NA;"NaN";"NaN";"NaN";"NaN";"NaN";"NaN";"NaN";"NaN";"NaN"
"NPC_dA_rep4b_new_Zfp_10kb_Airyscan_4y_02";10;"369.323808";2;1;2;"0.324511938289849";"0.369046275315659";"0.623204668704844";2;1;1;"1773.2311827957";"637.073476702509";"7.54121863799283";"1771.93831677993";"640.167799268165";"9.65185572399373";"1767.58167938931";"631.728244274809";"6.12315521628499"
"NPC_dA_rep4b_new_Zfp_10kb_Airyscan_4y_02";11;"271.394144";1;2;1;"0.626802654717247";"1.34531691186026";"1.47337252003055";1;1;1;"1935.76763285024";"2307.7115942029";"32.8908212560386";"1924.15697674419";"2297.84108527132";"31.8481912144703";"1950.70719602978";"2299.88523573201";"24.5769230769231"
"NPC_dA_rep4b_new_Zfp_10kb_Airyscan_4y_02";14;"430.45184";1;2;2;"0.534967257570225";"0.936195213031962";"0.449175163367668";1;2;2;"2239.39978390059";"1429.7244732577";"33.7893030794165";"2237.25067677315";"1430.05522468868";"30.018949648078";"2239.23741794311";"1435.90481400438";"27.339715536105"
"NPC_dA_rep4b_new_Zfp_10kb_Airyscan_4y_02";15;"413.318976";2;1;2;"0.32771717602049";"0.650099142405879";"0.339881540618375";2;1;2;"2347.58816568047";"381.560946745562";"20.8923076923077";"2345.53493449782";"385.663318777293";"18.9528384279476";"2339.98163265306";"388.946258503401";"17.3727891156463"
"NPC_dA_rep4b_new_Zfp_10kb_Airyscan_4y_02";16;"313.502784";1;1;1;"0.224459422662669";"3.93401309494555";"3.82305039121917";1;1;1;"2520.72801302932";"1368.39372964169";"34.8285830618892";"2525.53044112286";"1371.29639081298";"34.8275610645279";"2554.13148371532";"1411.1186168074";"11.3868114193808"
"NPC_dA_rep4b_new_Zfp_10kb_Airyscan_4y_02";18;"51.459072";0;0;0;"NaN";"NaN";"NaN";NA;NA;NA;"NaN";"NaN";"NaN";"NaN";"NaN";"NaN";"NaN";"NaN";"NaN"
"NPC_dA_rep4b_new_Zfp_10kb_Airyscan_4y_03";1;"776.131776";3;3;3;"0.195269852804699";"0.281059114682449";"0.454521396987985";1;1;1;"320.210526315789";"109.918918918919";"6.34566145092461";"320.7414004914";"107.266584766585";"7.50675675675676";"315.563392107473";"113.148614609572";"5.15575146935348"
"NPC_dA_rep4b_new_Zfp_10kb_Airyscan_4y_03";2;"344.52656";2;2;0;"NaN";"NaN";"NaN";NA;NA;NA;"NaN";"NaN";"NaN";"NaN";"NaN";"NaN";"NaN";"NaN";"NaN"
"NPC_dA_rep4b_new_Zfp_10kb_Airyscan_4y_03";3;"603.363264";4;3;2;"0.654646958339034";"0.931031488171323";"0.389999622520335";2;1;1;"130.535535535536";"1500.98598598599";"32.9329329329329";"138.22339862361";"1504.64743250397";"28.9396506087877";"133.815879201169";"1508.42815392109";"26.7018996590356"
"NPC_dA_rep4b_new_Zfp_10kb_Airyscan_4y_03";3;"603.363264";4;3;2;"2.08214065762969";"0.846218572453919";"2.55926957663165";3;2;2;"205.418818380744";"1586.35098468271";"36.5606126914661";"224.777575757576";"1578.41454545455";"50.1787878787879";"197.664449371766";"1569.13525498891";"33.8344419807834"
"NPC_dA_rep4b_new_Zfp_10kb_Airyscan_4y_03";4;"238.817824";1;1;2;"0.499675654388203";"3.87744710826261";"4.22335709336978";1;1;1;"492.356654603941";"66.773220747889";"9.98110172899075";"493.33099112426";"76.0014792899408";"7.59171597633136";"417.146596858639";"36.3612565445026";"25.1406133133882"
"NPC_dA_rep4b_new_Zfp_10kb_Airyscan_4y_03";5;"418.384064";1;1;1;"4.605219123616";"0.348096864777715";"4.73634849770422";1;1;1;"699.953736654804";"1415.46441281139";"26.1895017793594";"620.530251785043";"1471.98384066141";"8.68733558812477";"705.386973180077";"1411.23141762452";"24.6697318007663"
"NPC_dA_rep4b_new_Zfp_10kb_Airyscan_4y_03";6;"3694.194336";11;15;15;"0.198058862595603";"0.263102096689849";"0.414996654954736";2;2;2;"1135.15528882221";"1882.096024006";"8.93548387096774";"1134.73240443015";"1879.83994283673";"10.188996070025";"1131.28984238179";"1881.39492119089";"7.42819614711033"
"NPC_dA_rep4b_new_Zfp_10kb_Airyscan_4y_03";6;"3694.194336";11;15;15;"0.422649766288484";"0.602164333780661";"0.385769819228014";3;4;4;"848.157715260017";"2078.14833759591";"12.8167092924126";"843.821279554937";"2087.41794158554";"12.0653685674548";"839.457120377655";"2084.28874901652";"9.7765538945712"
"NPC_dA_rep4b_new_Zfp_10kb_Airyscan_4y_03";6;"3694.194336";11;15;15;"0.747459440755186";"1.02680788655831";"0.312640274135696";4;7;6;"1377.54162936437";"1442.57564905998";"14.237242614145";"1369.13123092574";"1457.93896236012";"12.3763987792472";"1369.18436578171";"1465.71091445428";"12.1401179941003"
"NPC_dA_rep4b_new_Zfp_10kb_Airyscan_4y_03";6;"3694.194336";11;15;15;"0.206044408407247";"0.514677178416512";"0.285741307566907";5;13;9;"1359.1517571885";"1711.43610223642";"26.2567891373802";"1358.5063810392";"1711.09936189608";"27.7137648131267";"1356.14107018763";"1708.66504517026";"22.7713690062543"
"NPC_dA_rep4b_new_Zfp_10kb_Airyscan_4y_03";6;"3694.194336";11;15;15;"0.156013840991667";"0.33105130716514";"0.705129466881748";6;11;10;"1106.49494949495";"807.359595959596";"25.070202020202";"1107.29358392741";"807.073233959818";"23.9825016202204";"1110.4532967033";"813.478937728938";"23.9496336996337"
"NPC_dA_rep4b_new_Zfp_10kb_Airyscan_4y_03";6;"3694.194336";11;15;15;"0.421236404175323";"0.732557993319919";"0.467239477535317";10;14;13;"1357.66961717194";"1514.5324186767";"38.9351626466032";"1366.50299890949";"1517.10796074155";"37.4716466739368";"1365.53435386258";"1514.8234247063";"34.2103951584194"
"NPC_dA_rep4b_new_Zfp_10kb_Airyscan_4y_03";6;"3694.194336";11;15;15;"0.203277652266659";"0.46331057287101";"0.507622813495743";11;15;15;"1347.56277372263";"1737.29525547445";"45.1255474452555";"1352.54714384033";"1736.48107364074";"45.2869924294563";"1347.95997745209";"1732.93742953777";"42.0614430665163"
"NPC_dA_rep4b_new_Zfp_10kb_Airyscan_4y_03";7;"766.500672";2;4;3;"0.19435362936101";"0.571025478863813";"0.430633848814687";2;4;3;"1078.90759312321";"606.163681948424";"45.3316618911175";"1078.32488479263";"601.587557603687";"44.8957373271889";"1079.19261926193";"597.801080108011";"42.02700270027"
"NPC_dA_rep4b_new_Zfp_10kb_Airyscan_4y_03";9;"2289.207424";6;8;6;"0.454970587824273";"0.641103399404774";"0.534143962762599";1;1;1;"1913.56699029126";"2435.4879334258";"7.28321775312067";"1906.7364498645";"2431.72628726287";"4.91734417344173";"1904.26482534525";"2444.82209585703";"4.67668562144598"
"NPC_dA_rep4b_new_Zfp_10kb_Airyscan_4y_03";9;"2289.207424";6;8;6;"0.31271809607643";"0.305591368234173";"0.201077170573286";2;2;2;"1938.51981879955";"2706.98357870895";"5.89297848244621";"1941.53465346535";"2714.02449192288";"6.34080250130276";"1937.25921658986";"2714.446140553";"5.59504608294931"
"NPC_dA_rep4b_new_Zfp_10kb_Airyscan_4y_03";9;"2289.207424";6;8;6;"0.204728950860235";"0.486691131654543";"0.287341943668444";3;3;4;"1932.20946416145";"2774.40187891441";"14.6082115518441";"1935.40845824411";"2773.40658458244";"13.5026766595289";"1938.90214974055";"2770.10748702743";"11.9770200148258"
"NPC_dA_rep4b_new_Zfp_10kb_Airyscan_4y_03";10;"77.09296";0;0;0;"NaN";"NaN";"NaN";NA;NA;NA;"NaN";"NaN";"NaN";"NaN";"NaN";"NaN";"NaN";"NaN";"NaN"
"NPC_dA_rep4b_new_Zfp_10kb_Airyscan_4y_03";12;"1090.188512";3;3;3;"0.327249476627619";"0.358020481379179";"0.350856167844791";3;3;3;"2052.46862139918";"1661.62345679012";"48.565329218107";"2049.71565025716";"1666.75532696547";"46.9235855988244";"2053.82157506153";"1659.54922067268";"46.1078753076292"
"NPC_dA_rep4b_new_Zfp_10kb_Airyscan_4y_03";13;"1034.692512";3;4;3;"0.373121355483507";"1.14812282470568";"1.38435475341855";1;1;2;"2434.24447717231";"2554.05522827688";"11.340206185567";"2426.20166320166";"2551.82744282744";"10.1496881496881";"2437.20924908425";"2554.34615384615";"19.4967948717949"
"NPC_dA_rep4b_new_Zfp_10kb_Airyscan_4y_03";13;"1034.692512";3;4;3;"0.376850910083157";"1.53175782784576";"1.57550535417497";2;2;1;"2781.83998005982";"2551.07053838485";"18.7442671984048";"2781.02707006369";"2560.37208067941";"19.1035031847134";"2816.90387722132";"2556.29644588045";"14.6074313408724"
"NPC_dA_rep4b_new_Zfp_10kb_Airyscan_4y_03";13;"1034.692512";3;4;3;"0.439934298799777";"1.15169962477734";"1.03179483346228";3;4;3;"2655.94891201514";"2460.52554399243";"46.6466414380322";"2659.26062322946";"2469.60849858357";"45.1484419263456";"2646.17623363545";"2464.26988922457";"38.9828801611279"
"NPC_dA_rep4b_new_Zfp_10kb_Airyscan_4y_03";14;"384.604416";2;1;1;"2.72303778285566";"0.356361744404568";"2.48036658471981";2;1;1;"2770.64819091609";"1116.22863741339";"46.5288683602771";"2809.53641851107";"1132.47122736419";"31.2539235412475";"2773.07567567568";"1123.77567567568";"45.3675675675676"
"NPC_dA_rep4b_new_Zfp_10kb_Airyscan_4y_03";15;"345.424128";2;1;1;"5.57795438846083";"5.83340308205824";"0.32080123594875";1;1;1;"919.173880597015";"1488.01492537313";"36.7828358208955";"1040.56150878697";"1481.83111873125";"17.2520360051436";"1045.29943701619";"1476.72941590429";"16.1147079521464"
"NPC_dA_rep4b_new_Zfp_10kb_Airyscan_4y_04";1;"152.188064";2;1;2;"0.48347067741279";"0.789700726422167";"0.536203696379407";1;1;1;"65.098111469369";"1881.49193919853";"12.6973744818056";"61.5482603815937";"1872.74579124579";"10.540404040404";"66.7307932542161";"1877.00312304809";"7.22423485321674"
"NPC_dA_rep4b_new_Zfp_10kb_Airyscan_4y_04";2;"407.104096";1;3;2;"0.432160705968989";"0.450829213444336";"0.403538455830159";1;3;2;"203.168967784352";"800.046679815911";"28.1196581196581";"212.552978056426";"797.462068965517";"26.7799373040752";"208.145611702128";"805.771941489362";"25.7380319148936"
"NPC_dA_rep4b_new_Zfp_10kb_Airyscan_4y_04";3;"431.431392";2;1;3;"0.509089418821468";"0.876814806800882";"0.592526879998409";2;1;3;"29.9418604651163";"2641.99031007752";"33.031007751938";"35.425952045134";"2636.68053596615";"30.1212976022567";"39.1647727272727";"2648.02196969697";"27.6170454545455"
"NPC_dA_rep4b_new_Zfp_10kb_Airyscan_4y_04";4;"430.350816";0;1;1;"NaN";"NaN";"NaN";NA;NA;NA;"NaN";"NaN";"NaN";"NaN";"NaN";"NaN";"NaN";"NaN";"NaN"
"NPC_dA_rep4b_new_Zfp_10kb_Airyscan_4y_04";5;"374.220448";2;3;2;"0.146423219276393";"0.698082346313939";"0.577528229906724";1;1;2;"312.430202217873";"1923.51598173516";"27.7804957599478";"312.958283671037";"1922.19308700834";"26.8170441001192";"309.83234859675";"1924.92983751846";"22.8663220088626"
"NPC_dA_rep4b_new_Zfp_10kb_Airyscan_4y_04";6;"938.192416";6;3;3;"3.17083145488376";"2.73064302454252";"0.417684735700696";2;3;3;"664.938278931751";"360.177448071217";"16.280118694362";"668.795484727756";"427.498893315626";"28.1872509960159";"664.44525215811";"419.856883234893";"25.7492049068605"
"NPC_dA_rep4b_new_Zfp_10kb_Airyscan_4y_04";6;"938.192416";6;3;3;"0.438185566100627";"0.472640814243427";"0.941375077000573";3;1;1;"448.919890760127";"285.429221665908";"17.9112426035503";"438.110067114094";"283.67293064877";"17.8371364653244";"442.062444246209";"286.182872435326";"15.1703835860839"
"NPC_dA_rep4b_new_Zfp_10kb_Airyscan_4y_04";6;"938.192416";6;3;3;"0.20119428518827";"0.965144177158399";"0.490125997615139";4;2;2;"522.338036117382";"306.010158013544";"26.7528216704289";"521.355555555556";"302.772053872054";"25.6895622895623";"534.338842975207";"315.519972451791";"21.4249311294766"
"NPC_dA_rep4b_new_Zfp_10kb_Airyscan_4y_04";7;"55.212416";0;0;0;"NaN";"NaN";"NaN";NA;NA;NA;"NaN";"NaN";"NaN";"NaN";"NaN";"NaN";"NaN";"NaN";"NaN"
"NPC_dA_rep4b_new_Zfp_10kb_Airyscan_4y_04";8;"1072.950368";5;4;3;"0.745041725323197";"0.934619099044028";"0.497397053152901";2;2;2;"642.764109985528";"2405.20791123975";"31.6483357452967";"659.195598006645";"2407.98504983389";"29.2711794019934";"658.266634050881";"2398.29452054795";"27.0606653620352"
"NPC_dA_rep4b_new_Zfp_10kb_Airyscan_4y_04";8;"1072.950368";5;4;3;"0.205970845790271";"1.03137630894339";"1.15448115157332";5;4;3;"523.540826612903";"2389.92489919355";"49.8442540322581";"520.309477756286";"2392.54545454545";"50.7111540941328";"540.769461077844";"2401.68637724551";"45.5142215568862"
"NPC_dA_rep4b_new_Zfp_10kb_Airyscan_4y_04";9;"317.936864";3;4;2;"0.166274096282667";"0.293770604553226";"0.145916155692647";2;2;1;"910.073843657019";"2802.76413308088";"39.2234243981607";"908.756345177665";"2800.42547300415";"38.3165666820489";"910.073018699911";"2798.3606411398";"37.5440783615316"
"NPC_dA_rep4b_new_Zfp_10kb_Airyscan_4y_04";9;"317.936864";3;4;2;"0.130592560002471";"0.358274621778254";"0.228349576699772";3;4;2;"955.74094761171";"2825.2561633282";"48.5192604006163";"955.88519225525";"2823.4933187892";"47.7352058903736";"956.187809712587";"2821.04261645193";"46.2646184340932"
"NPC_dA_rep4b_new_Zfp_10kb_Airyscan_4y_04";10;"320.841248";2;2;1;"0.454686544618198";"1.15290114095313";"0.722743215479917";1;1;1;"1061.68930172966";"1490.19730941704";"7.39718129404228";"1053.52416756176";"1484.09559613319";"5.95972073039742";"1045.89163879599";"1469.21404682274";"4.00602006688963"
"NPC_dA_rep4b_new_Zfp_10kb_Airyscan_4y_04";13;"454.49152";1;3;2;"0.0829277172415363";"0.721794361948127";"0.733669444148658";1;2;1;"1539.9128440367";"385.774719673802";"11.8771661569827";"1540.09505703422";"383.911596958175";"11.6226235741445";"1539.25711993582";"394.894905736061";"7.43241075010028"
"NPC_dA_rep4b_new_Zfp_10kb_Airyscan_4y_04";14;"2699.607232";10;10;9;"0.460446143381964";"0.778873036924899";"0.327661018586637";1;1;1;"1556.87914893617";"1050.11489361702";"4.50127659574468";"1546.59912663755";"1045.82794759825";"3.6707423580786";"1539.6738317757";"1041.45327102804";"3.68785046728972"
"NPC_dA_rep4b_new_Zfp_10kb_Airyscan_4y_04";14;"2699.607232";10;10;9;"1.19438647265887";"0.985092789244488";"0.711174289251547";7;6;5;"1466.29211684674";"1304.43097238896";"26.8543417366947";"1443.07891566265";"1301.85602409639";"21.5388554216867";"1456.73580034423";"1312.97934595525";"20.8468158347676"
"NPC_dA_rep4b_new_Zfp_10kb_Airyscan_4y_04";14;"2699.607232";10;10;9;"0.617284732490064";"0.646891859170816";"0.677624976261363";8;9;8;"1485.35581299131";"1631.06537029375";"30.1894911046752";"1479.21858562244";"1620.61835184103";"27.458796025716";"1486.37947269303";"1634.67514124294";"25.6949152542373"
"NPC_dA_rep4b_new_Zfp_10kb_Airyscan_4y_04";14;"2699.607232";10;10;9;"4.56238517547068";"4.57387538768332";"0.670847035500092";10;10;7;"1709.6702284451";"1359.85151068534";"34.7579218865144";"1615.15577889447";"1418.95842850617";"27.8592964824121";"1616.52433628319";"1412.9505899705";"23.4026548672566"
"NPC_dA_rep4b_new_Zfp_10kb_Airyscan_4y_04";15;"439.905312";2;1;2;"0.364569073919133";"0.52681084960865";"0.552602330175846";1;1;1;"1741.72402727637";"2516.74608904934";"11.4388287204172";"1746.66883116883";"2510.86536796537";"10.0380952380952";"1740.11111111111";"2520.29425287356";"7.84444444444444"
"NPC_dA_rep4b_new_Zfp_10kb_Airyscan_4y_04";16;"298.444608";2;2;2;"0.495666497219277";"0.561028695789835";"0.28711412519568";1;1;1;"1738.34682080925";"178.234104046243";"7.74566473988439";"1743.68094534712";"189.417035942885";"7.80452978828163";"1738.02527881041";"191.809665427509";"6.74275092936803"
"NPC_dA_rep4b_new_Zfp_10kb_Airyscan_4y_04";16;"298.444608";2;2;2;"0.0114876822742322";"0.139117746395201";"0.133478379258175";2;2;2;"1755.09275911027";"268.034311405585";"37.9029815428301";"1755.35169357392";"268.113327002216";"37.8755935422602";"1755.47613104524";"270.678315132605";"37.2667706708268"
"NPC_dA_rep4b_new_Zfp_10kb_Airyscan_4y_04";17;"368.609472";1;1;2;"0.563928740271447";"0.911363709205521";"0.609805748773451";1;1;1;"2118.34916351862";"827.193739881274";"36.287101996762";"2104.26240352811";"827.731532524807";"36.3395810363837";"2100.68503584229";"820.133512544803";"32.7043010752688"
"NPC_dA_rep4b_new_Zfp_10kb_Airyscan_4y_04";18;"1052.278528";3;4;3;"0.185686110195376";"0.849945430747095";"0.721067789351442";1;1;1;"2343.03309203723";"2532.90486039297";"11.2786970010341";"2338.98684210526";"2534.96539961014";"11.0029239766082";"2327.40873563218";"2531.44781609195";"7.18528735632184"
"NPC_dA_rep4b_new_Zfp_10kb_Airyscan_4y_04";18;"1052.278528";3;4;3;"0.342841857491188";"0.66242495992007";"0.720528550184541";3;2;2;"2296.148768989";"2841.58826610791";"27.3787323205867";"2303.2711249352";"2844.72628304821";"26.353032659409";"2289.51649148242";"2843.06741573034";"23.0637912287061"
"NPC_dA_rep4b_new_Zfp_10kb_Airyscan_4y_04";22;"402.710784";1;2;0;"NaN";"NaN";"NaN";NA;NA;NA;"NaN";"NaN";"NaN";"NaN";"NaN";"NaN";"NaN";"NaN";"NaN"
"NPC_dA_rep4b_new_Zfp_10kb_Airyscan_4y_05";1;"477.971424";3;2;1;"1.00895047498066";"1.96004198044287";"1.56837222533226";3;2;1;"66.8248663101604";"62.4180035650624";"40.147504456328";"80.1327134404058";"77.2392223161454";"35.7261200338123";"60.4059180576631";"110.314871016692";"37.8300455235205"
"NPC_dA_rep4b_new_Zfp_10kb_Airyscan_4y_05";2;"959.47712";2;4;3;"2.27581273079935";"0.506354118027454";"2.48914801217926";1;3;2;"566.39751552795";"2641.65062111801";"34.1164596273292";"592.651651651652";"2692.09384384384";"33.5990990990991";"558.9875";"2640.43235294118";"31.2047794117647"
"NPC_dA_rep4b_new_Zfp_10kb_Airyscan_4y_05";3;"466.584384";1;3;3;"0.531837390905016";"0.655113514796774";"0.4141556306826";1;1;2;"617.645143787303";"2357.3125339121";"28.9408572978839";"618.803715670436";"2360.33117932149";"25.2560581583199";"620.312442396313";"2370.11428571429";"26.1235023041475"
"NPC_dA_rep4b_new_Zfp_10kb_Airyscan_4y_05";5;"198.566144";1;0;0;"NaN";"NaN";"NaN";NA;NA;NA;"NaN";"NaN";"NaN";"NaN";"NaN";"NaN";"NaN";"NaN";"NaN"
"NPC_dA_rep4b_new_Zfp_10kb_Airyscan_4y_05";6;"350.18816";3;2;2;"0.796343938893768";"0.402902620068573";"0.775208681122985";1;2;2;"682.312407132244";"1805.81575037147";"32.3272659732541";"691.20340846619";"1788.39527212754";"33.3897746014294";"680.357591623037";"1799.66020942408";"30.1188481675393"
"NPC_dA_rep4b_new_Zfp_10kb_Airyscan_4y_05";7;"629.75472";2;2;2;"0.363073407460144";"0.520446642433597";"0.503141275556031";1;1;1;"936.191235059761";"1118.17302219693";"48.1636311895276";"927.380060949064";"1116.92033086635";"47.6538963865912";"932.990177860366";"1120.91584815503";"44.6466684364216"
"NPC_dA_rep4b_new_Zfp_10kb_Airyscan_4y_05";7;"629.75472";2;2;2;"0.0710173248003323";"0.645712033486236";"0.60542239760146";2;2;2;"1087.24197530864";"1213.3987654321";"50.5201646090535";"1085.84521000472";"1213.43275129778";"50.2071731949033";"1087.50037650602";"1214.04932228916";"45.9122740963855"
"NPC_dA_rep4b_new_Zfp_10kb_Airyscan_4y_05";8;"418.08704";2;2;2;"0.464557240637969";"0.743663115353026";"0.493927331430116";1;1;1;"889.132420091324";"1419.32876712329";"7.46118721461187";"887.800342759212";"1411.2587832048";"5.10539845758355";"899.372822299652";"1409.92073170732";"3.93554006968641"
"NPC_dA_rep4b_new_Zfp_10kb_Airyscan_4y_05";8;"418.08704";2;2;2;"0.309390301406658";"0.446062768900837";"0.531598567887413";2;2;2;"960.837278106509";"1353.56730769231";"41.9068047337278";"963.612204724409";"1346.57381889764";"42.4192913385827";"963.429951690821";"1351.33333333333";"38.8743961352657"
"NPC_dA_rep4b_new_Zfp_10kb_Airyscan_4y_05";9;"350.598528";1;1;1;"4.44759944782452";"4.19756481976192";"0.337142838848303";1;1;1;"1198.61535537818";"126.601292284303";"21.6419612314709";"1172.24316109422";"21.4121580547112";"14.6261398176292";"1173.67188859878";"28.730635335074";"13.5034812880766"
"NPC_dA_rep4b_new_Zfp_10kb_Airyscan_4y_05";10;"379.997184";2;2;2;"0.266239429327836";"0.525407826916145";"0.535970945565386";1;1;1;"1399.23634336678";"1205.53567447046";"22.5585284280936";"1399.92134213421";"1211.83058305831";"21.972497249725";"1409.35553555356";"1204.68226822682";"20.1782178217822"
"NPC_dA_rep4b_new_Zfp_10kb_Airyscan_4y_05";10;"379.997184";2;2;2;"0.469531871645304";"0.614464856864271";"0.220494199066894";2;2;2;"1370.67053364269";"1105.51276102088";"34.9901392111369";"1371.889030072";"1102.95171537484";"31.7357052096569";"1374.58127018299";"1098.44241119483";"31.2572658772874"
"NPC_dA_rep4b_new_Zfp_10kb_Airyscan_4y_05";11;"1107.837248";2;5;3;"1.12809940663814";"0.646537266283535";"0.63462411268436";1;2;1;"1522.83903301887";"1617.89740566038";"7.45341981132075";"1517.03207412687";"1642.70919458304";"4.00071275837491";"1525.67445365486";"1629.45340366742";"4.32780708364732"
"NPC_dA_rep4b_new_Zfp_10kb_Airyscan_4y_05";11;"1107.837248";2;5;3;"0.331000659690845";"0.443331487180636";"0.147841796352136";2;5;3;"1589.37803433985";"1876.98134991119";"38.5597986974541";"1590.22614840989";"1869.33417465926";"37.6895507319536";"1591.5513733469";"1868.10376398779";"36.7685656154629"
"NPC_dA_rep4b_new_Zfp_10kb_Airyscan_4y_05";12;"685.091008";3;3;2;"1.01171106644017";"0.588367012973542";"0.444262470503109";2;1;1;"1670.34656600097";"2361.26351680468";"24.0104724792986";"1663.08382263616";"2340.01822231221";"27.3377201862725";"1668.52921406412";"2348.11840744571";"25.8234229576008"
"NPC_dA_rep4b_new_Zfp_10kb_Airyscan_4y_05";12;"685.091008";3;3;2;"0.443451129135257";"0.40740187372153";"0.0983397644565424";3;2;2;"1536.87525879917";"2332.35300207039";"33.850414078675";"1542.10569948187";"2323.33471502591";"32.7730569948187";"1543.1031009283";"2325.52360260715";"32.6278886035947"
"NPC_dA_rep4b_new_Zfp_10kb_Airyscan_4y_05";13;"2636.3736";6;10;8;"0.10230309079064";"0.679317914866887";"0.641062799922656";2;4;2;"2182.81166429587";"1450.97524893314";"20.8318634423898";"2181.53301511535";"1449.276849642";"20.4256165473349";"2178.23019738529";"1456.18277364778";"16.4027172519867"
"NPC_dA_rep4b_new_Zfp_10kb_Airyscan_4y_05";13;"2636.3736";6;10;8;"0.724759811602665";"0.72003184841717";"0.4853372153097";5;7;6;"1806.14713216958";"1155.26350789692";"30.0498753117207";"1815.85560053981";"1142.94264507422";"27.4588394062078";"1804.34114100186";"1142.83209647495";"26.3661873840445"
"NPC_dA_rep4b_new_Zfp_10kb_Airyscan_4y_05";13;"2636.3736";6;10;8;"0.453138863423105";"0.586615723401648";"0.675910512067043";6;10;8;"1664.38247338247";"1353.53767403767";"37.0978705978706";"1666.53588987217";"1342.55195018027";"36.6020976728941";"1653.35247381726";"1350.17262549657";"34.5092091007584"
"NPC_dA_rep4b_new_Zfp_10kb_Airyscan_4y_05";14;"403.597824";2;3;2;"0.339646299316917";"0.904095615552361";"0.8680188703085";2;2;2;"2013.54738237243";"2432.87143803844";"37.115970841617";"2007.30127659574";"2438.25361702128";"36.536170212766";"2015.7395";"2437.52725";"30.82775"
"NPC_dA_rep4b_new_Zfp_10kb_Airyscan_4y_05";15;"347.223072";1;2;2;"1.56046268748734";"0.404664583030198";"1.94322280095485";1;1;1;"2212.18811074919";"2756.44788273616";"26.2223127035831";"2209.79210526316";"2724.18092105263";"32.4493421052632";"2215.48151487827";"2762.73760144274";"24.1632100991885"
"NPC_dA_rep4b_new_Zfp_10kb_Airyscan_4y_05";16;"264.190304";1;0;1;"NaN";"NaN";"NaN";NA;NA;NA;"NaN";"NaN";"NaN";"NaN";"NaN";"NaN";"NaN";"NaN";"NaN"
"NPC_dA_rep4b_new_Zfp_10kb_Airyscan_4y_05";18;"362.393472";1;2;0;"NaN";"NaN";"NaN";NA;NA;NA;"NaN";"NaN";"NaN";"NaN";"NaN";"NaN";"NaN";"NaN";"NaN"
"NPC_dA_rep4b_new_Zfp_10kb_Airyscan_4y_06";2;"2685.577216";10;10;6;"0.205282226781655";"0.349783895003002";"0.405142842674815";2;1;2;"1112.76039119804";"1464.13854930725";"9.78484107579462";"1113.6437108708";"1459.44109277177";"10.3187250996016";"1116.22418604651";"1461.72093023256";"7.59720930232558"
"NPC_dA_rep4b_new_Zfp_10kb_Airyscan_4y_06";2;"2685.577216";10;10;6;"0.649365301878465";"0.306284765142416";"0.710078089187724";3;5;3;"979.516556291391";"1768.15894039735";"13.2322975038207";"966.744285278878";"1762.00243828101";"15.4913136238952";"979.422046055115";"1774.05530388826";"14.6277840694602"
"NPC_dA_rep4b_new_Zfp_10kb_Airyscan_4y_06";2;"2685.577216";10;10;6;"0.524855817624742";"0.636532775623118";"0.272042299508464";8;8;5;"296.470826112074";"1968.83593298671";"40.1334488734835";"304.612792689891";"1963.50028555111";"37.6196459166191";"300.386687797147";"1959.39857369255";"36.6477812995246"
"NPC_dA_rep4b_new_Zfp_10kb_Airyscan_4y_06";4;"355.129824";2;2;1;"3.32949052484245";"3.32628249638177";"0.315058257515617";2;2;1;"953.234191293295";"2526.02224340642";"41.3304734667938";"946.772277227723";"2446.46534653465";"48.0759075907591";"953.978388998035";"2445.45874263261";"47.2141453831041"
"NPC_dA_rep4b_new_Zfp_10kb_Airyscan_4y_06";5;"504.798336";2;2;2;"0.28971785963801";"0.783485321198194";"0.593064715274471";1;1;1;"1118.49596774194";"2670.41129032258";"34.0584677419355";"1113.65452054795";"2674.4797260274";"33.0495890410959";"1110.11314229249";"2671.69268774704";"29.0138339920949"
"NPC_dA_rep4b_new_Zfp_10kb_Airyscan_4y_06";5;"504.798336";2;2;2;"1.00289523463032";"0.822913712490618";"1.07353585025534";2;2;2;"1148.49051937345";"2739.6384995878";"38.2168178070899";"1125.17650496785";"2748.45587375804";"37.4430157802455";"1146.93848046755";"2748.68071362658";"32.9557059366349"
"NPC_dA_rep4b_new_Zfp_10kb_Airyscan_4y_06";6;"2199.765344";5;6;8;"6.06642720387514";"0.704002522259526";"5.91193701224767";4;1;3;"1538.17763975155";"2066.58571428571";"17.8807453416149";"1397.86766334441";"2012.0415282392";"12.6201550387597";"1533.580674567";"2070.54603463993";"13.1604375569736"
"NPC_dA_rep4b_new_Zfp_10kb_Airyscan_4y_06";6;"2199.765344";5;6;8;"0.405923086591544";"1.21280942306225";"0.86559988772597";5;5;8;"1749.99081035923";"2233.43609022556";"44.563074352548";"1750.55238439306";"2226.73771676301";"42.3908959537572";"1762.97208985705";"2220.7157930565";"37.6289993192648"
"NPC_dA_rep4b_new_Zfp_10kb_Airyscan_4y_06";7;"443.397696";2;2;2;"0.584753060323129";"0.876615979664276";"0.491645289055383";1;1;1;"1346.33273596177";"1313.74551971326";"16.6702508960573";"1350.3135935397";"1306.24629878869";"13.2700762673845";"1342.43026706231";"1308.77645895153";"10.6745796241345"
"NPC_dA_rep4b_new_Zfp_10kb_Airyscan_4y_06";7;"443.397696";2;2;2;"0.401698341836849";"0.603998271477885";"0.323072539845628";2;2;2;"1474.97674418605";"1243.45348837209";"35.015261627907";"1468.05890944499";"1244.15384615385";"32.9449853943525";"1460.54047976012";"1243.28935532234";"33.7511244377811"
"NPC_dA_rep4b_new_Zfp_10kb_Airyscan_4y_06";8;"478.66336";1;2;2;"0.304618645120029";"0.58178918493234";"0.56508046945364";1;2;2;"1615.86413043478";"500.91847826087";"42.6054347826087";"1616.41362916006";"506.729793977813";"41.2080031695721";"1618.59607645875";"495.541247484909";"38.8239436619718"
"NPC_dA_rep4b_new_Zfp_10kb_Airyscan_4y_06";9;"429.217152";1;1;2;"1.4880315334092";"1.47271862286606";"0.303971472553649";1;1;2;"1529.01694915254";"817.27183833116";"18.138852672751";"1554.723183391";"790.963667820069";"16.5488754325259";"1554.97645327447";"794.291390728477";"14.598233995585"
"NPC_dA_rep4b_new_Zfp_10kb_Airyscan_4y_06";10;"376.521152";2;2;2;"0.457596844855906";"0.511927655875242";"0.427882109914762";1;1;1;"1635.15714285714";"2616.40040816327";"23.5265306122449";"1639.07854209446";"2622.64579055441";"21.0277207392197";"1630.07352941176";"2617.67095588235";"20.1904411764706"
"NPC_dA_rep4b_new_Zfp_10kb_Airyscan_4y_06";11;"53.5976";0;0;1;"NaN";"NaN";"NaN";NA;NA;NA;"NaN";"NaN";"NaN";"NaN";"NaN";"NaN";"NaN";"NaN";"NaN"
"NPC_dA_rep4b_new_Zfp_10kb_Airyscan_4y_06";12;"76.308512";0;0;0;"NaN";"NaN";"NaN";NA;NA;NA;"NaN";"NaN";"NaN";"NaN";"NaN";"NaN";"NaN";"NaN";"NaN"
"NPC_dA_rep4b_new_Zfp_10kb_Airyscan_4y_06";13;"408.761024";3;2;2;"0.539084428104173";"0.6598907107028";"0.580407949117884";3;2;2;"2496.14755351682";"2779.31498470948";"31.3723241590214";"2489.18298653611";"2787.5152998776";"29.0532435740514";"2495.03646973012";"2777.06382202772";"26.7137126185266"
"NPC_dA_rep4b_new_Zfp_10kb_Airyscan_4y_06";14;"343.3248";1;2;2;"0.119788167075062";"0.593004605577761";"0.478060521601425";1;2;2;"2734.00979858465";"272.330430048993";"45.0244964616222";"2732.44835501148";"272.505738332058";"44.2960979342005";"2729.19002695418";"271.209568733154";"41.0316711590296"
"NPC_dA_rep4b_new_Zfp_10kb_Airyscan_4y_06";15;"252.607936";2;1;0;"NaN";"NaN";"NaN";NA;NA;NA;"NaN";"NaN";"NaN";"NaN";"NaN";"NaN";"NaN";"NaN";"NaN"
"NPC_dA_rep4b_new_Zfp_10kb_Airyscan_4y_06";16;"250.520032";1;0;0;"NaN";"NaN";"NaN";NA;NA;NA;"NaN";"NaN";"NaN";"NaN";"NaN";"NaN";"NaN";"NaN";"NaN"
"NPC_dA_rep4b_new_Zfp_10kb_Airyscan_4y_07";1;"1264.06112";6;4;6;"0.46671264233384";"0.454841731268974";"0.522493290209685";1;2;1;"406.229102167183";"1274.76470588235";"12.2778637770898";"410.730200174064";"1285.52436901654";"12.3716275021758";"411.616960114984";"1276.74919151994";"9.47358965145526"
"NPC_dA_rep4b_new_Zfp_10kb_Airyscan_4y_07";1;"1264.06112";6;4;6;"0.338605197730325";"0.461607622203898";"0.537658954722939";2;1;2;"256.497572815534";"1398.6569579288";"12.1181229773463";"251.320029293299";"1392.78689124863";"11.1969974368363";"250.816312542838";"1405.02193283071";"9.89787525702536"
"NPC_dA_rep4b_new_Zfp_10kb_Airyscan_4y_07";2;"331.231264";3;2;3;"0.377069952295551";"0.863720879521324";"0.666723251021051";3;2;3;"343.608265947889";"1640.61320754717";"29.2623539982031";"344.177979690005";"1631.64350614645";"28.4500267236772";"353.883636363636";"1631";"24.5827272727273"
"NPC_dA_rep4b_new_Zfp_10kb_Airyscan_4y_07";3;"91.760704";0;0;0;"NaN";"NaN";"NaN";NA;NA;NA;"NaN";"NaN";"NaN";"NaN";"NaN";"NaN";"NaN";"NaN";"NaN"
"NPC_dA_rep4b_new_Zfp_10kb_Airyscan_4y_07";4;"1037.883168";4;3;5;"0.958980741113459";"1.42032629302864";"0.526980495517725";4;2;5;"762.331495098039";"2756.73406862745";"46.46875";"779.155187703222";"2745.75968075672";"42.7292344073308";"783.677725118483";"2743.94075829384";"39.2322274881517"
"NPC_dA_rep4b_new_Zfp_10kb_Airyscan_4y_07";6;"435.002848";2;1;1;"0.881764667243279";"3.5409302876084";"3.67441751401791";1;1;1;"730.551849166062";"277.174039158811";"17.3633067440174";"734.975929978118";"298.73616755236";"17.7067833698031";"813.338661710037";"258.918215613383";"10.082156133829"
"NPC_dA_rep4b_new_Zfp_10kb_Airyscan_4y_07";7;"822.09792";2;3;2;"0.310290342063519";"1.08999303062163";"0.879805618535089";2;3;1;"938.714587737844";"853.675475687104";"36.9645877378436";"936.858562908265";"859.84720249929";"35.7310423175234";"943.866892751166";"863.711742263671";"29.8774904620602"
"NPC_dA_rep4b_new_Zfp_10kb_Airyscan_4y_07";8;"871.390688";4;4;4;"0.317635913551453";"0.426298368559602";"0.212582215353285";1;2;1;"1406.41747325522";"171.932501273561";"10.6456953642384";"1398.80834160874";"170.535253227408";"10.1340615690169";"1397.76387160985";"173.626772829062";"8.9355561084847"
"NPC_dA_rep4b_new_Zfp_10kb_Airyscan_4y_07";8;"871.390688";4;4;4;"0.371362639497248";"0.849969928933979";"0.728581072534812";3;3;2;"1428.86449767608";"165.787272077226";"15.6803718269575";"1437.701625387";"167.33939628483";"14.9988390092879";"1433.91806220096";"174.900717703349";"10.3893540669856"
"NPC_dA_rep4b_new_Zfp_10kb_Airyscan_4y_07";8;"871.390688";4;4;4;"0.166581730131388";"0.623947870960673";"0.654843824065433";4;4;3;"1148.87012012012";"7.66816816816817";"16.6321321321321";"1151.50341588386";"10.8936806148591";"16.6114432109308";"1149.05210295041";"6.03201506591337";"12.2002510985562"
"NPC_dA_rep4b_new_Zfp_10kb_Airyscan_4y_07";9;"1380.1312";3;6;5;"2.90004091433745";"2.96488528836162";"0.540462197200763";1;2;3;"1355.95766904893";"864.696536558549";"24.6399120395822";"1389.68735083532";"927.387430389817";"28.563245823389";"1381.526735834";"934.067837190742";"26.1500399042298"
"NPC_dA_rep4b_new_Zfp_10kb_Airyscan_4y_07";10;"1440.509504";6;4;2;"0.522192033935562";"0.551251579291061";"0.425242848575561";6;4;2;"1794.6106362773";"2426.03181386515";"44.4078822412156";"1788.74051821254";"2417.77957191138";"42.0540743522343";"1790.45775225595";"2427.0771123872";"40.6652994257588"
"NPC_dA_rep4b_new_Zfp_10kb_Airyscan_4y_07";11;"400.782144";3;2;1;"0.0534832009881264";"0.0688983538908295";"0.0903739927672228";3;2;1;"1755.46928104575";"1984.78274509804";"47.9639215686274";"1756.47969745223";"1984.2201433121";"48.155652866242";"1754.60620915033";"1983.30555555556";"47.906862745098"
"NPC_dA_rep4b_new_Zfp_10kb_Airyscan_4y_07";12;"420.774592";2;2;0;"NaN";"NaN";"NaN";NA;NA;NA;"NaN";"NaN";"NaN";"NaN";"NaN";"NaN";"NaN";"NaN";"NaN"
"NPC_dA_rep4b_new_Zfp_10kb_Airyscan_4y_07";13;"2474.976224";9;8;9;"1.59253347093579";"1.67277227165599";"0.386074732077306";3;5;7;"2494.22160883281";"1201.03233438486";"18.6119873817035";"2492.3990430622";"1199.46794258373";"29.9665071770335";"2494.44979448033";"1211.12918379331";"30.2066940692895"
"NPC_dA_rep4b_new_Zfp_10kb_Airyscan_4y_07";13;"2474.976224";9;8;9;"0.258811117242315";"0.511575300630568";"0.509870394474729";4;1;3;"1919.43257261411";"1308.42323651452";"21.155601659751";"1921.77771724326";"1302.41214927813";"21.2931081449196";"1922.19177350427";"1299.46420940171";"18.6698717948718"
"NPC_dA_rep4b_new_Zfp_10kb_Airyscan_4y_07";13;"2474.976224";9;8;9;"0.592405621125584";"0.705452953736315";"0.672278567314497";6;3;5;"2149.48029366306";"1529.06298299845";"28.3508500772798";"2146.71225332721";"1534.11840293713";"24.4529600734282";"2141.91990291262";"1522.33398058252";"24.2242718446602"
"NPC_dA_rep4b_new_Zfp_10kb_Airyscan_4y_07";13;"2474.976224";9;8;9;"2.82593012243716";"3.01932374970689";"0.474799877474551";8;4;4;"2423.92720655141";"1293.14649681529";"30.9690627843494";"2360.1131059246";"1266.38839018552";"26.8988629563136";"2363.63083003953";"1257.40079051383";"22.9675889328063"
"NPC_dA_rep4b_new_Zfp_10kb_Airyscan_4y_07";13;"2474.976224";9;8;9;"0.265227062662112";"0.443855864254705";"0.349570250763136";9;7;9;"2288.28258967629";"1513.79615048119";"37.1732283464567";"2294.7423245614";"1512.33168859649";"37.0860745614035";"2295.2026032824";"1515.13129598189";"34.7243916242218"
"NPC_dA_rep4b_new_Zfp_10kb_Airyscan_4y_07";14;"1011.03072";5;4;4;"0.568481633141384";"0.690715345143976";"0.636037766797549";3;3;3;"2455.41301272984";"2204.62659123055";"36.8274398868458";"2442.74358974359";"2199.02228327228";"35.9212454212454";"2451.40078740157";"2200.89960629921";"32.1484251968504"
"NPC_dA_rep4b_new_Zfp_10kb_Airyscan_4y_07";15;"476.86016";1;1;2;"3.17375762327694";"3.23847333608903";"0.0896631685152695";1;1;2;"2579.83028017241";"1944.53232758621";"39.9008620689655";"2586.64309954751";"1955.73868778281";"17.5429864253394";"2585.22944960686";"1956.16011436741";"17.06075768406"
"NPC_dA_rep4b_new_Zfp_10kb_Airyscan_4y_07";16;"673.231104";6;3;1;"0.601452253525761";"2.2522908717678";"2.48575950413549";2;2;1;"2773.07984189723";"2581.67193675889";"13.2158102766798";"2767.30263157895";"2592.31114551084";"10.6679566563467";"2828.45502298096";"2581.32829940906";"10.3023637557452"
"NPC_dA_rep4b_new_Zfp_10kb_Airyscan_4y_08";1;"623.2632";3;2;1;"0.690831290128616";"0.62489293153256";"0.86433005130288";3;2;1;"329.247548369997";"785.015902464882";"39.8497217068646";"314.360006738544";"782.362028301887";"37.4661388140162";"334.753900561681";"775.935510713543";"36.5760349490327"
"NPC_dA_rep4b_new_Zfp_10kb_Airyscan_4y_08";2;"397.498304";1;2;2;"0.753739518210945";"1.70047241651817";"2.38774765068409";1;2;2;"399.872102318145";"2721.60151878497";"38.382893685052";"387.233404710921";"2732.23608137045";"35.791755888651";"417.261609907121";"2683.78986068111";"40.859520123839"
"NPC_dA_rep4b_new_Zfp_10kb_Airyscan_4y_08";4;"405.359584";1;2;2;"0.462111598826223";"0.754577108213024";"0.741682221735653";1;2;1;"1242.85922712934";"1814.8714511041";"18.1494479495268";"1237.30771778735";"1805.95528320636";"16.7747598542564";"1245.72330352446";"1814.98895318254";"12.8221988427144"
"NPC_dA_rep4b_new_Zfp_10kb_Airyscan_4y_08";5;"1512.940576";5;5;6;"5.30327281260542";"0.458179328499617";"5.15201823406447";3;3;4;"1610.35825242718";"2529.11229773463";"35.2983818770227";"1682.99337121212";"2418.23768939394";"34.4460227272727";"1609.17626527051";"2523.55671902269";"32.456369982548"
"NPC_dA_rep4b_new_Zfp_10kb_Airyscan_4y_08";5;"1512.940576";5;5;6;"0.229110457688747";"0.449914631700694";"0.486709214540535";4;4;6;"1341.21113881962";"2353.49875311721";"39.8778054862843";"1340.58854625551";"2347.87841409692";"40.1383259911894";"1338.39524421594";"2351.08547557841";"36.8438303341902"
"NPC_dA_rep4b_new_Zfp_10kb_Airyscan_4y_08";5;"1512.940576";5;5;6;"0.635744366363593";"1.67648342977901";"1.05505926090839";5;5;5;"1529.70512820513";"2147.82831661093";"46.5702341137124";"1530.85157545605";"2139.07379767828";"42.7943615257048";"1539.56517379679";"2126.37767379679";"36.6758021390374"
"NPC_dA_rep4b_new_Zfp_10kb_Airyscan_4y_08";6;"661.611328";3;2;1;"0.379467315946898";"0.738803669434701";"0.544923615655692";2;2;1;"1317.47424242424";"447.357954545455";"13.9583333333333";"1316.92055025267";"456.696799550814";"13.5087029758563";"1325.88934764657";"459.056977704377";"10.6575832645197"
"NPC_dA_rep4b_new_Zfp_10kb_Airyscan_4y_08";7;"2796.762528";11;9;10;"0.478715307184727";"0.580433055852021";"0.132507518256496";1;4;2;"1850.4981826993";"1846.05888054277";"7.99321541070996";"1859.66628440367";"1850.76834862385";"9.73107798165138";"1861.05204163331";"1855.10088070456";"6.80064051240993"
"NPC_dA_rep4b_new_Zfp_10kb_Airyscan_4y_08";7;"2796.762528";11;9;10;"4.7844866494328";"4.90971281291467";"0.448798553302072";3;2;3;"1930.47954866008";"1636.78913963329";"20.4992947813822";"1964.31254147313";"1534.17120106171";"5.84140676841407";"1964.52337662338";"1531.68896103896";"5.21753246753247"
"NPC_dA_rep4b_new_Zfp_10kb_Airyscan_4y_08";7;"2796.762528";11;9;10;"0.219133802172186";"0.433458074628719";"0.440150234975579";4;5;4;"2184.92089985486";"1859.72931785196";"24.4092888243832";"2181.47804878049";"1863.98428184282";"24.4758807588076";"2189.47664041995";"1866.88241469816";"22.4818897637795"
"NPC_dA_rep4b_new_Zfp_10kb_Airyscan_4y_08";7;"2796.762528";11;9;10;"0.239059982609057";"0.853286003312874";"0.723365973104724";9;9;8;"1748.43989769821";"1732.58874680307";"48.2900255754476";"1752.87155133424";"1736.55269109";"48.1171415649028";"1756.9055404178";"1741.08537693006";"43.2497729336966"
"NPC_dA_rep4b_new_Zfp_10kb_Airyscan_4y_08";8;"453.892992";2;2;2;"0.127859564654275";"0.710012012391471";"0.589275502856624";1;1;1;"1868.11256746338";"404.939090208173";"34.168465690054";"1867.86049382716";"403.982716049383";"33.3";"1871.52755905512";"397.50498687664";"29.6677165354331"
"NPC_dA_rep4b_new_Zfp_10kb_Airyscan_4y_08";8;"453.892992";2;2;2;"0.342718469332946";"0.634262699739373";"0.391283854230542";2;2;2;"1881.45696539485";"455.456078083407";"40.5093167701863";"1880.67912087912";"460.859340659341";"38.6225274725275";"1873.21234735414";"459.790705563094";"36.8429443690638"
"NPC_dA_rep4b_new_Zfp_10kb_Airyscan_4y_08";10;"544.639424";3;2;2;"0.345519270697675";"1.04841428791553";"0.765791096789496";2;1;1;"2239.89956036524";"2300.39634764965";"36.2888062225228";"2243.07789678676";"2300.87633885102";"33.9980525803311";"2239.38758992806";"2310.33992805755";"29.3615107913669"
"NPC_dA_rep4b_new_Zfp_10kb_Airyscan_4y_08";10;"544.639424";3;2;2;"0.529463737585838";"0.35064515862892";"0.287084680566972";3;2;2;"2221.94096728307";"2360.00355618777";"46.6806543385491";"2219.26546275395";"2366.52257336343";"43.4792325056433";"2218.81689401889";"2360.02465897167";"44.3405036726128"
"NPC_dA_rep4b_new_Zfp_10kb_Airyscan_4y_08";11;"658.103488";3;3;1;"0.448285165064874";"0.708517239005277";"0.549742274849032";2;2;1;"2230.66624843162";"2052.10602258469";"32.4542032622334";"2233.79683698297";"2059.41058394161";"30.1964720194647";"2229.84615384615";"2050.53598014888";"27.4187344913151"
"NPC_dA_rep4b_new_Zfp_10kb_Airyscan_4y_08";12;"451.243744";1;2;1;"0.242127319054837";"0.726137028625317";"0.542732267719197";1;1;1;"2411.99672897196";"901.28785046729";"17.5532710280374";"2412.70696224454";"901.229996536197";"15.8358157256668";"2407.61383928571";"893.075148809524";"13.1004464285714"
"NPC_dA_rep4b_new_Zfp_10kb_Airyscan_4y_08";13;"403.91792";2;1;1;"0.394799301036604";"0.897784339999786";"0.699301705531079";1;1;1;"2468.98115746972";"1307.54374158816";"25.5921938088829";"2476.75796351756";"1304.28260277702";"24.126871766948";"2470.51538837323";"1296.70493404983";"19.9938935026869"
"NPC_dA_rep4b_new_Zfp_10kb_Airyscan_4y_08";15;"687.766016";2;2;2;"0.42156892674721";"0.344120456543704";"0.122248013583966";1;1;1;"2573.66535260622";"1513.76171703898";"9.84800700832238";"2573.29361702128";"1523.95197568389";"9.08693009118541";"2573.02188054406";"1521.28267297457";"8.66883500887049"
"NPC_dA_rep4b_new_Zfp_10kb_Airyscan_4y_08";16;"684.758816";1;3;5;"0.462872575703293";"0.380828497230372";"0.621505899173507";1;1;2;"2595.08665476899";"144.42335911164";"14.6950228038866";"2601.87265711136";"151.459206174201";"12.925578831312";"2592.44785502959";"139.174926035503";"12.5543639053254"
"NPC_dA_rep4b_new_Zfp_10kb_Airyscan_4y_09";1;"336.329504";2;2;2;"0.158557058896961";"0.798126712234958";"0.655502084504195";1;1;1;"81.8866963717377";"548.860598345003";"15.0241884150223";"84.4286783976039";"549.497940846125";"14.1744664919506";"94.1382413087935";"559.409406952965";"11.6830265848671"
"NPC_dA_rep4b_new_Zfp_10kb_Airyscan_4y_09";1;"336.329504";2;2;2;"0.836515456681772";"0.302852942815451";"0.59400886207438";2;2;2;"231.313274336283";"660.304424778761";"21.741592920354";"248.769851951548";"661.015477792732";"18.4576043068641";"234.703141928494";"660.442578548212";"19.8076923076923"
"NPC_dA_rep4b_new_Zfp_10kb_Airyscan_4y_09";2;"454.408416";1;2;2;"0.446710422424527";"1.75630036444731";"2.17821102912176";1;1;1;"244.284644194757";"1461.48377028714";"22.9488139825218";"234.649963154016";"1456.78481945468";"23.8437730287399";"277.870328425821";"1472.33748584371";"15.4869762174405"
"NPC_dA_rep4b_new_Zfp_10kb_Airyscan_4y_09";3;"319.16528";2;2;1;"0.708199514223668";"3.78747961705342";"3.59872812386522";1;1;1;"532.196255432966";"1029.37880307589";"16.3814777666332";"539.324768323505";"1028.30244313395";"21.0016849199663";"511.844399731724";"1106.68142186452";"30.8819584171697"
"NPC_dA_rep4b_new_Zfp_10kb_Airyscan_4y_09";4;"415.740864";5;2;2;"0.476271306320722";"0.244175632250689";"1.72314221857462";3;2;1;"756.45983935743";"1437.29518072289";"28.636546184739";"758.013020833333";"1447.97482638889";"30.0737847222222";"761.657164291073";"1437.11477869467";"29.549887471868"
"NPC_dA_rep4b_new_Zfp_10kb_Airyscan_4y_09";4;"415.740864";5;2;2;"0.385835122446853";"1.77461039934904";"0.464039057822661";4;1;2;"637.376779846659";"1483.93209200438";"31.5377875136911";"635.111495578624";"1475.83314109958";"30.1880046136102";"613.897376093294";"1460.58483965015";"39.9743440233236"
"NPC_dA_rep4b_new_Zfp_10kb_Airyscan_4y_09";5;"435.90848";1;2;2;"0.765219595615387";"0.625590260049719";"0.168725158903397";1;2;2;"956.08114374034";"2779.46058732612";"31.6043276661515";"951.548664944014";"2783.4616709733";"26.4186046511628";"954.035294117647";"2784.08382352941";"27.3757352941176"
"NPC_dA_rep4b_new_Zfp_10kb_Airyscan_4y_09";6;"961.295552";4;4;4;"0.39617728327521";"0.802585892414411";"0.510779982279026";1;1;1;"1350.01174089069";"1618.51578947368";"20.7263157894737";"1352.60245398773";"1623.07975460123";"18.3263803680982";"1355.68834355828";"1616.97607361963";"15.2453987730061"
"NPC_dA_rep4b_new_Zfp_10kb_Airyscan_4y_09";6;"961.295552";4;4;4;"0.261755004140868";"0.545290443598472";"0.671357558102106";2;2;2;"1077.96035472092";"1727.21022430882";"19.4058424621805";"1079.57815565729";"1722.16612164814";"20.5035971223022";"1073.85175380543";"1722.05956320318";"15.9960291197882"
"NPC_dA_rep4b_new_Zfp_10kb_Airyscan_4y_09";6;"961.295552";4;4;4;"0.300803900212111";"0.440661734110175";"0.185286416187251";3;3;3;"895.759228187919";"1505.21812080537";"27.1157718120805";"902.218761586949";"1507.42528735632";"26.2143121987393";"905.119691119691";"1504.97055984556";"25.457528957529"
"NPC_dA_rep4b_new_Zfp_10kb_Airyscan_4y_09";6;"961.295552";4;4;4;"0.183087915408819";"0.293309814258458";"0.139841429820456";4;4;4;"1056.29545454545";"1521.65779220779";"34.1441558441558";"1052.56457925636";"1521.5259295499";"33.3874755381605";"1052.19649303765";"1520.48865394533";"32.4394017534812"
"NPC_dA_rep4b_new_Zfp_10kb_Airyscan_4y_09";7;"361.31312";3;3;3;"0.0657433487913808";"0.211039944771108";"0.150665800944042";3;3;3;"1237.03570455165";"2752.68983374216";"49.358135731807";"1236.68506493506";"2751.40827922078";"49.08170995671";"1237.28732521425";"2749.26747857465";"48.2131258457375"
"NPC_dA_rep4b_new_Zfp_10kb_Airyscan_4y_09";9;"406.259616";0;2;2;"NaN";"NaN";"NaN";NA;NA;NA;"NaN";"NaN";"NaN";"NaN";"NaN";"NaN";"NaN";"NaN";"NaN"
"NPC_dA_rep4b_new_Zfp_10kb_Airyscan_4y_09";10;"400.14912";1;1;1;"0.211526107055681";"4.23854631429708";"4.12653020511384";1;1;1;"1538.2956627978";"1775.44043982896";"48.8289554062309";"1538.15201900238";"1771.12945368171";"47.9548693586698";"1448.96369294606";"1722.87136929461";"42.5394190871369"
"NPC_dA_rep4b_new_Zfp_10kb_Airyscan_4y_09";11;"3103.681504";6;8;8;"0.408643779450288";"0.345772142958624";"0.60670225697897";1;1;1;"1684.68067226891";"1645.40565317036";"9.77616501145913";"1681.05965574157";"1638.13015798161";"11.5449186512615";"1678.425014997";"1647.17306538692";"8.14817036592681"
"NPC_dA_rep4b_new_Zfp_10kb_Airyscan_4y_09";11;"3103.681504";6;8;8;"0.795921276781994";"0.30295206142128";"0.952284696910745";5;4;5;"1891.53321364452";"1465.47277079593";"35.7576301615799";"1883.11732283465";"1450.17637795276";"38.4850393700787";"1893.15234102027";"1463.79454926625";"33.6988120195667"
"NPC_dA_rep4b_new_Zfp_10kb_Airyscan_4y_09";12;"412.638464";2;1;2;"0.349957293310435";"0.760331577385961";"0.63051621423536";2;1;2;"1758.12967914439";"992.457219251337";"27.1617647058824";"1754.2762991128";"998.59062103929";"25.7598225602028";"1762.82068141064";"996.459055588763";"22.0245068738793"
"NPC_dA_rep4b_new_Zfp_10kb_Airyscan_4y_09";13;"384.734336";2;2;2;"0.7285738213183";"0.670942460808449";"0.598814574845424";1;1;1;"1864.0214329455";"625.683404776485";"14.7354562155542";"1866.53446601942";"616.829126213592";"10.2446601941748";"1869.64416586307";"631.438765670203";"10.5303760848602"
"NPC_dA_rep4b_new_Zfp_10kb_Airyscan_4y_09";13;"384.734336";2;2;2;"0.930336482121526";"1.98882629939658";"1.23324573071653";2;2;2;"1867.92638731597";"575.317100792752";"30.4082672706682";"1846.96710905943";"585.178880553953";"29.8084246970571";"1825.70087064677";"594.060323383085";"35.6598258706468"
"NPC_dA_rep4b_new_Zfp_10kb_Airyscan_4y_09";14;"236.722752";1;1;2;"0.682376256104623";"0.52953398932723";"0.431543296702677";1;1;1;"2333.53309481216";"2895.48568872987";"25.7307692307692";"2318.98057395143";"2898.90949227373";"28.078587196468";"2328.07948717949";"2894.5391025641";"29.1666666666667"
"NPC_dA_rep4b_new_Zfp_10kb_Airyscan_4y_09";15;"388.441984";3;2;2;"0.814388044363504";"0.74127738478986";"0.810565252601297";1;1;1;"2523.36163920575";"231.697929869033";"14.1563160118293";"2504.62342135476";"229.386911595867";"11.9793340987371";"2516.4143665959";"245.701344656759";"11.3124557678698"
"NPC_dA_rep4b_new_Zfp_10kb_Airyscan_4y_09";16;"613.666592";3;3;2;"4.80174982927758";"4.98153261009876";"0.452328677262221";1;1;1;"2891.39558417663";"726.168353265869";"26.6936522539098";"2831.7543493389";"795.272790535839";"4.41892832289492";"2821.56780595369";"790.928335170893";"3.7651598676957"
"NPC_dA_rep4b_new_Zfp_10kb_Airyscan_4y_09";16;"613.666592";3;3;2;"0.715547531793635";"0.875516728036125";"0.445793374759817";3;3;2;"2769.3828425096";"856.399061032864";"38.322236448997";"2757.91570402747";"863.617546050578";"34.9853262566344";"2754.51898101898";"853.863386613387";"33.7892107892108"
"NPC_dA_rep4b_new_Zfp_10kb_Airyscan_4y_09";17;"454.097952";1;1;1;"0.404175330262325";"0.876575870337565";"0.550049839524568";1;1;1;"2785.4582898853";"2396.88477580813";"33.5318039624609";"2780.63247011952";"2394.42878486056";"31.0943725099602";"2769.47914359542";"2386.80915466962";"30.3580657069029"
"NPC_dA_rep4b_new_Zfp_10kb_Airyscan_4y_09";18;"170.815008";0;1;0;"NaN";"NaN";"NaN";NA;NA;NA;"NaN";"NaN";"NaN";"NaN";"NaN";"NaN";"NaN";"NaN";"NaN"
"NPC_dA_rep4b_new_Zfp_10kb_Airyscan_4y_10";1;"2189.798912";9;11;8;"2.6061767041662";"2.38129700190636";"0.531300454175937";1;1;1;"217.469545957918";"1387.87818383167";"8.10299003322259";"236.656191074796";"1325.69641734758";"7.18164676304211";"230.671732522796";"1331.44300911854";"4.21808510638298"
"NPC_dA_rep4b_new_Zfp_10kb_Airyscan_4y_10";1;"2189.798912";9;11;8;"0.257488476515905";"0.35368808397892";"0.10519475520152";3;2;3;"154.42042042042";"2006.44744744745";"10.7827827827828";"158.529508196721";"2005.38442622951";"9.4";"159.053400503778";"2004.74559193955";"8.68664987405542"
"NPC_dA_rep4b_new_Zfp_10kb_Airyscan_4y_10";1;"2189.798912";9;11;8;"0.511588057129182";"0.557634965750731";"0.487782226850978";4;3;2;"340.621503017005";"1433.83433900165";"12.1365880416895";"340.24318969787";"1423.0034670629";"10.1961367013373";"349.128832630098";"1430.47623066104";"9.13052039381153"
"NPC_dA_rep4b_new_Zfp_10kb_Airyscan_4y_10";1;"2189.798912";9;11;8;"1.02369352510201";"0.997912918199631";"0.342062114675958";7;6;4;"179.540029651594";"1918.25055596738";"25.8613787991105";"155.697777777778";"1915.42133333333";"23.3297777777778";"160.637060533968";"1913.46048109966";"21.4155432196669"
"NPC_dA_rep4b_new_Zfp_10kb_Airyscan_4y_10";1;"2189.798912";9;11;8;"3.56549624576558";"2.99177421068564";"0.325217012652315";8;9;7;"187.979515828678";"1518.92830540037";"32.8864059590317";"163.348278622898";"1465.06938884441";"51.9202028289298";"158.975673898751";"1467.37672583826";"45.965154503616"
"NPC_dA_rep4b_new_Zfp_10kb_Airyscan_4y_10";1;"2189.798912";9;11;8;"1.04166620758791";"1.31716400803106";"0.856841019464334";9;7;5;"52.1874007411329";"1546.22498676548";"40.6177871889889";"61.5833910034602";"1547.70242214533";"33.6913494809689";"60.2363367799114";"1550.93205317578";"31.5945347119645"
"NPC_dA_rep4b_new_Zfp_10kb_Airyscan_4y_10";3;"515.303936";2;2;2;"0.150581145640977";"0.381477029943219";"0.488916024684332";1;1;1;"309.716644355199";"2615.91075412762";"24.2594823739402";"308.69370360187";"2619.07506186417";"24.7635413802585";"308.695405405405";"2613.72945945946";"21.622972972973"
"NPC_dA_rep4b_new_Zfp_10kb_Airyscan_4y_10";3;"515.303936";2;2;2;"0.228225481496606";"0.639685618442535";"0.425341350818783";2;2;2;"497.159746251442";"2619.91868512111";"36.7272202998847";"498.548311990687";"2618.40861466822";"35.2060535506403";"498.58981233244";"2612.06032171582";"32.7687667560322"
"NPC_dA_rep4b_new_Zfp_10kb_Airyscan_4y_10";4;"446.537504";2;1;2;"0.179742003787421";"0.95529312770687";"0.975123937945782";1;1;1;"595.283287419651";"540.025711662075";"23.8902662993572";"593.69921875";"544.178385416667";"23.701171875";"601.683903252711";"538.360300250209";"17.3336113427857"
"NPC_dA_rep4b_new_Zfp_10kb_Airyscan_4y_10";6;"918.664544";3;2;3;"0.488638621165887";"0.719651824676629";"0.599778248738472";1;1;1;"596.459736456808";"1929.66983894583";"11.9180087847731";"603.672454804948";"1925.31612749762";"9.39058039961941";"592.264243614931";"1929.77504911591";"6.91944990176817"
"NPC_dA_rep4b_new_Zfp_10kb_Airyscan_4y_10";6;"918.664544";3;2;3;"0.196653546871522";"0.784798993026992";"0.724864164561359";2;2;2;"904.778954334878";"1794.45929847783";"33.7902051621443";"901.663346613546";"1790.7775564409";"33.5179282868526";"905.731016042781";"1787.4256684492";"28.5641711229947"
"NPC_dA_rep4b_new_Zfp_10kb_Airyscan_4y_10";7;"1264.602752";5;6;6;"0.747585165876881";"0.701435720466225";"0.486799338940916";1;1;1;"667.026180990324";"200.538417757541";"7.69664200341491";"658.252856054836";"217.008377760853";"7.99238385376999";"654.305613305613";"209.699584199584";"5.45114345114345"
"NPC_dA_rep4b_new_Zfp_10kb_Airyscan_4y_10";7;"1264.602752";5;6;6;"2.99100064481331";"2.21951666394655";"0.465518716485338";3;6;6;"901.2156133829";"13.8345724907063";"18.4405204460967";"898.996";"59.1915555555556";"35.4137777777778";"891.734555984556";"46.6212998712999";"30.9404761904762"
"NPC_dA_rep4b_new_Zfp_10kb_Airyscan_4y_10";7;"1264.602752";5;6;6;"0.0268978380503493";"0.0979983288772893";"0.0943886354892694";4;5;4;"1198.52839506173";"30.0888888888889";"18.7214814814815";"1198.05882352941";"30.3148788927336";"18.8429065743945";"1198.3258636788";"32.4873949579832";"18.5910364145658"
"NPC_dA_rep4b_new_Zfp_10kb_Airyscan_4y_10";7;"1264.602752";5;6;6;"1.89392862895011";"2.33661177815367";"0.854042274383358";5;3;3;"1125.2908777969";"138.585197934596";"24.7943201376936";"1154.77237936772";"109.374708818636";"18.2825291181364";"1162.14711077467";"100.571032046429";"17.7441332323997"
"NPC_dA_rep4b_new_Zfp_10kb_Airyscan_4y_10";8;"685.491072";1;3;2;"0.455862166219599";"0.380650625031148";"0.603398623235971";1;2;2;"787.988683351469";"1556.57062023939";"40.8707290533188";"791.764861294584";"1545.88441215324";"41.2120211360634";"783.677639046538";"1554.46159667045";"38.5228906545592"
"NPC_dA_rep4b_new_Zfp_10kb_Airyscan_4y_10";9;"542.66688";2;2;2;"0.417582675151482";"0.538662559346247";"0.163435003416";1;1;1;"1155.52028639618";"2860.39140811456";"22.1877486077963";"1157.05363703159";"2861.3108008817";"19.2490815576782";"1154.62064056939";"2860.39145907473";"18.3487544483986"
"NPC_dA_rep4b_new_Zfp_10kb_Airyscan_4y_10";9;"542.66688";2;2;2;"0.278679930894075";"0.401324171193904";"0.229602775617266";2;2;2;"950.976795096322";"2734.4023642732";"30.9584063047285";"951.734925606891";"2729.61119812059";"32.3872357086922";"954.50329736211";"2725.31714628297";"31.6396882494005"
"NPC_dA_rep4b_new_Zfp_10kb_Airyscan_4y_10";10;"1068.676896";3;6;2;"0.588092801016586";"0.773247816790685";"0.405866709845483";2;3;1;"1143.10198300283";"504.91111898017";"29.707507082153";"1146.48988705017";"498.346204360389";"26.0756501182033";"1147.84303313509";"506.440739167375";"24.3708581138488"
"NPC_dA_rep4b_new_Zfp_10kb_Airyscan_4y_10";10;"1068.676896";3;6;2;"0.523234204526148";"0.60678453200141";"0.482734604730754";3;4;2;"1240.24137931034";"586.502767134951";"31.5959982971477";"1239.96990250106";"576.737176769818";"29.110640101738";"1241.57949932341";"586.836265223275";"27.2797699594046"
"NPC_dA_rep4b_new_Zfp_10kb_Airyscan_4y_10";11;"946.44256";3;5;4;"0.466841981614157";"0.827895765848659";"0.782504493946051";1;1;2;"1491.59943865277";"1488.22814755413";"24.8865276663994";"1489.57749803304";"1498.6435877262";"23.4972462627852";"1478.38317757009";"1486.98130841121";"20.3495327102804"
"NPC_dA_rep4b_new_Zfp_10kb_Airyscan_4y_10";11;"946.44256";3;5;4;"0.659772461603262";"0.760599512810622";"0.600222543954459";2;2;3;"1297.77826404085";"1384.23267687819";"33.4762946754194";"1288.22180372463";"1391.9933040385";"30.3398200460347";"1293.93155893536";"1380.12119771863";"28.287072243346"
"NPC_dA_rep4b_new_Zfp_10kb_Airyscan_4y_10";12;"187.237792";0;2;0;"NaN";"NaN";"NaN";NA;NA;NA;"NaN";"NaN";"NaN";"NaN";"NaN";"NaN";"NaN";"NaN";"NaN"
"NPC_dA_rep4b_new_Zfp_10kb_Airyscan_4y_10";13;"868.801696";4;3;4;"0.925088841457589";"0.635177535273874";"0.30792002613375";1;2;3;"1617.38491147036";"2493.02347959969";"32.3175519630485";"1636.95582329317";"2481.34236947791";"33.4387550200803";"1631.79388646288";"2486.92052401747";"33.0890829694323"
"NPC_dA_rep4b_new_Zfp_10kb_Airyscan_4y_10";13;"868.801696";4;3;4;"0.553549241217284";"0.756640245184146";"0.949391203123406";3;3;4;"1629.46637931034";"2262.46379310345";"41.4336206896552";"1620.48494872643";"2258.37644723784";"44.2057558716507";"1615.99000999001";"2262.28371628372";"37.6413586413586"
"NPC_dA_rep4b_new_Zfp_10kb_Airyscan_4y_10";14;"757.685824";2;1;2;"0.510914190030585";"0.892339149958465";"0.672250278424323";1;1;1;"2137.9713408393";"2324.42374616172";"17.2395087001024";"2140.29277436946";"2323.15030674847";"13.6693933197001";"2124.68820391227";"2326.41967990516";"12.1505631298162"
"NPC_dA_rep4b_new_Zfp_10kb_Airyscan_4y_10";15;"1530.731776";5;7;4;"0.327280054507573";"0.358868105062389";"0.408658951329347";3;2;2;"2542.25113579001";"1551.08001009591";"15.0752145381121";"2549.95326483262";"1553.75140868412";"14.8760357971495";"2544.20249390079";"1551.22851721334";"12.5735971808078"
"NPC_dA_rep4b_new_Zfp_10kb_Airyscan_4y_10";15;"1530.731776";5;7;4;"0.319050282308435";"0.787891232225428";"0.636135775482773";4;4;3;"2207.66132723112";"1502.94565217391";"21.7683066361556";"2211.91398416887";"1507.84749340369";"20.44327176781";"2206.62282398453";"1505.68471953578";"16.2030947775629"
"NPC_dA_rep4b_new_Zfp_10kb_Airyscan_4y_10";16;"448.926464";2;3;2;"0.368894690294322";"0.538238793322852";"0.544159882040538";2;1;2;"2345.22749346283";"1825.6070227867";"19.1479267837131";"2344.21672661871";"1818.3309352518";"17.5548561151079";"2346.42824730573";"1829.66023823029";"15.4980147475893"
"NPC_dA_rep4b_new_Zfp_10kb_Airyscan_4y_10";17;"851.079264";4;5;5;"2.20125934185973";"0.325254095559195";"0.244624939991114";1;2;1;"2642.53070175439";"1433.25570175439";"6.78859649122807";"2650.03492647059";"1487.77297794118";"6.75091911764706";"2647.41196777906";"1428.23014959724";"5.60932105868815"
"NPC_dA_rep4b_new_Zfp_10kb_Airyscan_4y_10";17;"851.079264";4;5;5;"0.336892039098466";"0.491891015873382";"2.38937417231003";2;1;2;"2738.27372462973";"1431.56061437191";"7.25562260010971";"2737.39270919635";"1429.85501242751";"4.9125932062966";"2731.73807829181";"1428.23060498221";"4.4355871886121"
"NPC_dA_rep4b_new_Zfp_10kb_Airyscan_4y_10";17;"851.079264";4;5;5;"0.0990350023947747";"0.254289300204602";"0.160706780967664";3;3;3;"2749.17463479416";"1481.33466135458";"28.4209827357238";"2747.97272727273";"1481.86262626263";"27.8212121212121";"2747.61974789916";"1482.60294117647";"26.6974789915966"
"NPC_dA_rep4b_new_Zfp_10kb_Airyscan_4y_10";17;"851.079264";4;5;5;"0.415452896047333";"0.364257726256753";"0.59571039999459";4;5;5;"2676.52316331306";"1346.40711277492";"45.1361722040243";"2666.43093922652";"1344.70639305446";"45.6416732438832";"2675.98843094722";"1350.00795372379";"42.7512653651482"
"NPC_dA_rep4b_new_Zfp_10kb_Airyscan_4y_10";18;"223.95968";2;1;1;"0.542758043247803";"1.1778433741936";"1.45014442840264";2;1;1;"1334.85224274406";"1119.14182058048";"47.5006596306069";"1328.90272373541";"1126.45282101167";"50.2893968871595";"1362.08036890646";"1129.3860342556";"46.1989459815547"
"NPC_dA_rep4b_new_Zfp_10kb_Airyscan_4y_11";1;"2702.91504";8;9;8;"0.871596998588218";"0.899393653540049";"0.324662204417287";1;1;1;"318";"2753.10894495413";"7.19839449541284";"333.832671432354";"2738.19751125232";"6.81758009001853";"333.575177304965";"2739.81205673759";"4.54609929078014"
"NPC_dA_rep4b_new_Zfp_10kb_Airyscan_4y_11";1;"2702.91504";8;9;8;"0.826134165062449";"0.723698547294088";"0.33807621134458";5;7;4;"82.1898496240601";"2152.54511278195";"36.0686090225564";"99.7246764837126";"2142.81258366801";"34.6581883087907";"99.4971715901949";"2151.25958516656";"34.607793840352"
"NPC_dA_rep4b_new_Zfp_10kb_Airyscan_4y_11";1;"2702.91504";8;9;8;"0.729964118863648";"0.630030693383211";"0.400164563387037";6;8;5;"363.862645348837";"2412.77252906977";"41.3684593023256";"369.421905697446";"2428.36247544204";"39.1723968565815";"361.713450292398";"2423.27907732294";"38.0724496426251"
"NPC_dA_rep4b_new_Zfp_10kb_Airyscan_4y_11";1;"2702.91504";8;9;8;"0.162182603313528";"0.266611173362294";"0.294144995271592";8;9;8;"238.885234429671";"2379.86074177747";"50.6543037088873";"235.942271880819";"2380.63165735568";"51.4201117318436";"233.986998916576";"2376.65872156013";"49.7426868905742"
"NPC_dA_rep4b_new_Zfp_10kb_Airyscan_4y_11";2;"347.432288";2;2;1;"0.606363936557639";"0.369361064594393";"0.39266588929454";2;2;1;"66.0640465793304";"351.972343522562";"43.570596797671";"55.4716386554622";"351.15231092437";"40.4810924369748";"64.6624709527498";"354.018396591789";"41.0292408985283"
"NPC_dA_rep4b_new_Zfp_10kb_Airyscan_4y_11";3;"464.12128";1;2;1;"0.219261627118713";"0.983918313064613";"0.949250125894972";1;2;1;"444.99512195122";"1569.09046563193";"31.2341463414634";"448.986183074266";"1572.50604490501";"30.786701208981";"437.339488176223";"1578.820861678";"25.1613216715258"
"NPC_dA_rep4b_new_Zfp_10kb_Airyscan_4y_11";4;"439.003488";2;2;2;"0.618038071532467";"0.426336154591242";"0.545229717242876";2;2;2;"874.398247978437";"423.92115902965";"27.0950134770889";"878.623376623377";"436.160628844839";"24.6862611073137";"875.481288076588";"423.070496083551";"24.0752828546562"
"NPC_dA_rep4b_new_Zfp_10kb_Airyscan_4y_11";5;"78.492736";1;1;0;"NaN";"NaN";"NaN";NA;NA;NA;"NaN";"NaN";"NaN";"NaN";"NaN";"NaN";"NaN";"NaN";"NaN"
"NPC_dA_rep4b_new_Zfp_10kb_Airyscan_4y_11";6;"394.715776";1;3;2;"0.329555817434872";"0.566004302125982";"0.311672316664696";1;1;1;"1013.13852515507";"810.532046864232";"16.7987594762233";"1009.44645550528";"809.33257918552";"14.7224736048265";"1007.88878189697";"815.033220991815";"13.2715454983149"
"NPC_dA_rep4b_new_Zfp_10kb_Airyscan_4y_11";7;"448.867776";2;3;1;"0.524298080668255";"0.720332622535524";"0.504095748999504";1;2;1;"1013.63533225284";"1685.10372771475";"30.2512155591572";"1016.92577866137";"1686.07753479125";"26.636845593108";"1025.62851405622";"1677.14738955823";"27.1586345381526"
"NPC_dA_rep4b_new_Zfp_10kb_Airyscan_4y_11";8;"5071.2312";15;12;19;"0.552997137646262";"0.332260726442637";"0.233690821382297";1;1;1;"1459.87109375";"1403.0953125";"5.47890625";"1468.02044989775";"1392.11963190184";"6.06799591002045";"1465.75945241199";"1397.49608865711";"5.97164276401565"
"NPC_dA_rep4b_new_Zfp_10kb_Airyscan_4y_11";8;"5071.2312";15;12;19;"0.405073821533207";"0.66027072209779";"0.714509655877506";5;3;4;"1714.25622775801";"1461.69822064057";"15.3950177935943";"1704.13318777293";"1461.96943231441";"15.4119359534207";"1699.75300546448";"1462.39016393443";"13.1516393442623"
"NPC_dA_rep4b_new_Zfp_10kb_Airyscan_4y_11";8;"5071.2312";15;12;19;"0.76188998777396";"1.34909372256262";"0.362099514450076";6;4;8;"2246.94830371567";"993.149703823371";"16.3161012385568";"2256.71646673937";"1007.25736095965";"18.6782988004362";"2270.79533678756";"1016.94870466321";"16.7642487046632"
"NPC_dA_rep4b_new_Zfp_10kb_Airyscan_4y_11";8;"5071.2312";15;12;19;"1.17848298809896";"0.749239944680828";"0.734319467029338";7;2;6;"1219.18941176471";"1300.90411764706";"16.8188235294118";"1242.76064073227";"1290.86590389016";"12.6622425629291";"1226.24609053498";"1297.2329218107";"11.9736625514403"
"NPC_dA_rep4b_new_Zfp_10kb_Airyscan_4y_11";8;"5071.2312";15;12;19;"0.208114008233863";"0.585261241232328";"0.509286532260787";11;8;10;"2258.40377632535";"1135.07625272331";"28.5947712418301";"2253.91539081386";"1132.61724415794";"28.3271555197421";"2257.83037300178";"1129.68206039076";"24.7122557726465"
"NPC_dA_rep4b_new_Zfp_10kb_Airyscan_4y_11";8;"5071.2312";15;12;19;"0.60503243218225";"0.64442991524866";"0.542614804815042";13;7;11;"1883.57103257103";"1278.31600831601";"34.8385308385308";"1887.19086908691";"1284.94389438944";"31.0940594059406";"1884.46206896552";"1272.66206896552";"30.5357531760436"
"NPC_dA_rep4b_new_Zfp_10kb_Airyscan_4y_11";9;"408.435328";2;1;1;"0.45480182116154";"1.05211772065208";"0.608654593493408";1;1;1;"1217.57057546145";"259.693268186754";"23.0933767643865";"1215.92869565217";"263.550144927536";"20.0736231884058";"1210.5901826484";"265.518645357686";"16.0414764079148"
"NPC_dA_rep4b_new_Zfp_10kb_Airyscan_4y_11";10;"181.235264";2;1;0;"NaN";"NaN";"NaN";NA;NA;NA;"NaN";"NaN";"NaN";"NaN";"NaN";"NaN";"NaN";"NaN";"NaN"
"NPC_dA_rep4b_new_Zfp_10kb_Airyscan_4y_11";11;"1145.210528";4;8;5;"0.469600609439722";"0.719862490521809";"0.294433093584335";2;3;2;"2324.40218712029";"2571.27606318347";"30.252247873633";"2331.94551724138";"2576.06551724138";"28.0765517241379";"2339.02307692308";"2575.56813186813";"27.5164835164835"
"NPC_dA_rep4b_new_Zfp_10kb_Airyscan_4y_11";11;"1145.210528";4;8;5;"0.0831192462757466";"0.147342949085571";"0.0831374486392028";4;5;5;"2345.78933213805";"2575.43164500224";"41.7333034513671";"2344.9280997799";"2573.99192956713";"42.0836390315481";"2343.23425925926";"2572.88611111111";"41.9472222222222"
"NPC_dA_rep4b_new_Zfp_10kb_Airyscan_4y_11";12;"946.527904";5;4;4;"0.620319061912841";"0.614176756898486";"0.709472696273847";3;2;1;"2715.9972";"2012.048";"13.824";"2713.64356435644";"2026.95891089109";"12.8089108910891";"2718.50406137184";"2014.29512635379";"9.5437725631769"
"NPC_dA_rep4b_new_Zfp_10kb_Airyscan_4y_11";12;"946.527904";5;4;4;"0.593478650619422";"1.1766852294194";"0.67760055774415";5;4;3;"2829.38504016064";"1973.27459839357";"22.5215863453815";"2825.42626011201";"1979.9408836341";"18.9072806471686";"2828.07247706422";"1977.09541284404";"14.1963302752294"
"NPC_dA_rep4b_new_Zfp_10kb_Airyscan_4y_11";13;"391.214208";3;2;2;"0.441643294462805";"0.759110600222456";"0.441432952606231";1;1;1;"2807.02052597819";"208.917254650417";"10.0295060936498";"2798.13076557299";"203.698050404184";"8.89966714217784";"2794.7808727948";"206.017641597029";"5.96935933147632"
"NPC_dA_rep4b_new_Zfp_10kb_Airyscan_4y_11";13;"391.214208";3;2;2;"0.625851455561977";"0.293299865423086";"0.572783665704362";3;2;2;"2903.20194647202";"287.426277372263";"30.9328467153285";"2908.97470489039";"272.893760539629";"30.7796514896009";"2907.44395186827";"286.108929702343";"29.2659911336289"
"NPC_dA_rep4b_new_Zfp_10kb_Airyscan_4y_12";1;"2494.089024";7;8;7;"0.254078001200246";"0.536675694711694";"0.484982710414227";1;2;1;"247.303708243947";"983.284400858106";"7.56114005516396";"246.621722846442";"985.507490636704";"9.25";"257.968480138169";"988.41493955095";"5.75518134715026"
"NPC_dA_rep4b_new_Zfp_10kb_Airyscan_4y_12";1;"2494.089024";7;8;7;"0.329785224409236";"0.380500031687124";"0.677431252395188";2;1;2;"324.388431590656";"1096.27541713014";"8.08209121245829";"327.346417787538";"1103.601427395";"8.75542135602525";"331.394318728936";"1096.29850746269";"6.2436206066442"
"NPC_dA_rep4b_new_Zfp_10kb_Airyscan_4y_12";1;"2494.089024";7;8;7;"0.382698187888887";"0.247844014477125";"0.432844465599906";3;3;4;"482.004949205522";"1398.23938525658";"13.116436572024";"472.924270072993";"1397.51277372263";"12.2810218978102";"482.629099013053";"1392.72874880611";"12.3269659344158"
"NPC_dA_rep4b_new_Zfp_10kb_Airyscan_4y_12";1;"2494.089024";7;8;7;"3.16444753992194";"0.516657591878796";"3.64277232360632";5;4;3;"330.344553826612";"1318.71133693236";"12.7443632899333";"294.856725146199";"1264.78888888889";"25.8111111111111";"331.366357696399";"1327.01732259535";"9.93329281264246"
"NPC_dA_rep4b_new_Zfp_10kb_Airyscan_4y_12";1;"2494.089024";7;8;7;"1.14062031900396";"1.17121897403833";"0.435577245760535";6;6;6;"598.319749216301";"1321.87774294671";"44.9299895506792";"604.979505530254";"1346.04456733897";"41.0465191932336";"602.208031599737";"1340.30414746544";"38.5240289664253"
"NPC_dA_rep4b_new_Zfp_10kb_Airyscan_4y_12";1;"2494.089024";7;8;7;"0.456462643924053";"0.323806542968188";"0.615386941779651";7;8;7;"747.177430801987";"1253.28317955997";"46.0432931156849";"738.768195204039";"1251.94909549853";"48.2141354648717";"745.773269689738";"1260.69093078759";"45.2012728719173"
"NPC_dA_rep4b_new_Zfp_10kb_Airyscan_4y_12";3;"487.8328";2;1;0;"NaN";"NaN";"NaN";NA;NA;NA;"NaN";"NaN";"NaN";"NaN";"NaN";"NaN";"NaN";"NaN";"NaN"
"NPC_dA_rep4b_new_Zfp_10kb_Airyscan_4y_12";4;"3108.78848";10;12;10;"3.32640137123627";"3.26234311249846";"0.358669221472752";2;3;2;"1187.55036344756";"1298.94080996885";"11.552094150225";"1266.11036174126";"1273.21888412017";"14.1440833844267";"1264.81905241935";"1272.9783266129";"12.3240927419355"
"NPC_dA_rep4b_new_Zfp_10kb_Airyscan_4y_12";4;"3108.78848";10;12;10;"0.349350251938365";"0.521408634734025";"0.260159429362558";3;2;1;"1098.71410992617";"1219.63371616079";"16.00697292863";"1095.2554517134";"1215.29750778816";"14.0794392523364";"1102.72679567071";"1210.70022958347";"13.5490324696622"
"NPC_dA_rep4b_new_Zfp_10kb_Airyscan_4y_12";4;"3108.78848";10;12;10;"0.320485601229328";"0.96149046750097";"0.648446836556161";6;6;3;"1154.3752276867";"1546.24833029751";"31.2155434122647";"1156.07273548679";"1547.41179128078";"29.0031624124689";"1159.79253530599";"1545.51311365165";"24.5277404169469"
"NPC_dA_rep4b_new_Zfp_10kb_Airyscan_4y_12";4;"3108.78848";10;12;10;"0.50706119468778";"0.865751512553002";"0.658870302300839";10;12;10;"1520.59943714822";"1930.59849906191";"46.9507504690432";"1528.97865243496";"1937.58839226151";"45.1074049366244";"1527.47285067873";"1929.06485671192";"41.1033182503771"
"NPC_dA_rep4b_new_Zfp_10kb_Airyscan_4y_12";5;"843.761632";1;3;4;"0.661369254583619";"0.644894225413344";"0.574373459395001";1;1;1;"1351.89409190372";"800.024507658643";"16.2884026258206";"1342.36462289745";"802.427563754748";"12.4894194248508";"1355.82955854127";"797.950287907869";"11.8608445297505"
"NPC_dA_rep4b_new_Zfp_10kb_Airyscan_4y_12";6;"414.976576";1;1;2;"0.702270365714084";"1.22028720504813";"0.636185081645153";1;1;1;"2019.36961848092";"984.36786839342";"13.941197059853";"2018.33008887008";"988.406686415573";"9.06855691917055";"2028.65586592179";"986.420111731844";"5.65921787709497"
"NPC_dA_rep4b_new_Zfp_10kb_Airyscan_4y_12";7;"395.549952";1;1;0;"NaN";"NaN";"NaN";NA;NA;NA;"NaN";"NaN";"NaN";"NaN";"NaN";"NaN";"NaN";"NaN";"NaN"
"NPC_dA_rep4b_new_Zfp_10kb_Airyscan_4y_12";8;"417.772096";1;1;1;"4.58965501460154";"4.42710084613489";"0.470676012817634";1;1;1;"2144.10869565217";"314.671289355322";"23.8148425787106";"2222.62519685039";"375.149081364829";"40.3349081364829";"2224.80286493861";"374.648703956344";"37.0341064120055"
"NPC_dA_rep4b_new_Zfp_10kb_Airyscan_4y_12";9;"851.59872";3;4;2;"0.419836251543934";"0.545405065880303";"0.202300591267779";1;1;1;"2424.5030556449";"1216.94821486008";"22.9205532325507";"2420.78000598623";"1215.93534869799";"20.1316970966776";"2419.95579061568";"1220.13696772444";"19.3626254407377"
"NPC_dA_rep4b_new_Zfp_10kb_Airyscan_4y_12";9;"851.59872";3;4;2;"0.627565308795368";"0.538584333701349";"0.4188693762057";2;2;2;"2313.01439458086";"1186.14733276884";"34.5088907705334";"2324.03796728972";"1197.08080218069";"35.1534267912773";"2326.1609804571";"1186.84233189798";"35.315998675058"
"NPC_dA_rep4b_new_Zfp_10kb_Airyscan_4y_12";10;"305.538912";3;2;1;"3.0920063097736";"0.482315439181035";"3.24229602048211";1;1;1;"2457.49300699301";"468.199883449883";"4.91317016317016";"2510.85844370861";"422.51821192053";"14.1299668874172";"2463.82360097324";"477.585766423358";"3.72749391727494"
"NPC_dA_rep4b_new_Zfp_10kb_Airyscan_4y_12";11;"437.424288";2;3;2;"0.586831124028959";"2.49134010986763";"2.59606006305278";2;2;1;"2673.3348540146";"181.351733576642";"36.0328467153285";"2684.34955752212";"179.599557522124";"33.3097345132743";"2630.78031290743";"190.148631029987";"23.2842242503259"
"NPC_dA_rep4b_new_Zfp_10kb_Airyscan_4y_12";12;"57.52544";0;0;0;"NaN";"NaN";"NaN";NA;NA;NA;"NaN";"NaN";"NaN";"NaN";"NaN";"NaN";"NaN";"NaN";"NaN"
"NPC_dA_rep4b_new_Zfp_10kb_Airyscan_4y_12";13;"294.387968";2;1;2;"0.4987082065732";"0.89221370327819";"0.623578727028147";1;1;1;"2874.52989019927";"1033.85441236275";"37.8080520536804";"2868.50234301781";"1036.07310215558";"34.7549203373946";"2877.14657878217";"1029.12178279975";"31.6252354048964"
"NPC_dA_rep4b_new_Zfp_10kb_Airyscan_4y_14";1;"622.59792";2;4;3;"1.13580900746615";"0.977307990177608";"0.828788339066121";1;2;1;"133.080317302925";"2685.2607833416";"25.844323252355";"147.251840942563";"2708.87776141384";"23.8711340206186";"143.116516888751";"2693.84722652619";"19.9714905484971"
"NPC_dA_rep4b_new_Zfp_10kb_Airyscan_4y_14";2;"2744.692832";8;13;8;"0.965718965319337";"1.27702056279563";"0.424673607520415";2;1;2;"728.814299900695";"728.278649453823";"14.516186693148";"732.19516217702";"736.681693238043";"8.12204507971413";"725.368768768769";"741.748948948949";"6.30510510510511"
"NPC_dA_rep4b_new_Zfp_10kb_Airyscan_4y_14";2;"2744.692832";8;13;8;"0.096949259214442";"0.676247696179208";"0.672455767885681";3;4;1;"304.543964232489";"770.608792846498";"10.053651266766";"305.291123678387";"772.903368576346";"10.1182689943447";"298.100926377377";"776.12481716236";"5.87518283764018"
"NPC_dA_rep4b_new_Zfp_10kb_Airyscan_4y_14";2;"2744.692832";8;13;8;"0.195872118558339";"2.56363683962125";"2.72630929198173";4;6;6;"602.204563335956";"565.173878835563";"16.2745869394178";"601.206259426848";"560.381598793364";"16.2383107088989";"632.61366181411";"611.602463605823";"25.4322508398656"
"NPC_dA_rep4b_new_Zfp_10kb_Airyscan_4y_14";2;"2744.692832";8;13;8;"0.976890450873725";"0.637240940809478";"0.411285002179781";6;9;7;"804.370430544273";"547.329000812348";"31.5369618196588";"798.476718403548";"523.672949002217";"31.9512195121951";"804.545738858483";"531.462079749805";"31.1321344800626"
"NPC_dA_rep4b_new_Zfp_10kb_Airyscan_4y_14";2;"2744.692832";8;13;8;"0.470534234068151";"0.567193513686339";"0.733911041617276";7;12;8;"518.599277978339";"775.340072202166";"42.1978339350181";"530.075799721836";"777.756606397775";"41.9381084840056";"517.615416841223";"775.271470465019";"38.156263091747"
"NPC_dA_rep4b_new_Zfp_10kb_Airyscan_4y_14";3;"388.436608";2;3;4;"1.34686407409664";"0.711033019790299";"0.673899207680596";1;2;2;"388.822801302932";"1021.76156351792";"17.7934853420195";"360.268172888016";"1008.38113948919";"14.4204322200393";"375.915470494418";"1011.26953748006";"16.0023923444976"
"NPC_dA_rep4b_new_Zfp_10kb_Airyscan_4y_14";3;"388.436608";2;3;4;"0.687241472440726";"1.06073998869545";"0.450697845485184";2;3;3;"378.361948955916";"1089.12142304718";"38.4439288476411";"363.402706185567";"1082.29059278351";"37.0225515463918";"356.224641529474";"1083.67923526288";"34.5730217737653"
"NPC_dA_rep4b_new_Zfp_10kb_Airyscan_4y_14";4;"717.490816";3;3;2;"0.407036284382998";"0.785137946966246";"0.618848492957671";1;3;1;"903.359320046893";"1630.35521688159";"15.3780773739742";"912.83038561902";"1628.56712090461";"14.4456364163526";"909.873885556816";"1628.01313016696";"10.1303290646782"
"NPC_dA_rep4b_new_Zfp_10kb_Airyscan_4y_14";4;"717.490816";3;3;2;"0.819950170728587";"0.835266502403779";"0.616007530100775";2;1;2;"844.694888178914";"1783.30910543131";"15.7947284345048";"839.910151187905";"1770.61900647948";"11.4030237580994";"833.846224256293";"1784.64485125858";"10.7112128146453"
"NPC_dA_rep4b_new_Zfp_10kb_Airyscan_4y_14";5;"930.12976";2;3;2;"0.343577559981627";"0.398756602069688";"0.393299356780259";1;1;1;"1195.09994821336";"1673.69445882962";"20.3257379596064";"1188.71218487395";"1670.89075630252";"18.8939075630252";"1193.25244299674";"1678.99267100977";"17.9714983713355"
"NPC_dA_rep4b_new_Zfp_10kb_Airyscan_4y_14";7;"407.887648";2;0;0;"NaN";"NaN";"NaN";NA;NA;NA;"NaN";"NaN";"NaN";"NaN";"NaN";"NaN";"NaN";"NaN";"NaN"
"NPC_dA_rep4b_new_Zfp_10kb_Airyscan_4y_14";8;"325.404128";1;2;0;"NaN";"NaN";"NaN";NA;NA;NA;"NaN";"NaN";"NaN";"NaN";"NaN";"NaN";"NaN";"NaN";"NaN"
"NPC_dA_rep4b_new_Zfp_10kb_Airyscan_4y_14";10;"687.677088";2;3;1;"0.362422093116424";"0.401106954511705";"0.246124030415933";2;3;1;"1647.5318";"242.9748";"38.796";"1642.38644733612";"238.122023078812";"37.1780014731156";"1645.85954063604";"241.175206124853";"36.0182567726737"
"NPC_dA_rep4b_new_Zfp_10kb_Airyscan_4y_14";11;"177.512384";0;0;0;"NaN";"NaN";"NaN";NA;NA;NA;"NaN";"NaN";"NaN";"NaN";"NaN";"NaN";"NaN";"NaN";"NaN"
"NPC_dA_rep4b_new_Zfp_10kb_Airyscan_4y_14";12;"344.229312";2;3;2;"1.60064905901938";"1.69046431938695";"0.654319784704512";1;1;1;"1707.78247958426";"942.083147735709";"14.6109873793615";"1702.205078125";"937.029296875";"3.3818359375";"1717.35512367491";"930.867491166078";"3.29505300353357"
"NPC_dA_rep4b_new_Zfp_10kb_Airyscan_4y_14";12;"344.229312";2;3;2;"0.0305022726207847";"0.134672269435149";"0.111608945163735";2;2;2;"1794.01563061444";"901.185411426518";"41.099532878189";"1794.12011385199";"901.584629981025";"40.9163187855787";"1793.22717187233";"901.312681344939";"40.1650452295614"
"NPC_dA_rep4b_new_Zfp_10kb_Airyscan_4y_14";14;"510.178144";2;1;2;"0.962656547947941";"1.22013925139847";"0.266022010971358";2;1;1;"1889.28252980819";"2873.7288750648";"12.0228097459824";"1875.94974619289";"2861.51827411168";"7.48426395939086";"1870.9468013468";"2858.36094276094";"6.61616161616162"
"NPC_dA_rep4b_new_Zfp_10kb_Airyscan_4y_14";15;"303.438688";3;2;2;"0.731442969766147";"0.614083911541301";"0.377098091451739";1;1;1;"2042.828125";"354.50244140625";"13.833984375";"2037.46017156863";"348.850490196078";"9.1078431372549";"2033.5773480663";"356.222375690608";"10.3680939226519"
"NPC_dA_rep4b_new_Zfp_10kb_Airyscan_4y_14";15;"303.438688";3;2;2;"0.0432568967111965";"0.0896690639622395";"0.100005992239454";3;2;2;"1979.65130759651";"417.387831346735";"52.1300480341576";"1980.58319287262";"416.854081386949";"52.1663857452444";"1980.37932061979";"418.249702026222";"51.576579261025"
"NPC_dA_rep4b_new_Zfp_10kb_Airyscan_4y_14";16;"354.594016";1;2;3;"0.208277627958359";"0.548205349113216";"0.340781764189322";1;2;1;"2109.34478338887";"105.803383747757";"9.05742117405793";"2108.81081081081";"106.285638579756";"7.58399576046635";"2108.88468992248";"106.837209302326";"5.15503875968992"
"NPC_dA_rep4b_new_Zfp_10kb_Airyscan_4y_14";17;"1430.091264";5;6;7;"1.97812347308395";"2.71761711576262";"1.01502928845899";1;1;1;"2139.49471661864";"1437.5292987512";"6.19020172910663";"2182.13664029215";"1412.5830797322";"6.82653682288497";"2186.48889916744";"1388.75439407956";"4.66604995374653"
"NPC_dA_rep4b_new_Zfp_10kb_Airyscan_4y_14";17;"1430.091264";5;6;7;"1.73144488747089";"1.80063764457031";"0.470772134317285";3;4;4;"2519.20061491161";"1180.72175249808";"26.4104534973098";"2560.41965973535";"1191.3034026465";"28.6729678638941";"2562.54058577406";"1192.15732217573";"27.5991631799163"
"NPC_dA_rep4b_new_Zfp_10kb_Airyscan_4y_14";17;"1430.091264";5;6;7;"0.535902091005078";"0.660770661865505";"0.175965669110298";4;3;2;"2398.68194640339";"1096.80465444288";"27.1318758815233";"2390.51806358382";"1086.6524566474";"26.2384393063584";"2392.31330251669";"1090.78068823832";"23.1314843348742"
"NPC_dA_rep4b_new_Zfp_10kb_Airyscan_4y_14";17;"1430.091264";5;6;7;"0.294716083987178";"0.20870835218023";"0.476383556926478";5;5;5;"2618.19213313162";"1162.78668683812";"35.0786686838124";"2614.14221724524";"1165.34994400896";"36.6774916013438";"2618.76475930972";"1158.59718437784";"34.205267938238"
"NPC_dA_rep4b_new_Zfp_10kb_Airyscan_4y_14";18;"92.51088";1;0;1;"NaN";"NaN";"NaN";NA;NA;NA;"NaN";"NaN";"NaN";"NaN";"NaN";"NaN";"NaN";"NaN";"NaN"
"NPC_dA_rep4b_new_Zfp_10kb_Airyscan_4y_14";19;"331.808512";1;2;1;"2.39437916839309";"2.35410841096391";"0.633642894463411";1;1;1;"2447.22006745363";"261.032040472175";"30.3988195615514";"2463.13129496403";"263.556654676259";"13.9271582733813";"2469.44041666667";"249.691666666667";"15.1691666666667"
"NPC_dA_rep4b_new_Zfp_10kb_Airyscan_4y_14";20;"303.666944";2;2;2;"0.224765797356158";"1.11946365258423";"0.897437512463346";1;1;1;"2458.56973293769";"838.858555885262";"9.44213649851632";"2455.32892124421";"843.269358041032";"9.80542686962277";"2445.09728867624";"862.980861244019";"10.7153110047847"
"NPC_dA_rep4b_new_Zfp_10kb_Airyscan_4y_14";20;"303.666944";2;2;2;"0.460808369405366";"0.838940973135693";"0.62384621164552";2;2;2;"2465.31962296487";"887.266495287061";"28.6795201371037";"2461.39198855508";"898.079399141631";"28.5057224606581";"2447.63365800866";"896.441017316017";"30.5514069264069"
"NPC_dA_rep4b_new_Zfp_10kb_Airyscan_4y_14";21;"395.638208";1;2;1;"0.570585233423418";"1.16108939450625";"1.08209072294119";1;1;1;"2825.01675702316";"2833.2148841794";"27.8215869886644";"2833.26752021563";"2830.39959568733";"24.5956873315364";"2810.21648216482";"2820.70766707667";"21.6465764657647"
"NPC_dA_rep4b_new_Zfp_10kb_Airyscan_4y_15";1;"318.272864";2;3;1;"0.711661517807896";"0.471248406623986";"0.604595839103997";2;2;1;"154.602321319487";"2206.69822846671";"37.2235797189982";"142.900287631831";"2219.8849472675";"36.5407478427613";"148.818514644351";"2208.33158995816";"34.3284518828452"
"NPC_dA_rep4b_new_Zfp_10kb_Airyscan_4y_15";2;"321.309408";2;2;2;"0.547122884561959";"1.48506573420884";"1.62026993651152";2;2;2;"370.205479452055";"1701.28401826484";"33.013698630137";"364.018766756032";"1711.06523681859";"35.0965147453083";"403.088412592096";"1718.51640991293";"32.9048894842599"
"NPC_dA_rep4b_new_Zfp_10kb_Airyscan_4y_15";3;"409.826592";0;1;2;"NaN";"NaN";"NaN";NA;NA;NA;"NaN";"NaN";"NaN";"NaN";"NaN";"NaN";"NaN";"NaN";"NaN"
"NPC_dA_rep4b_new_Zfp_10kb_Airyscan_4y_15";4;"679.495936";2;1;1;"2.60974942540819";"2.67993249591747";"0.140041019091031";2;1;1;"665.381418092909";"1324.52078239609";"37.6308068459658";"656.111945392492";"1315.05392491468";"19.378156996587";"658.910788381743";"1314.73374827109";"18.7842323651452"
"NPC_dA_rep4b_new_Zfp_10kb_Airyscan_4y_15";5;"998.114656";6;4;4;"0.492380298942132";"0.878828776748155";"0.45257860147451";2;1;1;"939.61835396941";"415.288419519301";"9.1959213401311";"944.292704237658";"425.542158147663";"7.78069025775448";"940.267338240992";"434.998837659822";"6.42890352576521"
"NPC_dA_rep4b_new_Zfp_10kb_Airyscan_4y_15";5;"998.114656";6;4;4;"0.459747193396656";"0.988160876562117";"0.557713137474088";4;2;2;"838.078610603291";"61.5648994515539";"20.1051188299817";"832.073566717402";"62.6626078132927";"17.3226788432268";"831.089873932493";"65.1610410736072";"13.4135827572184"
"NPC_dA_rep4b_new_Zfp_10kb_Airyscan_4y_15";6;"374.968608";2;2;2;"0.236798228313907";"0.337263632885038";"0.372276002868729";1;1;1;"867.697544642857";"953.8046875";"10.7120535714286";"867.090202177294";"954.854328667703";"9.05650596163816";"864.873904576436";"946.347127555988";"9.92940603700097"
"NPC_dA_rep4b_new_Zfp_10kb_Airyscan_4y_15";6;"374.968608";2;2;2;"0.324582564028756";"0.447432262007604";"0.548644702746919";2;2;2;"839.297274979356";"985.26754748142";"39.0792733278282";"831.431818181818";"984.54711751663";"39.6108647450111";"836.841082581541";"982.714087439278";"36.0478834142956"
"NPC_dA_rep4b_new_Zfp_10kb_Airyscan_4y_15";8;"650.299328";4;3;3;"0.907555847052974";"0.979430761440928";"0.128453586654237";1;1;1;"976.389786347056";"1728.51693590412";"22.3600833767587";"989.730996621622";"1717.5620777027";"18.1532939189189";"990.117085862966";"1718.65784908933";"17.2979184735473"
"NPC_dA_rep4b_new_Zfp_10kb_Airyscan_4y_15";8;"650.299328";4;3;3;"0.298037700280366";"1.79993781123789";"1.68091239331075";2;2;3;"935.462799495586";"1659.66015132409";"25.9596469104666";"930.171974522293";"1656.81316348195";"27.2186836518047";"944.143198090692";"1656.46380270485";"38.5417661097852"
"NPC_dA_rep4b_new_Zfp_10kb_Airyscan_4y_15";8;"650.299328";4;3;3;"0.361527156831099";"0.887675821753502";"0.690568397403204";3;3;2;"1133.59538002981";"1653.67958271237";"40.4239940387481";"1135.52320441989";"1648.08839779006";"38.471270718232";"1123.25882352941";"1648.61647058824";"35.0029411764706"
"NPC_dA_rep4b_new_Zfp_10kb_Airyscan_4y_15";9;"340.210976";1;1;2;"0.660592669728293";"0.47880243651268";"0.501692139861379";1;1;1;"1427.92958189249";"2839.55171329771";"18.2511788745677";"1437.56656225529";"2832.89154267815";"14.925215348473";"1426.55051124744";"2838.88343558282";"14.8593047034765"
"NPC_dA_rep4b_new_Zfp_10kb_Airyscan_4y_15";10;"797.293728";4;5;3;"0.440978312980432";"0.309704674083298";"0.356633297042682";2;2;2;"1517.69871309614";"1265.00378501135";"12.3663890991673";"1527.15348525469";"1266.52211796247";"10.8056300268097";"1522.14138204925";"1271.34392374901";"12.3995234312947"
"NPC_dA_rep4b_new_Zfp_10kb_Airyscan_4y_15";10;"797.293728";4;5;3;"0.377587014121317";"0.740377371536493";"0.888382765470869";4;5;3;"1703.00305250305";"1094.62576312576";"34.985347985348";"1700.02240477969";"1097.27408513816";"32.5407020164302";"1694.21869295363";"1078.4163928441";"35.4539978094195"
"NPC_dA_rep4b_new_Zfp_10kb_Airyscan_4y_15";11;"714.965216";5;2;2;"0.241048183676416";"0.323583413684432";"0.206066325356915";3;1;1;"1723.10226244344";"334.201809954751";"13.2823529411765";"1718.89668874172";"334.77880794702";"12.0602649006623";"1722.39552238806";"336.003950834065";"11.0381913959614"
"NPC_dA_rep4b_new_Zfp_10kb_Airyscan_4y_15";11;"714.965216";5;2;2;"0.221862324989503";"0.557184875266647";"0.372987496533121";5;2;2;"1726.8651266766";"471.800298062593";"53.0365126676602";"1725.99038461538";"475.064636752137";"51.7799145299145";"1730.51120162933";"477.464613034623";"49.5529531568228"
"NPC_dA_rep4b_new_Zfp_10kb_Airyscan_4y_15";12;"359.351776";2;2;2;"0.612744653308335";"0.632602109866153";"0.461819940650933";1;1;1;"1585.71640316206";"2118.90415019763";"18.0286561264822";"1575.46574074074";"2119.12685185185";"14.7768518518519";"1585.95991007868";"2121.42487823155";"13.5683776695392"
"NPC_dA_rep4b_new_Zfp_10kb_Airyscan_4y_15";12;"359.351776";2;2;2;"0.579454928027548";"1.05579621780296";"0.48614464011348";2;2;2;"1655.88679245283";"2079.31236897275";"40.9769392033543";"1665.64241164241";"2087.91822591823";"39.1559251559252";"1675.5802238806";"2092.3407960199";"37.6069651741293"
"NPC_dA_rep4b_new_Zfp_10kb_Airyscan_4y_15";13;"429.550912";2;2;2;"0.424149151341074";"0.596622434253508";"0.592454398810261";1;1;1;"2014.17372262774";"957.987834549878";"13.0150851581509";"2023.31314168378";"958.139630390144";"11.4794661190965";"2013.24460043197";"949.987580993521";"9.42818574514039"
"NPC_dA_rep4b_new_Zfp_10kb_Airyscan_4y_15";13;"429.550912";2;2;2;"0.416618473918943";"0.497542254365064";"0.430677407038294";2;2;2;"1989.66469544648";"910.551744529864";"46.9603784742756";"1990.47421584264";"919.515151515152";"45.4625199362041";"1988.69945355191";"911.628415300546";"43.4306010928962"
"NPC_dA_rep4b_new_Zfp_10kb_Airyscan_4y_15";15;"1723.421504";6;6;4;"4.69299716090651";"0.169823258073035";"4.56437988822734";2;2;1;"2228.28874830547";"2058.99774062359";"10.7903298689562";"2337.3902733119";"2100.65836012862";"14.0024115755627";"2230.51944971537";"2062.51992409867";"10.5611954459203"
"NPC_dA_rep4b_new_Zfp_10kb_Airyscan_4y_15";15;"1723.421504";6;6;4;"0.241478928892025";"0.803294319622551";"0.625193259862677";3;4;2;"2304.94880952381";"1790.13928571429";"20.3";"2308.19420035149";"1786.32864674868";"19.3356766256591";"2308.68183616937";"1784.39216462208";"14.9066086268302"
"NPC_dA_rep4b_new_Zfp_10kb_Airyscan_4y_15";15;"1723.421504";6;6;4;"0.475286526272478";"0.66217470161731";"0.748066264512517";6;6;4;"2323.69072164948";"1738.21944035346";"41.8416789396171";"2316.95060844667";"1733.97780959198";"39.3221188260558";"2327.31083562902";"1749.26124885216";"38.4729109274564"
"NPC_dA_rep4b_new_Zfp_10kb_Airyscan_4y_15";16;"710.585568";3;2;2;"0.773115868309426";"0.674331608388478";"0.342036943814522";2;1;1;"2467.16335921772";"1026.39056658039";"14.7333908541846";"2475.24944532488";"1022.28494453249";"9.856735340729";"2466.89906347555";"1020.84703433923";"10.1852237252862"
"NPC_dA_rep4b_new_Zfp_10kb_Airyscan_4y_15";17;"74.032672";1;0;1;"NaN";"NaN";"NaN";NA;NA;NA;"NaN";"NaN";"NaN";"NaN";"NaN";"NaN";"NaN";"NaN";"NaN"
"NPC_dA_rep4b_new_Zfp_10kb_Airyscan_4y_15";18;"117.082336";1;0;1;"NaN";"NaN";"NaN";NA;NA;NA;"NaN";"NaN";"NaN";"NaN";"NaN";"NaN";"NaN";"NaN";"NaN"
