"image_ID";"DAPI_ID";"DAPI_volume";"nFC1";"nFC2";"nFC3";"MNN_D_FC1FC2";"MNN_D_FC1FC3";"MNN_D_FC2FC3";"ID_FC1";"ID_FC2";"ID_FC3";"xFC1";"yFC1";"zFC1";"xFC2";"yFC2";"zFC2";"xFC3";"yFC3";"zFC3"
"NPC_WT_rep1_new_Zfp_10kb_Airyscan_4y_01";1;"450.084544";3;2;1;"0.740631879158053";"2.09706784945288";"1.5379418901731";3;2;1;"163.5636154289";"992.362694300518";"39.1243523316062";"166.150598973189";"995.277809469481";"33.9526525955505";"163.39032967033";"971.243516483516";"25.4145054945055"
"NPC_WT_rep1_new_Zfp_10kb_Airyscan_4y_01";2;"289.528736";2;0;0;"NaN";"NaN";"NaN";NA;NA;NA;"NaN";"NaN";"NaN";"NaN";"NaN";"NaN";"NaN";"NaN";"NaN"
"NPC_WT_rep1_new_Zfp_10kb_Airyscan_4y_01";3;"138.043136";0;0;0;"NaN";"NaN";"NaN";NA;NA;NA;"NaN";"NaN";"NaN";"NaN";"NaN";"NaN";"NaN";"NaN";"NaN"
"NPC_WT_rep1_new_Zfp_10kb_Airyscan_4y_01";4;"534.623936";3;3;1;"4.01876529194476";"2.87021574616657";"2.56717912415165";2;3;1;"801.763846622033";"992.608034083993";"22.9160073037127";"900.263676148797";"983.658643326039";"27.9606126914661";"860.591489361702";"962.802321083172";"14.8359767891683"
"NPC_WT_rep1_new_Zfp_10kb_Airyscan_4y_01";5;"821.66448";2;3;3;"0.164623904564501";"0.534678971457442";"0.473643861227009";2;3;2;"709.42445561139";"668.954773869347";"32.2087102177554";"709.859923531456";"666.919360444908";"31.1942996176573";"699.725085910653";"669.302405498282";"29.5826651393662"
"NPC_WT_rep1_new_Zfp_10kb_Airyscan_4y_01";6;"68.955936";1;1;0;"NaN";"NaN";"NaN";NA;NA;NA;"NaN";"NaN";"NaN";"NaN";"NaN";"NaN";"NaN";"NaN";"NaN"
"NPC_WT_rep1_new_Zfp_10kb_Airyscan_4y_01";7;"667.360512";2;2;1;"0.2054286382219";"0.556013250692844";"0.551021594416186";1;1;1;"1149.58929464732";"1909.61030515258";"17.1590795397699";"1153.79521357165";"1907.37988488337";"17.709481975159";"1158.1454427925";"1909.59599224305";"14.0290885585003"
"NPC_WT_rep1_new_Zfp_10kb_Airyscan_4y_01";8;"56.26432";0;0;0;"NaN";"NaN";"NaN";NA;NA;NA;"NaN";"NaN";"NaN";"NaN";"NaN";"NaN";"NaN";"NaN";"NaN"
"NPC_WT_rep1_new_Zfp_10kb_Airyscan_4y_01";9;"534.975616";3;1;2;"0.222295735938845";"1.32514151584903";"1.26392687623341";2;1;1;"1283.36774015965";"1153.42031379026";"29.5717038260391";"1288.78352180937";"1152.94604200323";"29.2423263327948";"1289.95411887383";"1165.1913451512";"20.9264859228363"
"NPC_WT_rep1_new_Zfp_10kb_Airyscan_4y_01";10;"1187.827872";4;4;4;"0.572797664171172";"0.755819267197029";"0.547918193981801";2;3;2;"1414.76726144298";"2208.3673390225";"20.6027928626843";"1404.4098805646";"2210.85667752443";"23.3371335504886";"1396.46123101519";"2203.78097521982";"20.8729016786571"
"NPC_WT_rep1_new_Zfp_10kb_Airyscan_4y_01";10;"1187.827872";4;4;4;"0.170870191929266";"0.695637954125956";"0.641401911974748";4;4;3;"1470.54728595411";"2313.64773363179";"46.8866815892557";"1473.59980713597";"2315.47540983607";"46.2111861137898";"1470.01164725458";"2309.95951192457";"42.0332778702163"
"NPC_WT_rep1_new_Zfp_10kb_Airyscan_4y_01";11;"946.997856";8;2;9;"0.133358673560984";"1.00812349469318";"1.04536134362338";3;1;1;"1625.29184322034";"1727.61599576271";"39.6832627118644";"1624.30202312139";"1730.79961464355";"39.6868978805395";"1630.91252796421";"1723.70022371365";"32.7534675615213"
"NPC_WT_rep1_new_Zfp_10kb_Airyscan_4y_01";12;"2505.647648";8;6;10;"0.444268107443955";"0.412790755290325";"0.51381869310048";1;1;1;"1927.11514736121";"1947.92769019877";"10.6929403701165";"1926.53422007255";"1936.8430471584";"10.8043530834341";"1931.27590435316";"1944.47516860822";"8.1814837522992"
"NPC_WT_rep1_new_Zfp_10kb_Airyscan_4y_01";12;"2505.647648";8;6;10;"0.160450583440762";"0.474988008868554";"0.343151914953256";7;5;10;"2086.08925143954";"2381.53454894434";"39.1228406909789";"2085.50363901019";"2380.03784570597";"38.0727802037846";"2085.4081255771";"2382.83933518006";"35.7562326869806"
"NPC_WT_rep1_new_Zfp_10kb_Airyscan_4y_01";13;"516.745824";3;1;1;"0.150691618860605";"0.400265732988944";"0.454279771601881";2;1;1;"2215.90647482014";"1095.45323741007";"34.9311408016444";"2215.24271440466";"1092.15278934221";"35.4142381348876";"2211.94584837545";"1093.8357400722";"32.3465703971119"
"NPC_WT_rep1_new_Zfp_10kb_Airyscan_4y_01";15;"219.318848";2;0;2;"NaN";"NaN";"NaN";NA;NA;NA;"NaN";"NaN";"NaN";"NaN";"NaN";"NaN";"NaN";"NaN";"NaN"
"NPC_WT_rep1_new_Zfp_10kb_Airyscan_4y_01";17;"460.912704";2;2;2;"0.21673771021867";"0.8626608854719";"0.801387359634302";1;1;1;"2685.87215909091";"418.50625";"14.7147727272727";"2685.34226327945";"423.896073903002";"14.6665127020785";"2683.74527252503";"426.305895439377";"9.00222469410456"
"NPC_WT_rep1_new_Zfp_10kb_Airyscan_4y_01";17;"460.912704";2;2;2;"0.34680425766291";"0.845948181651395";"0.519589030860588";2;2;2;"2740.94944912508";"494.554115359689";"24.0674011665587";"2742.97216699801";"490.779324055666";"21.9135188866799";"2744.22580645161";"490.31805319751";"18.2218449349179"
"NPC_WT_rep1_new_Zfp_10kb_Airyscan_4y_02";3;"488.864544";0;1;1;"NaN";"NaN";"NaN";NA;NA;NA;"NaN";"NaN";"NaN";"NaN";"NaN";"NaN";"NaN";"NaN";"NaN"
"NPC_WT_rep1_new_Zfp_10kb_Airyscan_4y_02";4;"370.75472";1;1;2;"0.814910823643694";"1.48335299095191";"1.41101950665793";1;1;2;"1305.90864600326";"2183.83795541055";"33.8379554105492";"1319.76424870466";"2191.72020725389";"30.213298791019";"1310.18450184502";"2162.55719557196";"25.2472324723247"
"NPC_WT_rep1_new_Zfp_10kb_Airyscan_4y_02";5;"796.25616";4;4;3;"0.568515321103613";"0.499960956811089";"0.859679300615307";1;1;1;"1545.62218999275";"2656.06997824511";"10.4166062364032";"1531.84750613246";"2656.00735895339";"9.41618969746525";"1550.29035752979";"2644.97345612134";"9.45612134344529"
"NPC_WT_rep1_new_Zfp_10kb_Airyscan_4y_02";5;"796.25616";4;4;3;"0.253697541024057";"0.321125740414055";"0.255558128260864";2;2;2;"1407.41172413793";"2456.30206896552";"16.2889655172414";"1412.50735863672";"2454.83191324555";"15.2951200619675";"1407.77537313433";"2452.33358208955";"14.2977611940299"
"NPC_WT_rep1_new_Zfp_10kb_Airyscan_4y_02";6;"369.167456";0;5;1;"NaN";"NaN";"NaN";NA;NA;NA;"NaN";"NaN";"NaN";"NaN";"NaN";"NaN";"NaN";"NaN";"NaN"
"NPC_WT_rep1_new_Zfp_10kb_Airyscan_4y_02";7;"1382.089856";4;6;6;"1.5058691562937";"1.63513656490571";"0.590663562204645";2;3;3;"1981.20532099479";"290.3001735107";"13.6240601503759";"1961.39892294946";"258.449461474731";"14.5505385252693";"1965.95512239347";"252.932910244787";"11.7688123300091"
"NPC_WT_rep1_new_Zfp_10kb_Airyscan_4y_02";7;"1382.089856";4;6;6;"0.79039205820434";"0.339146866028136";"0.483291710679685";3;2;4;"1595.4318647541";"252.448770491803";"17.7633196721311";"1609.6017423771";"248.899502177971";"13.9614187927816";"1596.27226027397";"247.809075342466";"15.75"
"NPC_WT_rep1_new_Zfp_10kb_Airyscan_4y_02";7;"1382.089856";4;6;6;"0.590451018037915";"0.844709245554947";"0.566009623859866";4;5;6;"1854.26702657807";"334.75415282392";"22.0274086378738";"1858.42118027486";"324.615198059822";"19.2012934518998";"1865.24373040752";"333.971786833856";"16.8777429467085"
"NPC_WT_rep1_new_Zfp_10kb_Airyscan_4y_02";10;"295.148224";2;0;1;"NaN";"NaN";"NaN";NA;NA;NA;"NaN";"NaN";"NaN";"NaN";"NaN";"NaN";"NaN";"NaN";"NaN"
"NPC_WT_rep1_new_Zfp_10kb_Airyscan_4y_02";11;"425.9752";1;0;1;"NaN";"NaN";"NaN";NA;NA;NA;"NaN";"NaN";"NaN";"NaN";"NaN";"NaN";"NaN";"NaN";"NaN"
"NPC_WT_rep1_new_Zfp_10kb_Airyscan_4y_02";12;"362.359872";2;2;1;"0.810063530377346";"0.72666858144776";"0.675577039856955";1;1;1;"2077.525";"2158.05652173913";"22.6771739130435";"2069.12230215827";"2175.88489208633";"21.3471223021583";"2073.50931677019";"2164.62525879917";"17.975845410628"
"NPC_WT_rep1_new_Zfp_10kb_Airyscan_4y_02";13;"412.544608";1;1;1;"0.394724083171402";"4.6106033377854";"4.25696155439952";1;1;1;"2195.40787746171";"893.356673960613";"38.9859956236324";"2189.66689443116";"895.078237102836";"36.7461564742057";"2171.45599151644";"898.022269353128";"6.79957582184517"
"NPC_WT_rep1_new_Zfp_10kb_Airyscan_4y_03";1;"166.443872";2;1;1;"0.233489630302463";"0.170647571485607";"0.258278182252486";1;1;1;"44.6375968992248";"1962.07041343669";"18.8184754521964";"39.5946215139442";"1959.26045816733";"19.0652390438247";"43.5137351373514";"1960.9844198442";"17.6842968429684"
"NPC_WT_rep1_new_Zfp_10kb_Airyscan_4y_03";2;"3223.234112";11;7;11;"0.285645132251051";"1.19731908738612";"1.09445291519455";2;2;1;"509.923076923077";"1780.29732065687";"8.52808988764045";"507.224590976698";"1776.1110560238";"7.0659395141299";"484.08";"1788.65";"4.93272727272727"
"NPC_WT_rep1_new_Zfp_10kb_Airyscan_4y_03";2;"3223.234112";11;7;11;"0.4688579314475";"0.61883301130318";"0.440251435676131";8;4;5;"661.90063341251";"1227.25653206651";"34.1009501187648";"663.153308672421";"1215.68187422935";"33.7122893547061";"662.816872427984";"1217.74417009602";"30.6248285322359"
"NPC_WT_rep1_new_Zfp_10kb_Airyscan_4y_03";2;"3223.234112";11;7;11;"0.304013324475376";"0.904940609121064";"0.734913157996807";11;7;8;"575.555555555556";"1160.45245245245";"47.7627627627628";"580.35332103321";"1165.7905904059";"47.0484317343173";"582.61600810537";"1166.13069908815";"41.8399189463019"
"NPC_WT_rep1_new_Zfp_10kb_Airyscan_4y_03";3;"163.095296";0;0;0;"NaN";"NaN";"NaN";NA;NA;NA;"NaN";"NaN";"NaN";"NaN";"NaN";"NaN";"NaN";"NaN";"NaN"
"NPC_WT_rep1_new_Zfp_10kb_Airyscan_4y_03";4;"485.93888";0;4;1;"NaN";"NaN";"NaN";NA;NA;NA;"NaN";"NaN";"NaN";"NaN";"NaN";"NaN";"NaN";"NaN";"NaN"
"NPC_WT_rep1_new_Zfp_10kb_Airyscan_4y_03";5;"450.366784";2;2;1;"0.167053740731812";"0.811115106512489";"0.956590329014477";2;2;1;"874.340067340067";"1091.35166479611";"27.2914328469884";"875.651912978245";"1090.28094523631";"26.2006751687922";"869.308439587128";"1106.18700667881";"30.9702489374621"
"NPC_WT_rep1_new_Zfp_10kb_Airyscan_4y_03";6;"508.636128";1;1;2;"0.508771882989855";"0.52278124662883";"0.442300990073863";1;1;1;"1311.824";"567.02375";"36.8345";"1311.00309917355";"558.623966942149";"34.1157024793388";"1314.85670498084";"568.510727969349";"33.2272030651341"
"NPC_WT_rep1_new_Zfp_10kb_Airyscan_4y_03";7;"363.615168";0;1;1;"NaN";"NaN";"NaN";NA;NA;NA;"NaN";"NaN";"NaN";"NaN";"NaN";"NaN";"NaN";"NaN";"NaN"
"NPC_WT_rep1_new_Zfp_10kb_Airyscan_4y_03";8;"356.781824";1;2;5;"0.650895142858414";"0.789036849638545";"0.420780475218766";1;1;1;"1428.34546703297";"1056.87087912088";"8.32623626373626";"1422.85735963581";"1060.23368740516";"4.05614567526555";"1416.23233215548";"1052.06360424028";"4.09540636042403"
"NPC_WT_rep1_new_Zfp_10kb_Airyscan_4y_03";9;"536.346048";2;2;2;"0.350617021278111";"0.374491043422989";"0.592719610402412";2;2;2;"2043.90526315789";"378.861208576998";"30.1286549707602";"2046.59510250569";"385.140091116173";"28.5592255125285";"2044.83295324972";"370.493728620296";"28.9583808437856"
"NPC_WT_rep1_new_Zfp_10kb_Airyscan_4y_03";10;"2231.7736";9;6;9;"0.703008950747153";"0.617115962076928";"0.962641678121664";4;1;2;"2470.06533996683";"2155.12437810945";"15.3860696517413";"2485.11670616114";"2148.42831753554";"13.6362559241706";"2462.45108695652";"2152.44332298137";"11.6296583850932"
"NPC_WT_rep1_new_Zfp_10kb_Airyscan_4y_03";10;"2231.7736";9;6;9;"0.452049568050715";"0.881593990908845";"0.431798119234192";5;2;3;"2414.95605987446";"1836.49975857074";"23.4987928536939";"2407.29785894207";"1841.95654911839";"21.7078085642317";"2399.80269413629";"1845.83201267829";"19.7840729001585"
"NPC_WT_rep1_new_Zfp_10kb_Airyscan_4y_03";10;"2231.7736";9;6;9;"0.411104419281251";"0.444751454314138";"0.139659443448064";7;5;8;"2590.96328996283";"1618.70446096654";"47.0381040892193";"2585.93850964044";"1623.33246482543";"44.8441896821261";"2587.681640625";"1621.66471354167";"44.123046875"
"NPC_WT_rep1_new_Zfp_10kb_Airyscan_4y_04";1;"305.212992";1;0;1;"NaN";"NaN";"NaN";NA;NA;NA;"NaN";"NaN";"NaN";"NaN";"NaN";"NaN";"NaN";"NaN";"NaN"
"NPC_WT_rep1_new_Zfp_10kb_Airyscan_4y_04";2;"369.681088";2;1;2;"0.182473881269577";"3.34271754790558";"3.29051419069906";1;1;2;"594.805730659026";"1671.14154727794";"20.0212034383954";"594.993350383632";"1672.57135549872";"18.7846547314578";"554.699893955461";"1744.28738069989";"18.5980911983033"
"NPC_WT_rep1_new_Zfp_10kb_Airyscan_4y_04";3;"785.842624";2;2;1;"0.423707720602594";"3.28983015610829";"3.54414158632283";2;2;1;"518.764971023825";"270.288795878944";"32.9513844172569";"514.142600359497";"271.832834032355";"30.264230077891";"600.157780195865";"266.318824809576";"36.1305767138194"
"NPC_WT_rep1_new_Zfp_10kb_Airyscan_4y_04";4;"325.734528";2;2;3;"0.761169741918956";"1.59794146123919";"1.42583146096391";1;1;1;"814.711615487316";"798.807743658211";"21.9448153093013";"809.178633975482";"811.453590192644";"18.2022767075306";"821.071074380165";"789.157851239669";"11.0190082644628"
"NPC_WT_rep1_new_Zfp_10kb_Airyscan_4y_04";5;"857.725792";3;3;3;"0.200087556327262";"0.541416403745654";"0.717124226364813";1;2;1;"838.11084624553";"1083.32836710369";"14.9851013110846";"840.155009451796";"1081.58034026465";"13.7800882167612";"838.582728006457";"1079.19451170299";"11.3050847457627"
"NPC_WT_rep1_new_Zfp_10kb_Airyscan_4y_04";5;"857.725792";3;3;3;"0.403136429240807";"0.416758161238904";"0.364863511120147";2;1;2;"860.320595533499";"1075.77617866005";"14.7647642679901";"865.387188062773";"1082.34705428351";"16.3992796501158";"858.266541822722";"1077.63607990012";"11.8951310861423"
"NPC_WT_rep1_new_Zfp_10kb_Airyscan_4y_04";6;"553.696192";3;4;2;"0.0841525620289099";"0.53687316036841";"0.488601808262239";1;1;1;"915.50875331565";"198.82599469496";"9.11352785145889";"914.738184546136";"197.45536384096";"8.71417854463616";"910.582178217822";"201.195379537954";"5.61122112211221"
"NPC_WT_rep1_new_Zfp_10kb_Airyscan_4y_04";6;"553.696192";3;4;2;"1.30821074820193";"1.50983247767703";"0.415715063409646";3;4;2;"1054.79501385042";"200.375807940905";"24.5567867036011";"1030.08650875386";"221.695159629248";"23.9433573635427";"1029.15799031477";"225.442493946731";"21.1864406779661"
"NPC_WT_rep1_new_Zfp_10kb_Airyscan_4y_04";7;"697.693696";3;3;2;"0.509821460414997";"0.744943974097125";"0.685152697195686";2;1;1;"1070.14636840652";"845.399613366473";"28.4128693731014";"1061.94732991953";"854.858814923189";"27.7278712509144";"1057.75673807878";"842.619212163096";"24.5203870076019"
"NPC_WT_rep1_new_Zfp_10kb_Airyscan_4y_04";7;"697.693696";3;3;2;"0.338701333522697";"1.07769849606096";"0.904692853785116";3;3;2;"1055.84710743802";"777.020661157025";"40.0512396694215";"1061.46074112464";"783.188649909303";"39.6330655610262";"1061.99651567944";"789.085365853659";"33.3963414634146"
"NPC_WT_rep1_new_Zfp_10kb_Airyscan_4y_04";8;"2654.03488";10;8;4;"0.408114744375305";"0.860233766031197";"0.601367425671068";8;3;2;"1208.07328447702";"2502.31712191872";"24.0086608927382";"1209.0956744868";"2501.63746334311";"21.1147360703812";"1199.30066079295";"2509.70264317181";"18.8105726872247"
"NPC_WT_rep1_new_Zfp_10kb_Airyscan_4y_04";9;"381.900512";1;1;1;"0.462893595479146";"0.797358085246274";"0.351546547088568";1;1;1;"1270.48227986847";"2821.95871392035";"22.8567774936061";"1260.09582309582";"2824.14004914005";"21.5386977886978";"1253.94392857143";"2824.25678571429";"19.7457142857143"
"NPC_WT_rep1_new_Zfp_10kb_Airyscan_4y_04";10;"372.602496";1;1;0;"NaN";"NaN";"NaN";NA;NA;NA;"NaN";"NaN";"NaN";"NaN";"NaN";"NaN";"NaN";"NaN";"NaN"
"NPC_WT_rep1_new_Zfp_10kb_Airyscan_4y_04";11;"354.87648";3;1;2;"0.513670051967168";"0.826880590564866";"0.525326766833519";3;1;2;"2148.77191413238";"372.247763864043";"29.2182468694097";"2147.45410199557";"375.107760532151";"25.6611973392461";"2155.67334360555";"367.055983564458";"23.8520801232666"
"NPC_WT_rep1_new_Zfp_10kb_Airyscan_4y_04";12;"303.12016";1;1;1;"0.292146649919216";"4.54721090423007";"4.68228883837614";1;1;1;"2169.03271812081";"820.892617449664";"25.4798657718121";"2172.61528553027";"822.066122799485";"23.6925719192787";"2150.91047783535";"912.504317789292";"44.0008635578584"
"NPC_WT_rep1_new_Zfp_10kb_Airyscan_4y_04";13;"343.657888";0;0;0;"NaN";"NaN";"NaN";NA;NA;NA;"NaN";"NaN";"NaN";"NaN";"NaN";"NaN";"NaN";"NaN";"NaN"
"NPC_WT_rep1_new_Zfp_10kb_Airyscan_4y_04";14;"632.922304";2;2;2;"0.24293424229382";"0.483155840795323";"0.29454089362514";2;2;2;"2291.95875343721";"1298.45829514207";"50.5453712190651";"2287.62549019608";"1294.74607843137";"49.9509803921569";"2286.63095238095";"1292.39826839827";"47.9772727272727"
"NPC_WT_rep1_new_Zfp_10kb_Airyscan_4y_04";15;"652.53328";4;2;4;"0.683359983134677";"1.16454194424434";"0.860681399692598";3;1;1;"2570.05515898767";"1463.04218040234";"20.6839714471123";"2577.93961708395";"1455.20913107511";"16.9769268532155";"2567.6905697446";"1465.38801571709";"12.4204322200393"
"NPC_WT_rep1_new_Zfp_10kb_Airyscan_4y_04";15;"652.53328";4;2;4;"1.05296616648136";"0.920701880796654";"0.270379160810119";4;2;3;"2750.65248544559";"1561.68338557994";"29.8410210479176";"2752.76004872107";"1548.08982947625";"23.4284409257004";"2750.48682385576";"1554.42718446602";"23.6000924641701"
"NPC_WT_rep1_new_Zfp_10kb_Airyscan_4y_04";16;"407.65424";2;1;2;"0.297494230343821";"0.696257283406563";"0.794966693324452";2;1;2;"2582.7200811359";"785.812880324544";"37.6992900608519";"2586.85630841121";"791.801985981308";"37.262558411215";"2573.22805893658";"785.582319026265";"33.531069827034"
"NPC_WT_rep1_new_Zfp_10kb_Airyscan_4y_04";17;"159.292224";0;1;0;"NaN";"NaN";"NaN";NA;NA;NA;"NaN";"NaN";"NaN";"NaN";"NaN";"NaN";"NaN";"NaN";"NaN"
"NPC_WT_rep1_new_Zfp_10kb_Airyscan_4y_04";18;"148.509088";3;0;1;"NaN";"NaN";"NaN";NA;NA;NA;"NaN";"NaN";"NaN";"NaN";"NaN";"NaN";"NaN";"NaN";"NaN"
"NPC_WT_rep1_new_Zfp_10kb_Airyscan_4y_05";1;"2754.975552";9;8;9;"0.489631937567557";"0.772296040881911";"0.366876646412817";2;1;2;"302.889045604137";"1933.83497884344";"14.5646450399624";"306.631641086187";"1939.50413223141";"11.655253837072";"305.390795631825";"1936.91809672387";"9.16614664586583"
"NPC_WT_rep1_new_Zfp_10kb_Airyscan_4y_05";1;"2754.975552";9;8;9;"0.321287251684714";"1.69727824068515";"1.7575113911875";3;2;4;"80.6246105919003";"1841.93535825545";"24.7764797507788";"77.9554536521454";"1844.21978381919";"22.7127415656731";"115.245175936436";"1866.46367763905";"24.6339387060159"
"NPC_WT_rep1_new_Zfp_10kb_Airyscan_4y_05";1;"2754.975552";9;8;9;"0.2100772274814";"0.538069212690643";"0.22808686464809";5;5;5;"766.27623845508";"1936.01595298069";"32.8572628043661";"765.019246861925";"1938.68535564854";"31.61589958159";"771.932325413967";"1930.70914326854";"29.7170626349892"
"NPC_WT_rep1_new_Zfp_10kb_Airyscan_4y_05";1;"2754.975552";9;8;9;"0.144610310181846";"0.304074784057126";"0.498925237577381";6;4;7;"679.336581887331";"1723.51533159021";"35.9671975279296";"681.307066381156";"1723.62141327623";"35.1017130620985";"678.683760683761";"1727.18540433925";"34.0742932281394"
"NPC_WT_rep1_new_Zfp_10kb_Airyscan_4y_05";1;"2754.975552";9;8;9;"0.257411773113932";"0.536699435822247";"0.521340587063111";7;6;6;"750.886488970588";"2040.32582720588";"36.5896139705882";"748.642338793282";"2034.48724860046";"37.021770682148";"743.962481536189";"2035.83072378139";"33.5675036927622"
"NPC_WT_rep1_new_Zfp_10kb_Airyscan_4y_05";1;"2754.975552";9;8;9;"0.411514431057942";"0.677362439632136";"0.695629628207187";8;7;8;"104.695584817971";"1812.30441518203";"48.8938807126259";"100.339320076972";"1804.31751122514";"47.5214881334189";"101.34798206278";"1817.88744394619";"44.4273542600897"
"NPC_WT_rep1_new_Zfp_10kb_Airyscan_4y_05";1;"2754.975552";9;8;9;"0.367147886070596";"0.410944521573876";"0.174559845290728";9;8;9;"442.109322974473";"1643.83296337403";"48.7752497225305";"446.840534979424";"1645.46913580247";"46.5771604938272";"444.600938967136";"1649.14017437961";"46.3648558014755"
"NPC_WT_rep1_new_Zfp_10kb_Airyscan_4y_05";2;"671.399456";2;3;2;"0.372708094203539";"0.640116862910295";"0.769231859680097";2;3;2;"473.613682092555";"2665.1106639839";"37.1432595573441";"470.064129085643";"2657.49069093918";"38.2916839056682";"476.122036041733";"2658.20803035093";"33.0809358204236"
"NPC_WT_rep1_new_Zfp_10kb_Airyscan_4y_05";3;"637.552608";2;4;4;"0.373021097259162";"1.67439219135209";"1.72116274215942";1;2;2;"806.950951683748";"478.592972181552";"5.15373352855051";"814.379754242247";"474.131070801638";"6.13809245172616";"791.681510509441";"484.3163519772";"16.1688635553972"
"NPC_WT_rep1_new_Zfp_10kb_Airyscan_4y_05";4;"422.269792";3;2;0;"NaN";"NaN";"NaN";NA;NA;NA;"NaN";"NaN";"NaN";"NaN";"NaN";"NaN";"NaN";"NaN";"NaN"
"NPC_WT_rep1_new_Zfp_10kb_Airyscan_4y_05";5;"85.969632";0;0;0;"NaN";"NaN";"NaN";NA;NA;NA;"NaN";"NaN";"NaN";"NaN";"NaN";"NaN";"NaN";"NaN";"NaN"
"NPC_WT_rep1_new_Zfp_10kb_Airyscan_4y_05";6;"702.333856";8;3;3;"0.414420293199058";"0.177643486495929";"0.346563143505802";4;1;2;"1444.86210762332";"1977.90470852018";"38.4927130044843";"1448.6100779844";"1979.475104979";"41.2156568686263";"1442.61058135958";"1979.85942786835";"39.4330975084589"
"NPC_WT_rep1_new_Zfp_10kb_Airyscan_4y_05";6;"702.333856";8;3;3;"0.186012068997782";"0.679033518948285";"0.585621801394964";6;2;3;"1436.82929598789";"2013.34897804693";"46.777441332324";"1433.50129282482";"2015.41241111829";"46.0607627666451";"1435.63070707071";"2013.97616161616";"41.9426262626263"
"NPC_WT_rep1_new_Zfp_10kb_Airyscan_4y_05";7;"164.180352";1;0;1;"NaN";"NaN";"NaN";NA;NA;NA;"NaN";"NaN";"NaN";"NaN";"NaN";"NaN";"NaN";"NaN";"NaN"
"NPC_WT_rep1_new_Zfp_10kb_Airyscan_4y_05";9;"823.51696";3;1;4;"0.500747029289692";"0.746920019751647";"0.529532306803116";3;1;4;"1626.64971287941";"849.07136997539";"38.707136997539";"1630.37918994413";"860.572974860335";"37.7803770949721";"1621.79920634921";"861.244708994709";"34.9063492063492"
"NPC_WT_rep1_new_Zfp_10kb_Airyscan_4y_05";10;"674.946272";4;2;1;"0.418163723051929";"0.516339629770803";"0.290122380238119";2;1;1;"1679.34585635359";"2719.39889502762";"31.8878453038674";"1671.3106102254";"2718.92853216053";"29.9818581638263";"1674.97202413604";"2722.6593527153";"28.5452550740538"
"NPC_WT_rep1_new_Zfp_10kb_Airyscan_4y_05";13;"938.729568";4;3;5;"0.775855953524168";"0.654430710695665";"0.370071370468314";2;3;4;"2476.19625564881";"1343.78308586185";"33.0393802453196";"2473.01987632509";"1324.76148409894";"33.6325088339223";"2475.55103769589";"1339.02244811521";"28.570944515036"
"NPC_WT_rep1_new_Zfp_10kb_Airyscan_4y_05";13;"938.729568";4;3;5;"3.57734411942117";"3.81839414903847";"0.915309723446651";4;1;1;"2291.67491408935";"1328.63780068729";"34.2";"2308.00778210117";"1334.20946822309";"9.12775616083009";"2309.76048951049";"1327.36188811189";"7.4222027972028"
"NPC_WT_rep1_new_Zfp_10kb_Airyscan_4y_05";14;"117.431328";0;0;0;"NaN";"NaN";"NaN";NA;NA;NA;"NaN";"NaN";"NaN";"NaN";"NaN";"NaN";"NaN";"NaN";"NaN"
"NPC_WT_rep1_new_Zfp_10kb_Airyscan_4y_05";15;"769.326432";3;3;4;"1.98041819073455";"0.574278495441692";"2.51712917459952";1;2;1;"2525.83034257749";"51.3996737357259";"11.0497553017945";"2539.65763958542";"35.9455031761953";"23.8950183884988";"2519.18166666667";"59.8075";"8.32083333333333"
"NPC_WT_rep1_new_Zfp_10kb_Airyscan_4y_05";16;"86.160928";1;1;0;"NaN";"NaN";"NaN";NA;NA;NA;"NaN";"NaN";"NaN";"NaN";"NaN";"NaN";"NaN";"NaN";"NaN"
"NPC_WT_rep1_new_Zfp_10kb_Airyscan_4y_05";17;"392.168";1;0;1;"NaN";"NaN";"NaN";NA;NA;NA;"NaN";"NaN";"NaN";"NaN";"NaN";"NaN";"NaN";"NaN";"NaN"
"NPC_WT_rep1_new_Zfp_10kb_Airyscan_4y_05";18;"553.752192";3;2;2;"0.356176067198";"0.733726597763315";"0.901215276805984";1;1;1;"2329.24003887269";"619.822157434402";"26.0301263362488";"2332.19094977623";"618.065638985579";"28.3774241670811";"2339.37455516014";"609.641903914591";"22.7709074733096"
"NPC_WT_rep1_new_Zfp_10kb_Airyscan_4y_06";1;"2908.313184";12;7;8;"5.43561779065179";"5.66624436910563";"0.666791703235976";3;2;2;"431.785801713586";"1024.06347263508";"26.5537681412834";"301.033006704487";"1061.07271789582";"26.4151624548736";"297.51043429216";"1066.29046813311";"22.005076142132"
"NPC_WT_rep1_new_Zfp_10kb_Airyscan_4y_06";1;"2908.313184";12;7;8;"0.291335988853373";"0.532917736296497";"0.353466420143523";7;3;3;"972.880726015557";"738.262748487468";"27.0458081244598";"973.255709231264";"732.963010614345";"25.6223866194918";"976.030660377358";"736.099646226415";"23.3991745283019"
"NPC_WT_rep1_new_Zfp_10kb_Airyscan_4y_06";1;"2908.313184";12;7;8;"0.214426951317103";"0.462660479777654";"0.49717837035572";9;5;7;"603.232251521298";"688.153144016227";"37.3580121703854";"599.075751503006";"687.574749498998";"38.3110220440882";"595.936806148591";"685.056362083689";"34.9510389980074"
"NPC_WT_rep1_new_Zfp_10kb_Airyscan_4y_06";2;"930.264608";5;1;1;"4.39817380336467";"4.5061581805236";"0.273295705246808";4;1;1;"459.371291647649";"120.359424920128";"42.8413966225468";"491.737804878049";"17.6134823848238";"36.545054200542";"496.788278388278";"17.4937728937729";"35.2307692307692"
"NPC_WT_rep1_new_Zfp_10kb_Airyscan_4y_06";3;"786.015104";3;2;2;"2.08835379949065";"3.00576803663085";"4.46921854513732";3;2;1;"929.61223880597";"2867.4352238806";"22.7492537313433";"947.055475504323";"2913.95893371758";"27.3299711815562";"896.177118644068";"2858.78474576271";"3.68135593220339"
"NPC_WT_rep1_new_Zfp_10kb_Airyscan_4y_06";4;"952.751744";6;4;3;"0.345411973862638";"2.19038719079484";"2.02182207903428";4;3;2;"1188.54923273657";"1312.35166240409";"17.5639386189258";"1187.47612642905";"1309.0860793544";"15.3006052454607";"1212.85970636215";"1266.33849918434";"12.694942903752"
"NPC_WT_rep1_new_Zfp_10kb_Airyscan_4y_06";5;"395.153024";1;2;1;"1.10732169007392";"1.50628902254741";"0.494474030742711";1;1;1;"1204.75912087912";"737.648351648352";"34.2738461538462";"1213.72830578512";"755.994834710744";"28.9338842975207";"1215.55378678244";"756.24650265316";"25.4413892908828"
"NPC_WT_rep1_new_Zfp_10kb_Airyscan_4y_06";6;"319.318496";2;1;2;"2.5223664187929";"2.00886331999344";"0.51753436053773";1;1;1;"1201.57769556025";"346.414904862579";"30.3012684989429";"1253.60510114336";"378.072119613017";"34.9736147757256";"1242.41708825183";"371.905564924115";"34.3878583473862"
"NPC_WT_rep1_new_Zfp_10kb_Airyscan_4y_06";7;"658.012768";2;2;3;"0.637475196550211";"0.9913601165655";"0.365560858626007";2;1;1;"1351.00133654103";"2712.75942261427";"15.9500133654103";"1349.52803406671";"2712.43245800804";"11.4170806718713";"1351.54610901611";"2712.58416181008";"8.87075762769969"
"NPC_WT_rep1_new_Zfp_10kb_Airyscan_4y_06";8;"191.55024";2;0;2;"NaN";"NaN";"NaN";NA;NA;NA;"NaN";"NaN";"NaN";"NaN";"NaN";"NaN";"NaN";"NaN";"NaN"
"NPC_WT_rep1_new_Zfp_10kb_Airyscan_4y_06";9;"412.198528";2;2;0;"NaN";"NaN";"NaN";NA;NA;NA;"NaN";"NaN";"NaN";"NaN";"NaN";"NaN";"NaN";"NaN";"NaN"
"NPC_WT_rep1_new_Zfp_10kb_Airyscan_4y_06";12;"182.214368";0;1;2;"NaN";"NaN";"NaN";NA;NA;NA;"NaN";"NaN";"NaN";"NaN";"NaN";"NaN";"NaN";"NaN";"NaN"
"NPC_WT_rep1_new_Zfp_10kb_Airyscan_4y_06";13;"324.290624";1;1;1;"0.899457594590087";"6.43157941277074";"6.51485565716883";1;1;1;"1865.83732394366";"2713.42887323944";"31.0169014084507";"1885.69096934548";"2702.90306545153";"30.7812758906379";"1929.35352422907";"2846.28083700441";"12.568281938326"
"NPC_WT_rep1_new_Zfp_10kb_Airyscan_4y_06";14;"694.322944";3;2;2;"0.440890042829971";"0.59392133818174";"0.397139587510446";3;2;1;"2593.72481442206";"1363.27571580064";"34.9565217391304";"2597.65100873231";"1353.31737428485";"34.2056609454983";"2594.15337779066";"1354.35517541316";"31.5674108437228"
"NPC_WT_rep1_new_Zfp_10kb_Airyscan_4y_07";1;"518.3584";1;0;1;"NaN";"NaN";"NaN";NA;NA;NA;"NaN";"NaN";"NaN";"NaN";"NaN";"NaN";"NaN";"NaN";"NaN"
"NPC_WT_rep1_new_Zfp_10kb_Airyscan_4y_07";2;"379.917888";1;2;2;"0.290020478953498";"0.587949913353946";"0.331782125902043";1;1;2;"477.252066115702";"659.769628099174";"41.1363636363636";"480.363412633306";"661.001230516817";"39.298605414274";"479.041164658635";"660.213855421687";"36.9698795180723"
"NPC_WT_rep1_new_Zfp_10kb_Airyscan_4y_07";3;"83.310304";1;1;1;"4.8440370754773";"1.52967962837292";"3.8303959864024";1;1;1;"1014.87349953832";"2262.3000923361";"45.3084025854109";"936.051657339647";"2268.41196728369";"19.0985794231597";"987.638543516874";"2285.81261101243";"41.6065719360568"
"NPC_WT_rep1_new_Zfp_10kb_Airyscan_4y_07";4;"361.483808";1;2;1;"0.38067849721038";"0.655922959757733";"0.29713782493344";1;2;1;"933.288067349927";"2713.64970717423";"25.5204978038067";"937.804707613093";"2717.96395733726";"23.4689223979404";"943.393206678181";"2718.25388601036";"22.0731145653425"
"NPC_WT_rep1_new_Zfp_10kb_Airyscan_4y_07";5;"477.84576";2;2;1;"0.235584142977067";"0.55368323651112";"0.349138581418835";2;2;1;"983.372380952381";"1903.15952380952";"28.3704761904762";"984.005270863836";"1898.14816983895";"27.5051244509517";"985.579847053531";"1895.15564552407";"25.2060278902384"
"NPC_WT_rep1_new_Zfp_10kb_Airyscan_4y_07";6;"1258.487776";7;3;2;"4.32579377221529";"5.3521539601333";"2.64574525092354";1;1;2;"1291.80364858377";"623.271723475756";"24.0739318290927";"1380.6836935167";"684.733464309103";"25.2894564505566";"1418.93665158371";"642.044343891403";"34.7194570135747"
"NPC_WT_rep1_new_Zfp_10kb_Airyscan_4y_07";6;"1258.487776";7;3;2;"0.509867257949237";"0.696888195066866";"0.279911239796129";4;2;1;"1226.08176909231";"171.222936487529";"40.0678837747493";"1219.83159912377";"178.475082146769";"37.6634720700986";"1223.27589779006";"182.194751381215";"36.2852209944751"
"NPC_WT_rep1_new_Zfp_10kb_Airyscan_4y_07";7;"780.22224";3;3;4;"0.701261028040733";"0.721843323771008";"0.293521847398664";1;1;1;"1519.48404516446";"1092.0648011782";"14.2641138929799";"1510.6512195122";"1080.00487804878";"11.6471544715447";"1514.21772428884";"1083.12253829322";"10.0459518599562"
"NPC_WT_rep1_new_Zfp_10kb_Airyscan_4y_07";7;"780.22224";3;3;4;"0.121707060650415";"0.791585475155588";"0.810453189494741";2;2;2;"1420.70991253644";"1169.27040816327";"25.7376093294461";"1422.39696799551";"1171.80095451993";"25.7119595732734";"1416.85849870578";"1169.24590163934";"20.1915444348576"
"NPC_WT_rep1_new_Zfp_10kb_Airyscan_4y_07";7;"780.22224";3;3;4;"0.329566619475091";"0.569895960721679";"0.281679122388916";3;3;4;"1299.07977207977";"1294.31837606838";"43.1495726495726";"1305.01816745656";"1293.29383886256";"41.544233807267";"1309.32302092812";"1297.36760691538";"40.4576888080073"
"NPC_WT_rep1_new_Zfp_10kb_Airyscan_4y_07";8;"53.104128";0;0;0;"NaN";"NaN";"NaN";NA;NA;NA;"NaN";"NaN";"NaN";"NaN";"NaN";"NaN";"NaN";"NaN";"NaN"
"NPC_WT_rep1_new_Zfp_10kb_Airyscan_4y_07";9;"233.375968";1;0;0;"NaN";"NaN";"NaN";NA;NA;NA;"NaN";"NaN";"NaN";"NaN";"NaN";"NaN";"NaN";"NaN";"NaN"
"NPC_WT_rep1_new_Zfp_10kb_Airyscan_4y_07";10;"883.138144";3;3;2;"0.173352909965458";"0.619016665605207";"0.44570534524848";2;2;1;"1909.91717583164";"1782.84046164291";"11.3842498302783";"1909.43789808917";"1784.0099522293";"10.1998407643312";"1908.26359832636";"1787.28870292887";"7.17573221757322"
"NPC_WT_rep1_new_Zfp_10kb_Airyscan_4y_07";10;"883.138144";3;3;2;"0.240676447847336";"4.34127684769332";"4.56761752577663";3;3;2;"1715.06026170799";"1480.60227272727";"37.956955922865";"1716.26235955056";"1477.85393258427";"39.447191011236";"1720.03993971364";"1553.94724943482";"15.1446872645064"
"NPC_WT_rep1_new_Zfp_10kb_Airyscan_4y_07";11;"451.391136";1;1;2;"0.249660808989769";"0.569308426760357";"0.619238724641446";1;1;1;"2289.91972076789";"1871.62943571844";"7.0826061663758";"2291.17702448211";"1871.934086629";"5.33804143126177";"2289.53393085787";"1885.84891165173";"7.21895006402049"
"NPC_WT_rep1_new_Zfp_10kb_Airyscan_4y_07";12;"522.396224";2;2;2;"0.137827052172498";"0.34742123639991";"0.404751354278661";1;1;1;"2229.56776737309";"2150.5416461311";"25.7506160670281";"2226.75907198096";"2151.95746579417";"26.1525877453896";"2231.0878746594";"2155.29564032698";"23.7196866485014"
"NPC_WT_rep1_new_Zfp_10kb_Airyscan_4y_07";12;"522.396224";2;2;2;"1.00307979674522";"0.831010054397487";"0.721194142617975";2;2;2;"2162.65170704846";"2294.33755506608";"30.1310572687225";"2150.08820882088";"2273.09900990099";"31.4068406840684";"2152.15139031926";"2280.77239958805";"26.7826982492276"
"NPC_WT_rep1_new_Zfp_10kb_Airyscan_4y_07";13;"659.589504";3;1;1;"1.3597854882836";"0.315950054214802";"1.20096999192632";3;1;1;"2691.42949907236";"2314.41001855288";"30.4211502782931";"2690.81016949153";"2287.54508474576";"24.4722033898305";"2694.73396481732";"2307.3702300406";"30.8162381596752"
"NPC_WT_rep1_new_Zfp_10kb_Airyscan_4y_08";1;"687.960448";2;2;4;"0.380264983200527";"0.591850927383428";"0.335370775647688";1;1;2;"305.97512195122";"1316.57902439024";"12.2356097560976";"307.903910614525";"1310.16368715084";"10.3083798882682";"302.489497716895";"1310.70228310502";"8.48584474885845"
"NPC_WT_rep1_new_Zfp_10kb_Airyscan_4y_08";2;"451.213952";3;2;1;"0.205723854452039";"0.350300378863284";"0.169280259464945";1;1;1;"476.9838921762";"1700.62820512821";"6.87771203155819";"473.229905702739";"1702.10597215986";"5.96632240682533";"472.283363802559";"1705.46069469835";"5.28062157221207"
"NPC_WT_rep1_new_Zfp_10kb_Airyscan_4y_08";5;"3450.76928";11;8;11;"0.182916097545868";"0.2723727928671";"0.167833363552454";1;2;1;"1256.19661921708";"293.133451957295";"4.49110320284698";"1258.12942366026";"291.438827098079";"3.41051567239636";"1255.68391345249";"293.045155221072";"2.55126999059266"
"NPC_WT_rep1_new_Zfp_10kb_Airyscan_4y_08";5;"3450.76928";11;8;11;"0.563285614614383";"0.76844178469488";"0.606596097445282";8;5;8;"1478.15396875996";"908.060567421103";"28.9005419190309";"1482.7844084167";"921.289410141428";"28.5105208692653";"1489.63193504736";"918.00902119982";"32.2611637347767"
"NPC_WT_rep1_new_Zfp_10kb_Airyscan_4y_08";6;"256.932032";1;2;0;"NaN";"NaN";"NaN";NA;NA;NA;"NaN";"NaN";"NaN";"NaN";"NaN";"NaN";"NaN";"NaN";"NaN"
"NPC_WT_rep1_new_Zfp_10kb_Airyscan_4y_08";7;"364.127232";2;2;0;"NaN";"NaN";"NaN";NA;NA;NA;"NaN";"NaN";"NaN";"NaN";"NaN";"NaN";"NaN";"NaN";"NaN"
"NPC_WT_rep1_new_Zfp_10kb_Airyscan_4y_08";10;"195.646304";0;1;1;"NaN";"NaN";"NaN";NA;NA;NA;"NaN";"NaN";"NaN";"NaN";"NaN";"NaN";"NaN";"NaN";"NaN"
"NPC_WT_rep1_new_Zfp_10kb_Airyscan_4y_09";1;"726.988192";6;3;5;"0.752884784990213";"0.839745187959528";"0.175169356298773";2;3;1;"192.948251078103";"2649.02491614758";"34.6123622424533";"179.669491525424";"2640.39724576271";"31.7055084745763";"181.095724907063";"2636.88104089219";"31.0808550185874"
"NPC_WT_rep1_new_Zfp_10kb_Airyscan_4y_09";2;"405.43328";1;1;2;"0.249542601307262";"0.379177177606612";"0.32588092556963";1;1;1;"311.615079365079";"951.641156462585";"13.3696145124717";"314.016064257028";"957.274431057564";"13.029004908523";"313.575240919199";"954.475908080059";"10.8465530022239"
"NPC_WT_rep1_new_Zfp_10kb_Airyscan_4y_09";3;"516.8408";3;1;4;"0.342547936626668";"0.563074559059348";"0.563878941749789";2;1;3;"273.084801990462";"1280.04851752022";"45.6603773584906";"271.747635639622";"1288.449975112";"45.3797909407665";"261.402362584378";"1281.62054001929";"43.4619093539055"
"NPC_WT_rep1_new_Zfp_10kb_Airyscan_4y_09";4;"142.523584";2;2;1;"0.271052969418542";"0.585679418348765";"0.373381369705829";1;1;1;"484.660277594184";"78.3430270984798";"29.4838070059484";"478.751072961373";"79.8248927038627";"28.6360515021459";"476.948961937716";"82.6150519031142";"26.143598615917"
"NPC_WT_rep1_new_Zfp_10kb_Airyscan_4y_09";5;"484.857184";2;3;3;"0.749592188794258";"0.733590184674718";"0.510029834836762";2;3;2;"616.328694228408";"1635.13671715104";"32.5214899713467";"613.072362685266";"1616.70880557977";"32.8055797733217";"621.307849829352";"1619.56518771331";"30.1467576791809"
"NPC_WT_rep1_new_Zfp_10kb_Airyscan_4y_09";7;"657.683936";3;2;0;"NaN";"NaN";"NaN";NA;NA;NA;"NaN";"NaN";"NaN";"NaN";"NaN";"NaN";"NaN";"NaN";"NaN"
"NPC_WT_rep1_new_Zfp_10kb_Airyscan_4y_09";8;"514.613568";1;1;1;"0.205768680985555";"0.660067955934319";"0.751154172034526";1;1;1;"1135.10542582418";"2086.72458791209";"12.5164835164835";"1139.752954742";"2085.07466128567";"12.9345632747189";"1134.84780199483";"2087.71924639823";"7.81086073143701"
"NPC_WT_rep1_new_Zfp_10kb_Airyscan_4y_09";9;"1610.476896";10;4;3;"0.265133297056475";"0.329500629004404";"0.12884564952835";7;2;1;"1841.0177238806";"1481.37593283582";"25.0564365671642";"1838.95730337079";"1478.41647940075";"23.4674157303371";"1839.92980096826";"1475.34615384615";"23.4833243679398"
"NPC_WT_rep1_new_Zfp_10kb_Airyscan_4y_09";10;"699.720224";7;4;2;"0.333362175804137";"0.456842096911786";"0.301698121702418";2;1;1;"1785.19480519481";"2502.94155844156";"38.1277056277056";"1777.85334291876";"2502.96764917326";"37.000718907261";"1780.19960474308";"2497.75494071146";"35.5948616600791"
"NPC_WT_rep1_new_Zfp_10kb_Airyscan_4y_09";11;"61.795104";0;0;0;"NaN";"NaN";"NaN";NA;NA;NA;"NaN";"NaN";"NaN";"NaN";"NaN";"NaN";"NaN";"NaN";"NaN"
"NPC_WT_rep1_new_Zfp_10kb_Airyscan_4y_09";13;"993.849696";4;4;5;"0.523824890895378";"0.132006894877136";"0.399246430968176";3;1;3;"2567.94739249771";"1454.76623970723";"44.2012808783166";"2577.96718903036";"1462.81782566112";"43.4857982370225";"2569.75557263643";"1457.37163720215";"43.9404304381245"
"NPC_WT_rep1_new_Zfp_10kb_Airyscan_4y_09";13;"993.849696";4;4;5;"0.409613679915146";"0.523898619864457";"0.205723078444604";4;3;5;"2278.79792490119";"1195.19071146245";"47.8162055335968";"2274.77905374368";"1198.84382177308";"45.3357831878732";"2274.01614142967";"1203.92697924673";"45.3858570330515"
"NPC_WT_rep1_new_Zfp_10kb_Airyscan_4y_09";14;"356.933472";1;1;1;"2.06824327596577";"2.80847439826672";"0.745248307325963";1;1;1;"2143.43920145191";"56.5674531155475";"43.7604355716878";"2158.00382226469";"53.1949354992833";"29.6182513139035";"2161.56738962045";"53.8017041053447";"24.3962044926414"
"NPC_WT_rep1_new_Zfp_10kb_Airyscan_4y_09";15;"406.45472";2;2;1;"5.49182313920379";"5.3751504610376";"1.9781557315542";1;2;1;"2251.32442933463";"353.780475959203";"23.4312773190869";"2388.51159522136";"349.82361208714";"22.3583977512298";"2374.84975878704";"310.096485182633";"14.9035148173673"
"NPC_WT_rep1_new_Zfp_10kb_Airyscan_4y_09";16;"376.745152";1;2;2;"0.183238523829795";"0.834749795910044";"0.708801067266013";1;2;2;"2375.82948207171";"745.217928286853";"48.8362549800797";"2375.5346740638";"749.737170596394";"48.6393897364771";"2365.09328683522";"758.444638186574";"45.3923278116826"
"NPC_WT_rep1_new_Zfp_10kb_Airyscan_4y_09";18;"321.691552";0;0;0;"NaN";"NaN";"NaN";NA;NA;NA;"NaN";"NaN";"NaN";"NaN";"NaN";"NaN";"NaN";"NaN";"NaN"
"NPC_WT_rep1_new_Zfp_10kb_Airyscan_4y_09";19;"71.4112";0;1;0;"NaN";"NaN";"NaN";NA;NA;NA;"NaN";"NaN";"NaN";"NaN";"NaN";"NaN";"NaN";"NaN";"NaN"
"NPC_WT_rep1_new_Zfp_10kb_Airyscan_4y_10";1;"661.032064";2;3;5;"0.375184503861123";"0.499975393778177";"0.708338457902784";1;1;2;"136.904848705797";"221.555960627051";"18.0951512942034";"133.666792310592";"229.03241613268";"16.7674330946099";"131.89143501127";"211.426746806912";"16.5698722764838"
"NPC_WT_rep1_new_Zfp_10kb_Airyscan_4y_10";2;"458.704288";2;2;0;"NaN";"NaN";"NaN";NA;NA;NA;"NaN";"NaN";"NaN";"NaN";"NaN";"NaN";"NaN";"NaN";"NaN"
"NPC_WT_rep1_new_Zfp_10kb_Airyscan_4y_10";4;"305.985792";2;1;0;"NaN";"NaN";"NaN";NA;NA;NA;"NaN";"NaN";"NaN";"NaN";"NaN";"NaN";"NaN";"NaN";"NaN"
"NPC_WT_rep1_new_Zfp_10kb_Airyscan_4y_10";5;"525.189952";2;4;3;"0.749027023069359";"1.56202063624931";"1.04282802781458";2;3;2;"546.058678196418";"1505.22143298332";"36.4499691167387";"553.332681017613";"1513.32778864971";"32.0978473581213";"560.892626131953";"1498.85769728331";"26.2904269081501"
"NPC_WT_rep1_new_Zfp_10kb_Airyscan_4y_10";6;"346.915296";3;2;1;"0.395671203825036";"1.55526827310182";"1.58704435187928";1;1;1;"684.582513028373";"1806.64852345107";"18.4464389114071";"685.691224268689";"1796.94528710726";"17.9978331527627";"712.44054054054";"1812.2981981982";"10.8666666666667"
"NPC_WT_rep1_new_Zfp_10kb_Airyscan_4y_10";7;"68.093536";0;0;0;"NaN";"NaN";"NaN";NA;NA;NA;"NaN";"NaN";"NaN";"NaN";"NaN";"NaN";"NaN";"NaN";"NaN"
"NPC_WT_rep1_new_Zfp_10kb_Airyscan_4y_10";9;"960.856064";4;7;4;"0.586733111324427";"0.404310636497109";"0.62570029174235";2;6;4;"1120.68534482759";"1959.72665229885";"36.8261494252874";"1109.95660377358";"1951.0679245283";"35.3952830188679";"1124.00908731727";"1952.5167917819";"35.0387198735678"
"NPC_WT_rep1_new_Zfp_10kb_Airyscan_4y_10";9;"960.856064";4;7;4;"0.944018781405582";"1.07425463906416";"0.567279742916558";3;5;3;"1024.93406593407";"1853.20979020979";"40.5694305694306";"1045.34042553191";"1856.90824468085";"37.3510638297872";"1037.91930060525";"1850.25891055817";"33.9058507061197"
"NPC_WT_rep1_new_Zfp_10kb_Airyscan_4y_10";10;"456.467424";3;3;4;"1.36737330731252";"0.846088419222147";"0.971843924618421";1;1;1;"1385.82893617021";"1883.36510638298";"18.4902127659574";"1402.49676225717";"1910.65957446809";"15.040703052729";"1405.16757865937";"1886.88987688098";"16.2585499316005"
"NPC_WT_rep1_new_Zfp_10kb_Airyscan_4y_10";10;"456.467424";3;3;4;"1.43089104882975";"0.412734690609117";"1.51033298439621";2;2;2;"1361.44529616725";"1951.65923344948";"27.5463414634146";"1331.68583599574";"1951.1821086262";"33.2161874334398";"1357.87466487936";"1959.1172922252";"25.7828418230563"
"NPC_WT_rep1_new_Zfp_10kb_Airyscan_4y_10";11;"135.53232";1;1;1;"2.51032318295689";"5.545297990083";"4.41812471795044";1;1;1;"1459.7670405522";"1077.67385677308";"13.869715271786";"1506.0700525394";"1119.37828371278";"15.9953298307064";"1472.29305135952";"1178.26988922457";"40.8882175226586"
"NPC_WT_rep1_new_Zfp_10kb_Airyscan_4y_10";12;"160.199424";0;1;0;"NaN";"NaN";"NaN";NA;NA;NA;"NaN";"NaN";"NaN";"NaN";"NaN";"NaN";"NaN";"NaN";"NaN"
"NPC_WT_rep1_new_Zfp_10kb_Airyscan_4y_10";13;"439.199488";2;0;3;"NaN";"NaN";"NaN";NA;NA;NA;"NaN";"NaN";"NaN";"NaN";"NaN";"NaN";"NaN";"NaN";"NaN"
"NPC_WT_rep1_new_Zfp_10kb_Airyscan_4y_10";15;"782.256608";4;3;4;"0.299790633808432";"0.59762216815969";"0.449182203745645";1;1;1;"2040.391507431";"1724.88704883227";"19.6093418259023";"2044.76986754967";"1727.44329470199";"18.0322847682119";"2039.62605042017";"1724.01733193277";"15.3534663865546"
"NPC_WT_rep1_new_Zfp_10kb_Airyscan_4y_10";15;"782.256608";4;3;4;"0.571864876486586";"0.781233528120788";"0.407535899236541";2;2;2;"2097.61250697934";"1735.1680625349";"24.2696817420436";"2101.53098901099";"1732.41934065934";"20.4206593406593";"2093.07060669456";"1733.89644351464";"18.8546025104602"
"NPC_WT_rep1_new_Zfp_10kb_Airyscan_4y_10";15;"782.256608";4;3;4;"0.121019296076595";"0.371804232281539";"0.255094575999781";3;3;3;"2128.21020656136";"2012.7077764277";"27.7077764277035";"2125.93829905503";"2011.72206781545";"27.2112284602557";"2122.70235756385";"2008.59332023576";"25.9204322200393"
"NPC_WT_rep1_new_Zfp_10kb_Airyscan_4y_10";16;"569.054752";2;3;1;"0.381156574507776";"0.331795817157963";"0.55875581097054";2;2;1;"1997.45769881557";"2274.65059221658";"38.7098138747885";"1995.43415463042";"2266.48428207307";"39.9881053525913";"1992.20480668757";"2274.61024033438";"36.8756530825496"
"NPC_WT_rep1_new_Zfp_10kb_Airyscan_4y_10";19;"536.423328";2;1;2;"0.210875535220493";"0.462142243194177";"0.278610532956553";1;1;1;"2681.42008032129";"781.010843373494";"8.63333333333333";"2679.76834445118";"782.334141904184";"7.25379017586416";"2681.94245614035";"782.516140350877";"5.36385964912281"
"NPC_WT_rep1_new_Zfp_10kb_Airyscan_4y_10";20;"954.455936";4;5;4;"0.175702213612635";"0.40963158205688";"0.367750845597089";4;3;3;"2744.69084821429";"654.244977678571";"40.0435267857143";"2743.21138452416";"650.109398161874";"40.0584049807293";"2742.69335260116";"650.051734104046";"37.435838150289"
"NPC_WT_rep1_new_Zfp_10kb_Airyscan_4y_10";21;"601.703872";1;1;2;"5.67148513235109";"5.76514757229565";"1.24940243045225";1;1;2;"2729.71682201509";"2434.19840213049";"16.9209942299157";"2683.15742642026";"2552.01779603012";"35.113620807666";"2666.57864813645";"2533.79153506001";"40.5988629185092"
"NPC_WT_rep1_new_Zfp_10kb_Airyscan_4y_10";22;"91.449568";0;1;0;"NaN";"NaN";"NaN";NA;NA;NA;"NaN";"NaN";"NaN";"NaN";"NaN";"NaN";"NaN";"NaN";"NaN"
"NPC_WT_rep1_new_Zfp_10kb_Airyscan_4y_11";1;"564.50576";1;3;3;"0.263483247100458";"0.627091530579546";"0.484650184823095";1;1;1;"7.06024646280237";"588.780921953446";"18.2820629849384";"13.1422581611261";"587.675950883498";"17.6319257262653";"13.3505747126437";"588.55276907001";"14.1797283176594"
"NPC_WT_rep1_new_Zfp_10kb_Airyscan_4y_11";2;"61.877088";0;1;0;"NaN";"NaN";"NaN";NA;NA;NA;"NaN";"NaN";"NaN";"NaN";"NaN";"NaN";"NaN";"NaN";"NaN"
"NPC_WT_rep1_new_Zfp_10kb_Airyscan_4y_11";4;"504.053088";2;2;2;"0.201371003575028";"0.547946491713757";"0.515577361784784";1;1;1;"260.865755127408";"1670.94468614046";"20.1199502796768";"260.929173047473";"1674.47320061256";"19.094180704441";"273.586808510638";"1672.40255319149";"18.7289361702128"
"NPC_WT_rep1_new_Zfp_10kb_Airyscan_4y_11";4;"504.053088";2;2;2;"0.189262071598435";"0.67912365392238";"0.727730841947004";2;2;2;"288.447518307567";"1654.28763222132";"36.5508543531326";"284.559340074508";"1651.59606173497";"36.5055880787653";"287.146265560166";"1660.86618257261";"32.094398340249"
"NPC_WT_rep1_new_Zfp_10kb_Airyscan_4y_11";5;"198.995776";1;0;0;"NaN";"NaN";"NaN";NA;NA;NA;"NaN";"NaN";"NaN";"NaN";"NaN";"NaN";"NaN";"NaN";"NaN"
"NPC_WT_rep1_new_Zfp_10kb_Airyscan_4y_11";6;"565.125344";2;1;2;"0.489786124631608";"0.596222161432224";"0.935825274235339";1;1;1;"1166.59442724458";"1488.7657378741";"41.5975232198142";"1158.26112073946";"1490.7452339688";"44.0976314269209";"1164.51035911602";"1494.95511049724";"37.7693370165746"
"NPC_WT_rep1_new_Zfp_10kb_Airyscan_4y_11";7;"69.766368";1;1;0;"NaN";"NaN";"NaN";NA;NA;NA;"NaN";"NaN";"NaN";"NaN";"NaN";"NaN";"NaN";"NaN";"NaN"
"NPC_WT_rep1_new_Zfp_10kb_Airyscan_4y_11";8;"915.90576";2;2;3;"0.901733035961448";"0.668240509627335";"0.266161583980067";1;1;1;"1432.81140999113";"1638.88323972805";"11.8702335205439";"1450.90727902946";"1640.7712305026";"15.6733102253033";"1447.44974874372";"1638.62479061977";"14.1691792294807"
"NPC_WT_rep1_new_Zfp_10kb_Airyscan_4y_11";8;"915.90576";2;2;3;"0.588120588962978";"0.677634744652231";"0.481640186505573";2;2;3;"1304.46112115732";"1391.17450271248";"43.1112115732369";"1293.78260869565";"1396.99762413875";"40.7510097410311";"1301.08703220191";"1392.24020887728";"38.3777197563098"
"NPC_WT_rep1_new_Zfp_10kb_Airyscan_4y_11";9;"540.353408";1;2;2;"0.942816877546393";"1.17806734217702";"0.447136835809289";1;1;2;"1388.68310322156";"489.676199868508";"23.3570019723866";"1385.28515625";"481.5419921875";"17.111328125";"1376.83837638376";"486.923985239852";"15.6929889298893"
"NPC_WT_rep1_new_Zfp_10kb_Airyscan_4y_11";10;"507.575264";1;1;2;"0.544841067040158";"0.586552949074718";"0.395432653540735";1;1;2;"1349.00806711843";"836.840593739916";"42.7331397224911";"1357.74383868559";"830.846527259149";"40.2871545929798";"1350.33538083538";"833.962530712531";"38.6425061425061"
"NPC_WT_rep1_new_Zfp_10kb_Airyscan_4y_11";11;"447.892032";2;1;2;"4.16824727189237";"4.56846001975017";"0.470516384616679";2;1;2;"1260.32486799095";"2140.57731958763";"45.5813427206437";"1347.80937251787";"2161.41620333598";"30.5409054805401";"1352.81485714286";"2162.88342857143";"27.5285714285714"
"NPC_WT_rep1_new_Zfp_10kb_Airyscan_4y_11";12;"434.29232";2;1;1;"5.23453133708217";"5.00702607863382";"0.42901494011238";1;1;1;"1600.09094633347";"1030.79229823843";"23.141745186399";"1666.12605687932";"967.451191391238";"49.8716372021522";"1667.24699453552";"977.907103825137";"49.2688524590164"
"NPC_WT_rep1_new_Zfp_10kb_Airyscan_4y_11";14;"1038.572192";5;3;4;"0.200866060227366";"0.616607653281798";"0.423646790864716";3;3;2;"2070.03682008368";"1589.51380753138";"25.8016736401674";"2073.75343953657";"1587.48986241854";"25.0293265749457";"2078.81256038647";"1581.32270531401";"23.0386473429952"
"NPC_WT_rep1_new_Zfp_10kb_Airyscan_4y_11";15;"102.624704";0;0;1;"NaN";"NaN";"NaN";NA;NA;NA;"NaN";"NaN";"NaN";"NaN";"NaN";"NaN";"NaN";"NaN";"NaN"
"NPC_WT_rep1_new_Zfp_10kb_Airyscan_4y_11";16;"296.548";0;1;0;"NaN";"NaN";"NaN";NA;NA;NA;"NaN";"NaN";"NaN";"NaN";"NaN";"NaN";"NaN";"NaN";"NaN"
"NPC_WT_rep1_new_Zfp_10kb_Airyscan_4y_11";18;"718.615296";2;3;4;"0.430029087615056";"0.604433521673252";"0.513111343852992";1;1;2;"2718.02600045218";"1901.25344788605";"23.9701560027131";"2720.25695364238";"1893.74115421003";"21.8673604541154";"2729.25662650602";"1902.48192771084";"21.1030120481928"
"NPC_WT_rep1_new_Zfp_10kb_Airyscan_4y_11";18;"718.615296";2;3;4;"0.0814715227714622";"0.503032591531532";"0.43734198852589";2;3;3;"2695.38088235294";"1827.59509803922";"31.1838235294118";"2695.85614849188";"1826.12838360402";"30.8035576179428";"2691.12954253955";"1819.32022231723";"28.7661393758016"
"NPC_WT_rep1_new_Zfp_10kb_Airyscan_4y_11";19;"569.346176";2;2;0;"NaN";"NaN";"NaN";NA;NA;NA;"NaN";"NaN";"NaN";"NaN";"NaN";"NaN";"NaN";"NaN";"NaN"
"NPC_WT_rep1_new_Zfp_10kb_Airyscan_4y_11";20;"381.844064";2;2;1;"0.160252704988043";"0.448976005648391";"0.337903990456415";1;2;1;"2853.19657676349";"2597.59647302905";"35.320020746888";"2853.05761940864";"2594.24943138741";"34.6921910538287";"2855.98770176787";"2593.54650269024";"32.4373558800922"
"NPC_WT_rep1_new_Zfp_10kb_Airyscan_4y_11";21;"69.220928";0;0;0;"NaN";"NaN";"NaN";NA;NA;NA;"NaN";"NaN";"NaN";"NaN";"NaN";"NaN";"NaN";"NaN";"NaN"
"NPC_WT_rep1_new_Zfp_10kb_Airyscan_4y_11";22;"326.212096";1;1;1;"0.332517615772887";"2.69848076955273";"2.53750240604077";1;1;1;"1697.3475177305";"2103.09840425532";"50.8102836879433";"1690.60253456221";"2101.53341013825";"49.4959677419355";"1666.96804932735";"2042.86434977578";"50.8862107623318"
"NPC_WT_rep1_new_Zfp_10kb_Airyscan_4y_11";23;"52.449152";0;1;0;"NaN";"NaN";"NaN";NA;NA;NA;"NaN";"NaN";"NaN";"NaN";"NaN";"NaN";"NaN";"NaN";"NaN"
"NPC_WT_rep1_new_Zfp_10kb_Airyscan_4y_12";1;"328.532064";1;1;1;"0.483919223753008";"0.294696085907283";"0.552003473739186";1;1;1;"89.2118973561431";"1847.10186625194";"38.4828926905132";"98.362962962963";"1847.96604938272";"36.2354938271605";"84.7206240858118";"1847.58849341785";"36.8200877620673"
"NPC_WT_rep1_new_Zfp_10kb_Airyscan_4y_12";2;"319.46544";1;1;1;"2.60674382344004";"5.22581458953585";"3.67819369705853";1;1;1;"152.067108856808";"2769.78384705423";"16.2083495903238";"127.303543098889";"2718.18429402433";"7.30433632998414";"44.4556873691556";"2695.72505233775";"16.7264480111654"
"NPC_WT_rep1_new_Zfp_10kb_Airyscan_4y_12";3;"1647.165856";10;6;4;"0.850415422273928";"1.1432619379375";"0.383056116234138";5;1;1;"982.434441245747";"2243.80554828579";"16.4038209892698";"979.017825311943";"2239.67201426025";"10.5258467023173";"970.976466688764";"2238.61120318197";"9.07126284388465"
"NPC_WT_rep1_new_Zfp_10kb_Airyscan_4y_12";3;"1647.165856";10;6;4;"3.3741821551483";"2.67634692397051";"0.746952670052127";6;2;2;"684.533333333333";"2093.27492063492";"15.0101587301587";"614.601779755284";"2126.23081201335";"24.6535038932147";"628.529288702929";"2122.66056485356";"21.2489539748954"
"NPC_WT_rep1_new_Zfp_10kb_Airyscan_4y_12";3;"1647.165856";10;6;4;"0.371662591501243";"0.696518397420763";"0.73527197509575";9;4;4;"346.757387247278";"2133.01632970451";"30.4618973561431";"338.038360483447";"2130.12979506043";"30.8638991066737";"338.886332882273";"2141.50311231394";"26.7450608930988"
"NPC_WT_rep1_new_Zfp_10kb_Airyscan_4y_12";4;"925.394624";3;3;3;"0.151906571004241";"0.266320863861516";"0.244355202966765";3;3;3;"650.785420098847";"536.19686985173";"42.0448929159802";"652.880520951302";"539.04020385051";"41.6460928652322";"650.055873925501";"537.300143266476";"40.1805157593123"
"NPC_WT_rep1_new_Zfp_10kb_Airyscan_4y_12";5;"333.3512";2;0;0;"NaN";"NaN";"NaN";NA;NA;NA;"NaN";"NaN";"NaN";"NaN";"NaN";"NaN";"NaN";"NaN";"NaN"
"NPC_WT_rep1_new_Zfp_10kb_Airyscan_4y_12";6;"441.559776";2;2;2;"0.772589706242587";"1.04467082872452";"0.315409486996237";1;2;1;"968.070598006645";"963.166112956811";"16.7425249169435";"957.944734098019";"948.231491136601";"14.7737226277372";"967.718232044199";"941.646408839779";"12.5156537753223"
"NPC_WT_rep1_new_Zfp_10kb_Airyscan_4y_12";6;"441.559776";2;2;2;"0.749514786333651";"0.872079195566179";"0.567585467047803";2;1;2;"1023.95741373951";"1146.27292508548";"17.8473733291887";"1012.65443592552";"1132.5569550931";"16.1516976998905";"1017.77944325482";"1126.81727337616";"15.6595289079229"
"NPC_WT_rep1_new_Zfp_10kb_Airyscan_4y_12";7;"179.981984";0;0;0;"NaN";"NaN";"NaN";NA;NA;NA;"NaN";"NaN";"NaN";"NaN";"NaN";"NaN";"NaN";"NaN";"NaN"
"NPC_WT_rep1_new_Zfp_10kb_Airyscan_4y_12";8;"313.853344";2;1;1;"0.53430445134393";"3.8615262929003";"3.64490813858663";1;1;1;"1147.09090909091";"1219.23402340234";"37.4239423942394";"1152.93564356436";"1229.67920792079";"35.729702970297";"1089.85431841831";"1284.28095733611";"25.2601456815817"
"NPC_WT_rep1_new_Zfp_10kb_Airyscan_4y_12";9;"680.496096";5;3;3;"0.247190040733528";"0.428722255712711";"0.283895796277913";2;2;2;"1273.71175602558";"2691.6197737334";"26.2611903590753";"1277.68878973787";"2693.28834355828";"24.9966536530954";"1275.80052493438";"2689.90354330709";"23.2979002624672"
"NPC_WT_rep1_new_Zfp_10kb_Airyscan_4y_12";9;"680.496096";5;3;3;"0.0568861503081253";"0.373393164200197";"0.415858459770807";4;3;3;"1243.8321048321";"2878.35708435708";"42.8959868959869";"1244.48281439547";"2878.67812373635";"43.2454508693894";"1246.10683139535";"2873.58575581395";"40.6976744186046"
"NPC_WT_rep1_new_Zfp_10kb_Airyscan_4y_12";10;"1769.536832";5;4;4;"0.275001994648983";"0.521675610774801";"0.451802111704469";2;1;2;"1245.61972891566";"30.0436746987952";"25.730421686747";"1242.10963356974";"33.1651891252955";"24.2960992907801";"1251.92577319588";"37.1618556701031";"23.180412371134"
"NPC_WT_rep1_new_Zfp_10kb_Airyscan_4y_12";10;"1769.536832";5;4;4;"0.384818285801035";"0.49354535236009";"0.136153634315654";4;3;4;"1553.22319474836";"188.636136292591";"37.0412628946546";"1551.62802231866";"187.460012399256";"34.3515189088655";"1553.44916403073";"186.66787166742";"33.5616809760506"
"NPC_WT_rep1_new_Zfp_10kb_Airyscan_4y_12";11;"355.508384";1;0;2;"NaN";"NaN";"NaN";NA;NA;NA;"NaN";"NaN";"NaN";"NaN";"NaN";"NaN";"NaN";"NaN";"NaN"
"NPC_WT_rep1_new_Zfp_10kb_Airyscan_4y_12";14;"496.141632";4;3;2;"0.844842553079362";"0.839812121030838";"0.854986231953282";2;2;1;"1687.15387481371";"710.678837555887";"36.1404619970194";"1706.3655394525";"702.718196457327";"37.195652173913";"1702.21370716511";"713.340186915888";"32.0305295950156"
"NPC_WT_rep1_new_Zfp_10kb_Airyscan_4y_12";15;"331.972704";2;2;1;"0.437542647916367";"3.00005185670117";"3.40708037050457";1;2;1;"1945.33086253369";"126.216981132075";"18.0047169811321";"1941.12032085561";"117.74064171123";"16.4378342245989";"1984.92848335388";"161.192971639951";"33.2145499383477"
"NPC_WT_rep1_new_Zfp_10kb_Airyscan_4y_12";16;"341.908";3;1;2;"0.187127996366782";"0.853633772269514";"0.78312617500932";2;1;2;"2161.04112405757";"2876.32693625771";"42.6244002741604";"2163.75584024115";"2875.32403918613";"41.5742275810098";"2163.96308084023";"2855.79376193507";"41.1877784850414"
"NPC_WT_rep1_new_Zfp_10kb_Airyscan_4y_12";17;"436.794624";2;2;4;"0.403537734128548";"1.05449783963346";"0.96789547703231";2;2;4;"2188.25424881033";"509.436437797417";"43.1583956492182";"2195.20864197531";"502.153703703704";"43.3333333333333";"2178.03107344633";"485.543314500942";"44.4227871939736"
"NPC_WT_rep1_new_Zfp_10kb_Airyscan_4y_12";18;"369.503008";0;2;2;"NaN";"NaN";"NaN";NA;NA;NA;"NaN";"NaN";"NaN";"NaN";"NaN";"NaN";"NaN";"NaN";"NaN"
"NPC_WT_rep1_new_Zfp_10kb_Airyscan_4y_12";19;"652.768256";2;1;3;"0.257056778615493";"0.251659861232956";"0.444448945740726";1;1;1;"2438.77862016679";"2477.63381349507";"14.4594389689158";"2436.61632270169";"2483.66416510319";"14.3142589118199";"2443.2108801956";"2475.36858190709";"13.3600244498778"
"NPC_WT_rep1_new_Zfp_10kb_Airyscan_4y_12";20;"442.34288";1;2;2;"0.539685723217217";"0.623105396985498";"0.222708458413713";1;2;2;"2538.16171749599";"286.399277688604";"38.2720706260032";"2530.26530612245";"292.479054779807";"35.6734693877551";"2534.02044293015";"295.249574105622";"34.8057921635434"
"NPC_WT_rep1_new_Zfp_10kb_Airyscan_4y_12";21;"206.177216";0;0;0;"NaN";"NaN";"NaN";NA;NA;NA;"NaN";"NaN";"NaN";"NaN";"NaN";"NaN";"NaN";"NaN";"NaN"
"NPC_WT_rep1_new_Zfp_10kb_Airyscan_4y_12";22;"229.675488";1;0;1;"NaN";"NaN";"NaN";NA;NA;NA;"NaN";"NaN";"NaN";"NaN";"NaN";"NaN";"NaN";"NaN";"NaN"
"NPC_WT_rep1_new_Zfp_10kb_Airyscan_4y_12";23;"273.55664";1;0;0;"NaN";"NaN";"NaN";NA;NA;NA;"NaN";"NaN";"NaN";"NaN";"NaN";"NaN";"NaN";"NaN";"NaN"
"NPC_WT_rep1_new_Zfp_10kb_Airyscan_4y_12";24;"293.029408";1;1;1;"0.484319594909061";"0.78576980076086";"0.326759131304868";1;1;1;"1024.11828571429";"1371.87142857143";"42.3074285714286";"1021.53103808033";"1363.46270213876";"39.9306207616067";"1019.92682926829";"1361.33510074231";"37.7242841993637"
"NPC_WT_rep1_new_Zfp_10kb_Airyscan_4y_12";25;"135.502528";1;0;1;"NaN";"NaN";"NaN";NA;NA;NA;"NaN";"NaN";"NaN";"NaN";"NaN";"NaN";"NaN";"NaN";"NaN"
"NPC_WT_rep1_new_Zfp_10kb_Airyscan_4y_13";1;"1120.570752";2;1;1;"0.321967787396258";"0.757459383933249";"0.831170784219091";2;1;1;"290.827450980392";"2715.01895424837";"28.0856209150327";"291.048442906574";"2707.11130334487";"27.6608996539792";"297.393470790378";"2718.98797250859";"23.139175257732"
"NPC_WT_rep1_new_Zfp_10kb_Airyscan_4y_13";2;"1305.93456";5;4;5;"0.518559888993746";"0.647424698443344";"0.447424412135724";4;3;1;"467.64966442953";"414.542281879195";"10.4501118568233";"463.040156709109";"404.555337904016";"8.48971596474045";"468.394584139265";"409.482914248872";"6.06254029658285"
"NPC_WT_rep1_new_Zfp_10kb_Airyscan_4y_13";2;"1305.93456";5;4;5;"0.3080834341137";"0.650325695156062";"0.624078039801404";5;4;5;"560.936786654961";"464.8007023705";"43.0614574187884";"560.4052";"472.0788";"42.3576";"571.840949033392";"467.101933216169";"39.6792618629174"
"NPC_WT_rep1_new_Zfp_10kb_Airyscan_4y_13";3;"613.604768";1;5;0;"NaN";"NaN";"NaN";NA;NA;NA;"NaN";"NaN";"NaN";"NaN";"NaN";"NaN";"NaN";"NaN";"NaN"
"NPC_WT_rep1_new_Zfp_10kb_Airyscan_4y_13";4;"187.914048";1;1;0;"NaN";"NaN";"NaN";NA;NA;NA;"NaN";"NaN";"NaN";"NaN";"NaN";"NaN";"NaN";"NaN";"NaN"
"NPC_WT_rep1_new_Zfp_10kb_Airyscan_4y_13";5;"1402.433984";7;6;4;"0.262944062693119";"0.729302569283094";"0.918138100886978";4;3;1;"1331.67702448211";"1479.60357815443";"29.469868173258";"1333.16699029126";"1477.80660194175";"31.2256310679612";"1339.90073917635";"1475.06230200634";"25.0052798310454"
"NPC_WT_rep1_new_Zfp_10kb_Airyscan_4y_13";5;"1402.433984";7;6;4;"0.393691283058577";"0.843645466292624";"0.843361859726393";5;4;2;"1255.15911686334";"1228.12828321279";"36.2245907879711";"1261.61603773585";"1223.8358490566";"34.4924528301887";"1250.22173595915";"1236.07804522247";"30.8242159008023"
"NPC_WT_rep1_new_Zfp_10kb_Airyscan_4y_13";5;"1402.433984";7;6;4;"0.52213476873534";"0.966542150125326";"0.452036437880403";7;6;4;"1359.73870967742";"1170.65483870968";"48.7752688172043";"1361.47157190635";"1168.11148272018";"45.1508732813081";"1364.39154411765";"1168.35723039216";"42.0324754901961"
"NPC_WT_rep1_new_Zfp_10kb_Airyscan_4y_13";6;"419.040608";2;2;1;"0.204604665951382";"0.423101419533053";"0.348129086260704";2;2;1;"1079.00979020979";"1599.88461538462";"27.4027972027972";"1079.29187071499";"1604.44074436827";"26.743388834476";"1075.12069851053";"1602.10888546482";"24.6651258346174"
"NPC_WT_rep1_new_Zfp_10kb_Airyscan_4y_13";7;"383.129824";2;0;1;"NaN";"NaN";"NaN";NA;NA;NA;"NaN";"NaN";"NaN";"NaN";"NaN";"NaN";"NaN";"NaN";"NaN"
"NPC_WT_rep1_new_Zfp_10kb_Airyscan_4y_13";10;"142.161376";1;1;0;"NaN";"NaN";"NaN";NA;NA;NA;"NaN";"NaN";"NaN";"NaN";"NaN";"NaN";"NaN";"NaN";"NaN"
"NPC_WT_rep1_new_Zfp_10kb_Airyscan_4y_13";11;"1075.040512";3;4;5;"0.601765799071888";"0.776315159914603";"0.597177292924691";1;3;4;"2459.42248346804";"1645.31594415871";"41.4357090374724";"2464.42288557214";"1631.13266998342";"41.5489220563847";"2462.22164412071";"1627.20291363163";"39.6118626430801"
"NPC_WT_rep1_new_Zfp_10kb_Airyscan_4y_13";11;"1075.040512";3;4;5;"4.58362907400571";"4.37066131101785";"0.325583510031107";2;2;3;"2634.9224433768";"1646.81365820178";"43.1365820178449";"2591.51159793814";"1744.81121134021";"31.555412371134";"2602.66208251473";"1739.15717092338";"29.2239685658153"
"NPC_WT_rep1_new_Zfp_10kb_Airyscan_4y_13";11;"1075.040512";3;4;5;"0.240918369342185";"0.40253824024645";"0.41820440875806";3;4;5;"2490.4633398383";"1593.97435182604";"47.5536660161695";"2488.42233417296";"1598.07892527288";"46.4374475230898";"2488.9394233884";"1588.65565273729";"45.1519274376417"
"NPC_WT_rep1_new_Zfp_10kb_Airyscan_4y_13";12;"663.2416";2;3;4;"0.310893716578541";"1.08847512791045";"1.30848231110334";1;1;1;"2664.93065693431";"1208.90342504211";"30.2521055586749";"2660.45134474328";"1202.99853300734";"30.920782396088";"2666.06713389893";"1221.22980450018";"23.3282921431206"
"NPC_WT_rep1_new_Zfp_10kb_Airyscan_4y_13";13;"317.676352";1;1;1;"2.96566065260517";"6.44712760103253";"3.74849296973132";1;1;1;"2630.89983305509";"2024.5734557596";"40.2061769616027";"2589.3359559402";"2066.37922895358";"27.3595594020456";"2521.76234567901";"2130.85141093474";"25.1622574955908"
"NPC_WT_rep1_new_Zfp_10kb_Airyscan_4y_13";14;"378.66528";2;2;2;"3.27161182963799";"3.17430835788672";"0.312200347064497";1;1;2;"2715.73309920983";"180.977172958736";"9.03511852502195";"2724.81450577664";"255.98973042362";"17.9807445442875";"2719.86947141316";"256.08953613808";"16.2556634304207"
"NPC_WT_rep1_new_Zfp_10kb_Airyscan_4y_13";15;"341.135648";1;1;1;"0.318772357971134";"0.296224259316978";"0.212754317085425";1;1;1;"1703.24618514751";"16.2009155645982";"17.0701932858596";"1710.86211832061";"14.7075381679389";"16.5529580152672";"1709.71368547419";"19.7581032412965";"16.8985594237695"
"NPC_WT_rep1_new_Zfp_10kb_Airyscan_4y_14";1;"67.307296";0;0;0;"NaN";"NaN";"NaN";NA;NA;NA;"NaN";"NaN";"NaN";"NaN";"NaN";"NaN";"NaN";"NaN";"NaN"
"NPC_WT_rep1_new_Zfp_10kb_Airyscan_4y_14";2;"681.313024";4;4;2;"0.80917881033495";"0.625373921678552";"0.583396263872513";2;2;1;"384.078973346496";"380.711747285291";"41.4797630799605";"380.351020408163";"386.938775510204";"36.084693877551";"391.036600496278";"378.406327543424";"37.5341191066998"
"NPC_WT_rep1_new_Zfp_10kb_Airyscan_4y_14";4;"464.762368";6;1;0;"NaN";"NaN";"NaN";NA;NA;NA;"NaN";"NaN";"NaN";"NaN";"NaN";"NaN";"NaN";"NaN";"NaN"
"NPC_WT_rep1_new_Zfp_10kb_Airyscan_4y_14";5;"90.934816";0;0;0;"NaN";"NaN";"NaN";NA;NA;NA;"NaN";"NaN";"NaN";"NaN";"NaN";"NaN";"NaN";"NaN";"NaN"
"NPC_WT_rep1_new_Zfp_10kb_Airyscan_4y_14";6;"2600.273312";5;10;13;"2.74664019454393";"1.85630004533912";"0.390304866217279";4;8;11;"1229.65535248042";"2612.56309834639";"27.5378590078329";"1238.43760683761";"2679.46239316239";"31.1786324786325";"1241.84662998624";"2653.35488308116";"22.2613480055021"
"NPC_WT_rep1_new_Zfp_10kb_Airyscan_4y_14";6;"2600.273312";5;10;13;"0.360806622987798";"0.633658442491385";"1.63331249211428";5;7;12;"901.917682926829";"2587.74085365854";"30.1341463414634";"898.198088618593";"2591.97827975673";"28.1225021720243";"904.480662983425";"2594.75217048145";"26.1420678768745"
"NPC_WT_rep1_new_Zfp_10kb_Airyscan_4y_14";7;"1175.6696";10;4;7;"0.0496134435465437";"0.291444553133473";"0.267145669778114";5;2;1;"940.708176100629";"1550.06446540881";"25.0606918238994";"940.677210639827";"1551";"24.8281811646298";"938.696879008123";"1549.29884566054";"23.0718255664814"
"NPC_WT_rep1_new_Zfp_10kb_Airyscan_4y_14";7;"1175.6696";10;4;7;"0.911618286177065";"0.384634125588713";"0.830613861897574";6;3;4;"1152.34647651007";"1574.6644295302";"34.3313758389262";"1158.55938284894";"1561.22353785432";"39.281306063868";"1161.02021018593";"1570.64025869038";"34.0404203718674"
"NPC_WT_rep1_new_Zfp_10kb_Airyscan_4y_14";8;"450.543296";4;2;2;"0.609865587868623";"0.556765780263432";"0.329127962515182";2;1;1;"892.691594561187";"287.042027194067";"29.6761433868974";"902.379609544469";"276.586225596529";"28.1301518438178";"901.660408163265";"283.381224489796";"26.8204081632653"
"NPC_WT_rep1_new_Zfp_10kb_Airyscan_4y_14";9;"398.91936";1;1;1;"0.161734560179665";"0.428266541261601";"0.432986004877268";1;1;1;"1037.77455646906";"963.298572046733";"23.728688879273";"1037.29205921938";"966.407806191117";"23.0031404217138";"1042.26046025105";"959.066945606695";"21.2280334728033"
"NPC_WT_rep1_new_Zfp_10kb_Airyscan_4y_14";10;"175.536704";1;0;1;"NaN";"NaN";"NaN";NA;NA;NA;"NaN";"NaN";"NaN";"NaN";"NaN";"NaN";"NaN";"NaN";"NaN"
"NPC_WT_rep1_new_Zfp_10kb_Airyscan_4y_14";11;"404.83072";3;2;2;"0.323476046138258";"0.55682979610857";"0.433630148075172";3;2;2;"1280.66030534351";"389.571973827699";"35.6395856052345";"1273.47574421169";"391.707276736494";"36.5071664829107";"1268.23607427056";"389.860079575597";"33.8474801061008"
"NPC_WT_rep1_new_Zfp_10kb_Airyscan_4y_14";12;"78.530144";0;0;1;"NaN";"NaN";"NaN";NA;NA;NA;"NaN";"NaN";"NaN";"NaN";"NaN";"NaN";"NaN";"NaN";"NaN"
"NPC_WT_rep1_new_Zfp_10kb_Airyscan_4y_14";13;"461.382432";2;3;3;"0.0705369538543484";"0.235016303410143";"0.165568667305102";2;3;3;"1401.88151398793";"1425.78826110806";"33.9904004388371";"1401.03605150215";"1425.30472103004";"33.5703862660944";"1398.83151892172";"1423.47122861586";"32.7174701918092"
"NPC_WT_rep1_new_Zfp_10kb_Airyscan_4y_14";14;"86.19744";0;0;0;"NaN";"NaN";"NaN";NA;NA;NA;"NaN";"NaN";"NaN";"NaN";"NaN";"NaN";"NaN";"NaN";"NaN"
"NPC_WT_rep1_new_Zfp_10kb_Airyscan_4y_14";15;"1557.823456";8;9;9;"0.670296638153552";"0.649956706800357";"0.218638599703825";3;1;3;"1660.60606060606";"772.759018759019";"10.1897546897547";"1666.35974474874";"759.037490029248";"7.9872374368519";"1661.46408839779";"757.588397790055";"8.54488950276243"
"NPC_WT_rep1_new_Zfp_10kb_Airyscan_4y_14";15;"1557.823456";8;9;9;"0.307486939570896";"0.48750300625204";"0.725286518749211";4;5;5;"1923.04726283577";"377.180210812649";"31.2917375042503";"1918.03445945946";"373.69527027027";"32.6263513513514";"1923.57955936353";"377.480416156671";"27.8139534883721"
"NPC_WT_rep1_new_Zfp_10kb_Airyscan_4y_14";15;"1557.823456";8;9;9;"0.172782132836442";"0.549776282078202";"0.516028047052354";6;8;8;"1706.59886605245";"571.404323175053";"45.607370659107";"1707.98981670061";"567.552749490835";"45.2146639511202";"1706.30553558591";"570.857656362329";"41.6843997124371"
"NPC_WT_rep1_new_Zfp_10kb_Airyscan_4y_14";15;"1557.823456";8;9;9;"0.35642442393991";"0.612580474237231";"0.36592007529372";7;9;9;"1721.54615756404";"552.772353794103";"46.5345577573707";"1722.96933667084";"553.861076345432";"44.040675844806";"1715.7684729064";"556.617171006334";"42.63406052076"
"NPC_WT_rep1_new_Zfp_10kb_Airyscan_4y_14";16;"1614.70736";7;6;3;"0.345614561591126";"1.1237638704964";"1.08298572758375";4;3;3;"1860.84092606423";"939.942494398805";"31.4548170276326";"1862.49262295082";"938.956830601093";"29.048087431694";"1884.84315352697";"925.405809128631";"31.0655601659751"
"NPC_WT_rep1_new_Zfp_10kb_Airyscan_4y_14";17;"531.091904";4;1;2;"0.475946775636624";"0.695961915595179";"0.456383987366275";4;1;1;"2070.79166666667";"1427.73822463768";"40.9574275362319";"2070.42552471225";"1424.6316858497";"37.6773865944482";"2061.00312989045";"1430.50078247261";"36.9241001564945"
"NPC_WT_rep1_new_Zfp_10kb_Airyscan_4y_14";18;"669.695488";3;2;3;"0.233398238898521";"0.522113553583296";"0.340806562782379";2;2;3;"2537.15499779833";"2054.90752972259";"25.8745046235139";"2532.68746829021";"2054.44596651446";"24.8102486047692";"2529.9820376914";"2059.87485276796";"23.1007067137809"
"NPC_WT_rep1_new_Zfp_10kb_Airyscan_4y_14";19;"686.787808";2;2;2;"0.137909987227056";"0.633609205114748";"0.532342458448163";1;1;1;"2614.13382737576";"833.414123801221";"19.0248474280732";"2615.95427631579";"832.146710526316";"18.2707236842105";"2613.05781584582";"823.225553176303";"15.5731620271235"
"NPC_WT_rep1_new_Zfp_10kb_Airyscan_4y_14";19;"686.787808";2;2;2;"0.67375101762168";"0.973773785214373";"0.464355611876745";2;2;2;"2501.09820254274";"660.487505480053";"25.6948706707584";"2501.4600113443";"655.412081678956";"21.1072036301758";"2501.53739930955";"663.764672036824";"18.8037974683544"
"NPC_WT_rep1_new_Zfp_10kb_Airyscan_4y_14";21;"246.800736";1;0;0;"NaN";"NaN";"NaN";NA;NA;NA;"NaN";"NaN";"NaN";"NaN";"NaN";"NaN";"NaN";"NaN";"NaN"
"NPC_WT_rep1_new_Zfp_10kb_Airyscan_4y_14";22;"233.096192";1;1;1;"3.41189030034092";"3.13556404905044";"0.648483153002033";1;1;1;"2808.94201424212";"2158.31841302136";"33.5920651068159";"2877.55277697005";"2128.40215178831";"45.2791509159639";"2872.67168885774";"2121.55045550105";"41.3195515066573"
"NPC_WT_rep1_new_Zfp_10kb_Airyscan_4y_14";23;"134.853376";1;1;1;"0.262609912394587";"0.148093940894171";"0.197301879085571";1;1;1;"1630.29046898638";"801.48008068583";"45.7039838628341";"1628.7609375";"806.2328125";"44.4859375";"1628.69459623558";"801.387978142076";"44.7498482088646"
"NPC_WT_rep1_new_Zfp_10kb_Airyscan_4y_15";1;"342.095488";2;1;2;"1.72169958175826";"1.97097184976411";"0.529012623866708";2;1;2;"75.5171606864275";"1537.50624024961";"43.9914196567863";"115.886035776111";"1547.15724177726";"40.7354298903635";"118.907973174367";"1541.56557377049";"37.4217585692996"
"NPC_WT_rep1_new_Zfp_10kb_Airyscan_4y_15";3;"508.038496";3;2;2;"0.350398240360559";"0.319763587779545";"0.204901684280921";1;1;2;"775.729055258467";"1253.53966131907";"9.5102495543672";"772.389076848719";"1261.06959884002";"8.6587723537941";"776.121495327103";"1259.00734312417";"7.84779706275033"
"NPC_WT_rep1_new_Zfp_10kb_Airyscan_4y_15";3;"508.038496";3;2;2;"0.144870068628976";"0.709723747403694";"0.784150238599477";2;2;1;"695.200584795322";"1150.52865497076";"9.50701754385965";"696.780450200432";"1151.01603453592";"10.4276904101141";"699.217404487568";"1162.44360218314";"5.93026076409945"
"NPC_WT_rep1_new_Zfp_10kb_Airyscan_4y_15";4;"668.81248";1;0;0;"NaN";"NaN";"NaN";NA;NA;NA;"NaN";"NaN";"NaN";"NaN";"NaN";"NaN";"NaN";"NaN";"NaN"
"NPC_WT_rep1_new_Zfp_10kb_Airyscan_4y_15";5;"1383.740736";6;2;3;"0.367324020961146";"0.196736012440799";"0.23802215397234";3;2;1;"994.798002219756";"1302.78098409175";"18.6474287828339";"998.581920903955";"1295.16195856874";"19.635593220339";"998.877723120169";"1300.93113141251";"19.2276879831342"
"NPC_WT_rep1_new_Zfp_10kb_Airyscan_4y_15";7;"3699.34992";10;10;7;"0.399680322526935";"0.468576245667138";"0.769308415144781";1;2;1;"1674.08264669164";"2112.83395755306";"11.2716604244694";"1682.24218181818";"2118.59127272727";"11.1745454545455";"1676.359375";"2104.16038602941";"9.11810661764706"
"NPC_WT_rep1_new_Zfp_10kb_Airyscan_4y_15";7;"3699.34992";10;10;7;"0.814154718244167";"0.172267109842486";"0.686629367735307";2;1;2;"1714.41451766953";"2143.31391276663";"13.5469595670169";"1709.84118926759";"2161.10732414793";"11.0437515107566";"1710.44185171246";"2143.24313135115";"13.0722619495672"
"NPC_WT_rep1_new_Zfp_10kb_Airyscan_4y_15";7;"3699.34992";10;10;7;"5.65018490709532";"0.548254810089911";"0.22096819308421";5;10;4;"1242.76013513514";"2044.08445945946";"26.0219594594595";"1291.14405711886";"1947.5056698866";"52.0272994540109";"1235.39041994751";"2041.44947506562";"22.8070866141732"
"NPC_WT_rep1_new_Zfp_10kb_Airyscan_4y_15";7;"3699.34992";10;10;7;"0.346773838601158";"0.566185454800597";"5.98574464671705";9;8;7;"1748.00650650651";"1947.76976976977";"50.4454454454454";"1746.92692692693";"1949.32032032032";"48.028028028028";"1746.17226528854";"1949.47631352283";"46.4651162790698"
"NPC_WT_rep1_new_Zfp_10kb_Airyscan_4y_15";8;"555.46512";5;3;2;"0.166547121448588";"0.698183683325736";"0.662203160610026";2;3;2;"1534.94990488269";"219.631578947368";"22.4958782498415";"1537.14990138067";"216.14516765286";"22.3289940828402";"1544.45295149036";"221.193454120397";"18.3366452367037"
"NPC_WT_rep1_new_Zfp_10kb_Airyscan_4y_15";9;"375.9";2;1;0;"NaN";"NaN";"NaN";NA;NA;NA;"NaN";"NaN";"NaN";"NaN";"NaN";"NaN";"NaN";"NaN";"NaN"
"NPC_WT_rep1_new_Zfp_10kb_Airyscan_4y_15";10;"700.269696";1;2;3;"0.567494217152752";"0.679478581591073";"0.293495772142794";1;1;1;"1909.53596287703";"2272.0464037123";"13.1132250580046";"1919.94806483626";"2268.77836586173";"10.5229904068806";"1915.89416846652";"2266.80237580994";"8.86933045356371"
"NPC_WT_rep1_new_Zfp_10kb_Airyscan_4y_15";11;"417.625376";1;1;2;"0.227859071720836";"0.358111895311763";"0.306567608672546";1;1;2;"1936.83426791277";"543.401246105919";"42.0641744548287";"1935.67386326464";"543.511939810272";"40.4710500490677";"1941.45703125";"548.5400390625";"40.4384765625"
"NPC_WT_rep1_new_Zfp_10kb_Airyscan_4y_15";12;"343.41216";1;2;0;"NaN";"NaN";"NaN";NA;NA;NA;"NaN";"NaN";"NaN";"NaN";"NaN";"NaN";"NaN";"NaN";"NaN"
"NPC_WT_rep1_new_Zfp_10kb_Airyscan_4y_15";14;"329.396928";1;2;1;"0.605580731636155";"0.706440389550286";"0.313724374928095";1;2;1;"2514.37918486172";"1555.00909752547";"30.6859534206696";"2501.69687358405";"1558.99501585863";"28.6162211146353";"2505.27662895045";"1560.78462738978";"26.6890362856028"
"NPC_WT_rep1_new_Zfp_10kb_Airyscan_4y_15";15;"368.12272";2;2;1;"0.728600513574109";"0.835157121211613";"0.238198940948591";1;1;1;"2556.2797311272";"2262.76473629783";"34.7569803516029";"2552.02394715111";"2257.13129644922";"29.9595375722543";"2549.3021060276";"2261.59404502542";"29.1445170660857"
"NPC_WT_rep1_new_Zfp_10kb_Airyscan_4y_15";16;"137.590208";1;1;1;"4.02940056374567";"2.6019072353381";"3.9764660425539";1;1;1;"2049.14420358153";"368.78699340245";"7.39868049010368";"2112.57775847089";"409.947002606429";"26.4144222415291";"2020.62445887446";"419.03354978355";"15.9372294372294"
"NPC_WT_rep1_new_Zfp_10kb_Airyscan_4y_15";17;"265.621216";0;0;0;"NaN";"NaN";"NaN";NA;NA;NA;"NaN";"NaN";"NaN";"NaN";"NaN";"NaN";"NaN";"NaN";"NaN"
"NPC_WT_rep3_new_Zfp_10kb_Airyscan_4y_01";1;"294.322336";1;1;2;"1.11937725163796";"0.489663638320811";"0.758875147694343";1;1;1;"229.703440538519";"537.554225878833";"21.520942408377";"248.623890532544";"541.075813609467";"15.7163461538462";"231.690513219285";"539.228227060653";"18.103032659409"
"NPC_WT_rep3_new_Zfp_10kb_Airyscan_4y_01";2;"633.788512";3;3;3;"0.589591528908909";"0.977301742161095";"0.582041935995238";1;1;1;"203.59229390681";"985.48835125448";"5.38440860215054";"210.071944809461";"975.84691195795";"7.97667542706965";"202.257123002085";"963.730136668983";"8.53694695390317"
"NPC_WT_rep3_new_Zfp_10kb_Airyscan_4y_01";2;"633.788512";3;3;3;"0.706345851127482";"0.767510386698071";"0.507252545235595";2;2;2;"260.828306264501";"791.00309358082";"31.9914926527456";"251.0907504363";"790.883071553229";"27.782722513089";"262.361641896674";"786.545647558386";"26.6772823779193"
"NPC_WT_rep3_new_Zfp_10kb_Airyscan_4y_01";2;"633.788512";3;3;3;"0.354600372888397";"0.596847327908545";"0.47259836216795";3;3;3;"274.695481335953";"803.247544204322";"37.7151277013752";"274.722619702807";"811.222894881673";"36.6092460099064";"274.92210259658";"806.291956934769";"33.5421152628246"
"NPC_WT_rep3_new_Zfp_10kb_Airyscan_4y_01";3;"316.87264";1;2;2;"0.365561454035691";"0.558017553297455";"0.216572731039553";1;1;1;"300.933267909715";"1281.05201177625";"7.62021589793916";"305.511729405346";"1278.76813966176";"5.45662847790507";"308.880697050938";"1280.47788203753";"4.3485254691689"
"NPC_WT_rep3_new_Zfp_10kb_Airyscan_4y_01";4;"57.394176";0;0;0;"NaN";"NaN";"NaN";NA;NA;NA;"NaN";"NaN";"NaN";"NaN";"NaN";"NaN";"NaN";"NaN";"NaN"
"NPC_WT_rep3_new_Zfp_10kb_Airyscan_4y_01";5;"175.590464";1;0;1;"NaN";"NaN";"NaN";NA;NA;NA;"NaN";"NaN";"NaN";"NaN";"NaN";"NaN";"NaN";"NaN";"NaN"
"NPC_WT_rep3_new_Zfp_10kb_Airyscan_4y_01";7;"203.035616";1;2;1;"3.41254896994433";"3.10726660450404";"2.4542803861962";1;1;1;"595.621253405995";"2840.1280653951";"8.78201634877384";"571.658291457286";"2758.8040201005";"11.501675041876";"598.206196581197";"2787.32371794872";"25.0438034188034"
"NPC_WT_rep3_new_Zfp_10kb_Airyscan_4y_01";8;"1227.358944";4;5;4;"0.474039640396732";"0.51591320277236";"0.649938492116174";2;3;2;"771.00946891725";"1545.24042815974";"20.3915191436805";"763.550579557429";"1548.13145416228";"17.8933087460485";"778.355764917003";"1541.54374158816";"17.552714221624"
"NPC_WT_rep3_new_Zfp_10kb_Airyscan_4y_01";8;"1227.358944";4;5;4;"0.383976739412493";"0.488067424546318";"0.681430407990712";4;5;4;"600.026112759644";"1429.46290801187";"43.2367952522255";"597.036031589339";"1432.67867719645";"45.6757156959526";"592.115619788772";"1434.74541411896";"41.053362979433"
"NPC_WT_rep3_new_Zfp_10kb_Airyscan_4y_01";9;"611.220736";2;4;3;"0.71475420603962";"0.920550599717184";"0.355764177724222";2;1;1;"999.357191087103";"828.910871033086";"11.3065496286293";"995.674620390456";"822.655820679682";"6.6413593637021";"996.578137651822";"828.642105263158";"4.77975708502024"
"NPC_WT_rep3_new_Zfp_10kb_Airyscan_4y_01";10;"290.985408";1;1;0;"NaN";"NaN";"NaN";NA;NA;NA;"NaN";"NaN";"NaN";"NaN";"NaN";"NaN";"NaN";"NaN";"NaN"
"NPC_WT_rep3_new_Zfp_10kb_Airyscan_4y_01";11;"583.138976";3;3;3;"0.149281240506587";"1.01908719707124";"0.87648310920903";1;1;1;"1249.78997289973";"1324.64566395664";"16.7222222222222";"1249.79399343031";"1326.71234162365";"15.8343500703895";"1247.60171535781";"1332.69820423479";"9.84454569820423"
"NPC_WT_rep3_new_Zfp_10kb_Airyscan_4y_01";11;"583.138976";3;3;3;"0.193161382799884";"1.42185819440306";"0.114533002124704";2;3;2;"1135.0197272991";"1528.17435451117";"25.5886277922831";"1134.33463988241";"1529.63939245468";"24.2885840274375";"1163.03980099502";"1539.94882729211";"20.3219616204691"
"NPC_WT_rep3_new_Zfp_10kb_Airyscan_4y_01";11;"583.138976";3;3;3;"0.597550517570573";"0.528179316522688";"1.34045566242638";3;2;3;"1143.4331797235";"1435.40804356933";"24.5077503142019";"1146.71960646521";"1448.82080112439";"22.8798313422347";"1148.20452640402";"1446.37468566639";"22.9086336965633"
"NPC_WT_rep3_new_Zfp_10kb_Airyscan_4y_01";12;"173.82848";1;1;0;"NaN";"NaN";"NaN";NA;NA;NA;"NaN";"NaN";"NaN";"NaN";"NaN";"NaN";"NaN";"NaN";"NaN"
"NPC_WT_rep3_new_Zfp_10kb_Airyscan_4y_01";13;"359.128672";1;1;1;"5.41054592739072";"0.73720767675246";"5.29168444973208";1;1;1;"1606.58803563852";"2816.12049215104";"21.2100127280441";"1571.10093549975";"2691.50664697193";"10.1137370753323";"1605.49064748201";"2817.59532374101";"15.9705035971223"
"NPC_WT_rep3_new_Zfp_10kb_Airyscan_4y_01";14;"349.966176";1;1;2;"0.0828906410383067";"0.254420129595006";"0.309888162166336";1;1;1;"1719.95829042224";"1586.81771369722";"22.5082389289392";"1719.98837209302";"1584.96756425949";"22.7747858017136";"1719.47058823529";"1587.77506213753";"20.7170671085336"
"NPC_WT_rep3_new_Zfp_10kb_Airyscan_4y_01";15;"2371.24496";8;11;6;"0.251670395157748";"0.858757650622766";"0.865132132365415";1;2;1;"2200.31498470948";"2111.53287461774";"11.0733944954128";"2204.98645598194";"2110.52069224981";"9.90443942814146";"2188.06453488372";"2109.71860465116";"6.06279069767442"
"NPC_WT_rep3_new_Zfp_10kb_Airyscan_4y_01";15;"2371.24496";8;11;6;"0.326673819498872";"0.549277094003939";"0.822995203857498";2;3;2;"2466.88006756757";"2100.78378378378";"11.6554054054054";"2466.51572926597";"2104.82650142993";"13.6801715919924";"2469.17318435754";"2103.46717877095";"7.86382681564246"
"NPC_WT_rep3_new_Zfp_10kb_Airyscan_4y_01";15;"2371.24496";8;11;6;"0.334639498286769";"0.320084004791692";"0.573341450542561";3;5;3;"2447.50438596491";"2529.55701754386";"15.3684210526316";"2443.56592386258";"2522.80687093779";"16.2214484679666";"2448.60016764459";"2530.74182732607";"13.1290863369656"
"NPC_WT_rep3_new_Zfp_10kb_Airyscan_4y_01";16;"282.527168";1;0;1;"NaN";"NaN";"NaN";NA;NA;NA;"NaN";"NaN";"NaN";"NaN";"NaN";"NaN";"NaN";"NaN";"NaN"
"NPC_WT_rep3_new_Zfp_10kb_Airyscan_4y_01";17;"97.959456";0;0;0;"NaN";"NaN";"NaN";NA;NA;NA;"NaN";"NaN";"NaN";"NaN";"NaN";"NaN";"NaN";"NaN";"NaN"
"NPC_WT_rep3_new_Zfp_10kb_Airyscan_4y_01";18;"164.755584";0;0;2;"NaN";"NaN";"NaN";NA;NA;NA;"NaN";"NaN";"NaN";"NaN";"NaN";"NaN";"NaN";"NaN";"NaN"
"NPC_WT_rep3_new_Zfp_10kb_Airyscan_4y_01";19;"337.848224";2;2;0;"NaN";"NaN";"NaN";NA;NA;NA;"NaN";"NaN";"NaN";"NaN";"NaN";"NaN";"NaN";"NaN";"NaN"
"NPC_WT_rep3_new_Zfp_10kb_Airyscan_4y_01";20;"83.063904";0;1;0;"NaN";"NaN";"NaN";NA;NA;NA;"NaN";"NaN";"NaN";"NaN";"NaN";"NaN";"NaN";"NaN";"NaN"
"NPC_WT_rep3_new_Zfp_10kb_Airyscan_4y_02";1;"511.67312";4;3;3;"0.0925357213721578";"0.931864622286676";"0.845525770494542";2;1;1;"122.703148425787";"2238.2263868066";"46.4670164917541";"123.398659966499";"2240.2099385818";"46.1909547738693";"136.675905230219";"2255.73267769334";"44.6370138578453"
"NPC_WT_rep3_new_Zfp_10kb_Airyscan_4y_02";1;"511.67312";4;3;3;"0.574037174905832";"0.454221887849531";"0.752995699856103";4;3;3;"177.935236004391";"2241.95938529089";"53.2667398463227";"175.244444444444";"2255.89898989899";"52.6676767676768";"168.339399454049";"2238.64331210191";"51.8134667879891"
"NPC_WT_rep3_new_Zfp_10kb_Airyscan_4y_02";2;"366.70256";1;2;2;"0.44624054898359";"0.383039233111916";"0.249271797648905";1;1;1;"515.97367321354";"2247.15085666527";"29.7221061429168";"525.708860759494";"2242.52294303797";"30.5435126582278";"524.563962170234";"2244.18715778995";"28.8591338974614"
"NPC_WT_rep3_new_Zfp_10kb_Airyscan_4y_02";3;"1082.800096";7;5;3;"0.362763374100253";"0.28684918545545";"0.177588490666558";1;2;1;"909.349278663629";"226.171602126044";"4.58694001518603";"916.641434262948";"231.221513944223";"4.04701195219123";"915.587456445993";"227.178397212544";"3.61811846689895"
"NPC_WT_rep3_new_Zfp_10kb_Airyscan_4y_02";3;"1082.800096";7;5;3;"0.130089764370493";"0.302991533270921";"0.252586742533504";4;3;3;"919.117735849057";"509.214339622641";"14.5411320754717";"921.814641744548";"509.770638629283";"14.0467289719626";"919.239772138788";"512.171413775246";"12.5489383738995"
"NPC_WT_rep3_new_Zfp_10kb_Airyscan_4y_02";4;"844.018112";4;4;2;"4.13147017514782";"4.21033955950232";"0.98011481576165";4;2;1;"1279.23223753977";"1715.05047720042";"51.5550371155885";"1287.03825431034";"1816.00646551724";"45.7338362068966";"1270.11494845361";"1812.8587628866";"40.7515463917526"
"NPC_WT_rep3_new_Zfp_10kb_Airyscan_4y_02";5;"119.44576";1;0;0;"NaN";"NaN";"NaN";NA;NA;NA;"NaN";"NaN";"NaN";"NaN";"NaN";"NaN";"NaN";"NaN";"NaN"
"NPC_WT_rep3_new_Zfp_10kb_Airyscan_4y_02";6;"955.94352";2;2;2;"0.321403881936664";"5.77127529767301";"5.61885965507802";2;1;1;"1575.17631387745";"189.507871155243";"10.6236376846694";"1570.4575389948";"187.285095320624";"8.87738301559792";"1512.27195945946";"59.6722972972973";"11.120777027027"
"NPC_WT_rep3_new_Zfp_10kb_Airyscan_4y_02";7;"498.751904";1;1;1;"0.327089886827186";"6.61496290450349";"6.85842022542485";1;1;1;"1568.35889292196";"1225.31442831216";"27.7699637023593";"1568.00976800977";"1218.11782661783";"28.8748473748474";"1465.00217627856";"1349.85745375408";"18.0598476605005"
"NPC_WT_rep3_new_Zfp_10kb_Airyscan_4y_02";8;"325.051776";1;2;2;"1.43387955512231";"1.00242619204256";"0.979457946891315";1;2;2;"1529.28710124827";"1937.5145631068";"37.8148404993065";"1526.54898785425";"1936.45101214575";"27.6072874493927";"1517.30990727184";"1950.40019521718";"32.7154709614446"
"NPC_WT_rep3_new_Zfp_10kb_Airyscan_4y_02";9;"550.766496";2;2;4;"0.425611000029834";"0.459179808462657";"0.641651458181461";1;1;4;"1677.55881394591";"2748.69957640925";"36.5832518735745";"1680.07339449541";"2756.59201295197";"34.6751214247167";"1683.75";"2741";"34.9132390745501"
"NPC_WT_rep3_new_Zfp_10kb_Airyscan_4y_02";9;"550.766496";2;2;4;"0.800206575942282";"0.787894105322172";"0.400746375205481";2;2;3;"1622.2198246797";"2582.91031692515";"35.5151719487525";"1633.62346688471";"2598.43008994276";"37.0617334423549";"1636.18418604651";"2596.20930232558";"34.3680620155039"
"NPC_WT_rep3_new_Zfp_10kb_Airyscan_4y_02";10;"334.638304";2;0;2;"NaN";"NaN";"NaN";NA;NA;NA;"NaN";"NaN";"NaN";"NaN";"NaN";"NaN";"NaN";"NaN";"NaN"
"NPC_WT_rep3_new_Zfp_10kb_Airyscan_4y_02";11;"1884.808352";5;7;7;"0.290496109304135";"0.677007980648335";"0.524242077836479";2;1;3;"2838.85596804511";"2418.39896616541";"14.9539473684211";"2840.76142912025";"2420.79024202843";"13.0718401844026";"2831.97729115977";"2416.58394160584";"10.566098945661"
"NPC_WT_rep3_new_Zfp_10kb_Airyscan_4y_02";11;"1884.808352";5;7;7;"0.745851701687007";"0.758836707981857";"0.492361835518575";3;5;5;"2690.86746987952";"2251.42943201377";"24.6781411359725";"2682.02551574376";"2264.54234527687";"21.8561346362649";"2685.48715890851";"2255.68138041734";"19.6243980738363"
"NPC_WT_rep3_new_Zfp_10kb_Airyscan_4y_02";11;"1884.808352";5;7;7;"4.44947945295776";"4.41123623526752";"0.382438287058851";4;7;7;"2474.71087928465";"2848.63139592648";"33.2339791356185";"2570.08253549026";"2814.36216573126";"46.3380653681083";"2568.32360515021";"2813.71244635193";"46.5716738197425"
"NPC_WT_rep3_new_Zfp_10kb_Airyscan_4y_02";11;"1884.808352";5;7;7;"0.420685126467753";"0.513944033580181";"0.0818240976171198";5;6;6;"2835.44946236559";"2380.33691756272";"42.568458781362";"2827.91351098644";"2373.0074801309";"42.6582515194016";"2825.96901811249";"2377.16682554814";"40.2621544327931"
"NPC_WT_rep3_new_Zfp_10kb_Airyscan_4y_02";12;"582.547392";1;3;3;"1.50037489583998";"1.68848403400321";"0.399136014728256";1;1;1;"2106.99961671138";"2602.91720965887";"35.4549635875814";"2117.39789330615";"2629.17023445464";"28.4006116207951";"2115.96635410921";"2626.14147821291";"25.7151130722559"
"NPC_WT_rep3_new_Zfp_10kb_Airyscan_4y_02";13;"357.676704";1;2;2;"0.433905913576591";"0.867966858331166";"0.441443744642647";1;1;1;"2566.04327731092";"610.064705882353";"14.0819327731092";"2564.76985294118";"604.975735294118";"11.3691176470588";"2560.84171403585";"600.902492348054";"8.66200262352427"
"NPC_WT_rep3_new_Zfp_10kb_Airyscan_4y_02";15;"220.813376";0;0;0;"NaN";"NaN";"NaN";NA;NA;NA;"NaN";"NaN";"NaN";"NaN";"NaN";"NaN";"NaN";"NaN";"NaN"
"NPC_WT_rep3_new_Zfp_10kb_Airyscan_4y_02";16;"123.252192";2;0;0;"NaN";"NaN";"NaN";NA;NA;NA;"NaN";"NaN";"NaN";"NaN";"NaN";"NaN";"NaN";"NaN";"NaN"
"NPC_WT_rep3_new_Zfp_10kb_Airyscan_4y_03";2;"77.847616";0;0;0;"NaN";"NaN";"NaN";NA;NA;NA;"NaN";"NaN";"NaN";"NaN";"NaN";"NaN";"NaN";"NaN";"NaN"
"NPC_WT_rep3_new_Zfp_10kb_Airyscan_4y_03";3;"938.323456";6;3;3;"0.173001138296124";"0.236328239657607";"0.272265967694358";1;1;1;"260.343729263437";"348.223623092236";"5.96615792966158";"257.725380304243";"350.048038430745";"5.13210568454764";"264.415573770492";"349.550819672131";"4.80327868852459"
"NPC_WT_rep3_new_Zfp_10kb_Airyscan_4y_03";3;"938.323456";6;3;3;"0.554577920986727";"0.737262976729126";"0.373453356117825";6;3;3;"619.530766010883";"335.217664294684";"49.2122226873169";"619.811963445029";"348.524231514816";"48.1027416228192";"621.810559006211";"348.09062676454";"45.5"
"NPC_WT_rep3_new_Zfp_10kb_Airyscan_4y_03";4;"387.501856";3;1;1;"0.746379267797213";"0.907271101633403";"0.262107139334969";1;1;1;"348.538669064748";"586.257643884892";"4.74865107913669";"362.389669234255";"598.343452650657";"5.66379700951518";"367.0336996337";"599.321611721612";"4.37289377289377"
"NPC_WT_rep3_new_Zfp_10kb_Airyscan_4y_03";5;"328.223616";2;2;3;"1.71829933584048";"1.8695476370699";"2.83066105901188";2;2;1;"375.882854578097";"1725.00314183124";"13.1786355475763";"334.93093385214";"1712.97568093385";"11.7898832684825";"373.686810943242";"1771.51735402205";"14.3254389546754"
"NPC_WT_rep3_new_Zfp_10kb_Airyscan_4y_03";6;"328.448512";1;1;1;"0.436254561290718";"0.0654023415505667";"0.452091309640128";1;1;1;"458.886610373945";"924.569360675513";"21.0233212706072";"459.733428367783";"917.764789736279";"18.600142551675";"457.262216104611";"924.585340674467";"21.0763936682725"
"NPC_WT_rep3_new_Zfp_10kb_Airyscan_4y_03";7;"336.815808";1;1;2;"6.59988897023692";"6.60461989553291";"0.288711788575326";1;1;2;"542.183356195702";"703.835848193873";"3.11522633744856";"678.057514549812";"765.531667237247";"23.2290311537145";"679.322879543835";"769.423378474697";"21.5302922309337"
"NPC_WT_rep3_new_Zfp_10kb_Airyscan_4y_03";8;"323.037792";1;2;2;"0.277802075855438";"0.189220451383008";"0.21903754722338";1;2;2;"761.743539736714";"952.534861043393";"40.0199902486592";"760.230417090539";"957.143947100712";"41.43997965412";"758.335318642049";"955.815366289458";"40.0220369267421"
"NPC_WT_rep3_new_Zfp_10kb_Airyscan_4y_03";10;"91.43456";0;0;0;"NaN";"NaN";"NaN";NA;NA;NA;"NaN";"NaN";"NaN";"NaN";"NaN";"NaN";"NaN";"NaN";"NaN"
"NPC_WT_rep3_new_Zfp_10kb_Airyscan_4y_03";11;"60.648672";0;1;0;"NaN";"NaN";"NaN";NA;NA;NA;"NaN";"NaN";"NaN";"NaN";"NaN";"NaN";"NaN";"NaN";"NaN"
"NPC_WT_rep3_new_Zfp_10kb_Airyscan_4y_03";12;"314.982752";1;1;2;"0.587474141368645";"0.967032380695576";"0.477988118577986";1;1;2;"1351.02017183414";"499.440418378782";"27.8782218901756";"1351.0244484198";"488.636255217651";"25.0357781753131";"1356.52472395583";"487.927508401344";"22.011521843495"
"NPC_WT_rep3_new_Zfp_10kb_Airyscan_4y_03";13;"378.975968";3;2;2;"0.465973862235246";"0.476059812407217";"0.373516350834596";1;2;1;"1480.61666666667";"2674.14479166667";"13.7348958333333";"1478.95644444444";"2685.67377777778";"13.6826666666667";"1482.97972116603";"2684.26299112801";"12.0766793409379"
"NPC_WT_rep3_new_Zfp_10kb_Airyscan_4y_03";13;"378.975968";3;2;2;"0.490920754674035";"0.415983271216064";"0.28219770901141";2;1;2;"1383.6804180418";"2735.06710671067";"16.8080308030803";"1373.13636363636";"2739.91676505313";"15.6676505312869";"1380.16257526633";"2737.25891616489";"14.0829087540528"
"NPC_WT_rep3_new_Zfp_10kb_Airyscan_4y_03";14;"318.304";1;1;1;"0.224390167085102";"4.46273998622864";"4.63125006013206";1;1;1;"1581.53232242618";"1380.38308060654";"23.1300877893057";"1581.54403131115";"1383.62915851272";"21.8228962818004";"1528.35448392555";"1289.3510998308";"33.5609137055838"
"NPC_WT_rep3_new_Zfp_10kb_Airyscan_4y_03";15;"128.574432";1;1;1;"0.483224239220612";"3.47808237149267";"3.66690969410606";1;1;1;"1685.1329001772";"2836.00413467218";"5.34849379799173";"1682.57395612173";"2824.55414012739";"4.52583156404812";"1626.80772769089";"2865.00367985281";"21.8058877644894"
"NPC_WT_rep3_new_Zfp_10kb_Airyscan_4y_03";16;"854.734048";3;1;2;"0.799769437014607";"4.48877482401994";"4.26574822394628";1;1;1;"1949.124893071";"444.898203592814";"29.3036783575706";"1938.79018063918";"457.159796201945";"25.8916164891153";"1877.15692307692";"387.656923076923";"10.9261538461538"
"NPC_WT_rep3_new_Zfp_10kb_Airyscan_4y_03";17;"1322.119008";4;4;3;"0.79392128602984";"0.65455484999332";"0.37285236253103";1;2;1;"1947.05729794934";"2181.21441495778";"6.96109770808203";"1943.25273224044";"2200.68920765027";"6.83265027322404";"1945.91590998816";"2195.57046979866";"4.74101855507304"
"NPC_WT_rep3_new_Zfp_10kb_Airyscan_4y_03";17;"1322.119008";4;4;3;"0.403887682408628";"0.831629785991058";"0.602148235180167";2;3;2;"2221.24836601307";"2534.8800461361";"8.06651287966167";"2229.25638506876";"2537.10461689587";"6.42829076620825";"2225.38201246661";"2547.08860195904";"3.40560997328584"
"NPC_WT_rep3_new_Zfp_10kb_Airyscan_4y_03";17;"1322.119008";4;4;3;"0.185454018946955";"0.37942253836507";"0.200871394567113";4;4;3;"2250.62455830389";"2530.97173144876";"51.1749116607774";"2246.50998573466";"2531.69293865906";"50.6002139800285";"2243.22005323869";"2532.76974267968";"49.5607808340728"
"NPC_WT_rep3_new_Zfp_10kb_Airyscan_4y_03";18;"340.318272";1;1;1;"0.197909219006175";"3.4857214555711";"3.43122282182998";1;1;1;"2215.79013377926";"1345.80602006689";"36.0058528428094";"2212.48034188034";"1348.15897435897";"35.1982905982906";"2212.4295112782";"1304.35526315789";"14.1259398496241"
"NPC_WT_rep3_new_Zfp_10kb_Airyscan_4y_03";19;"368.96832";1;1;2;"0.427292294591042";"1.03412651724186";"0.887915497562811";1;1;2;"2382.33412774071";"2212.39847473785";"27.7359389895138";"2385.04540967424";"2208.44126357354";"25.0088845014808";"2383.76";"2227.41245901639";"21.736393442623"
"NPC_WT_rep3_new_Zfp_10kb_Airyscan_4y_03";20;"733.719616";1;2;1;"0.228809041262371";"0.454958291464546";"0.323950775738428";1;1;1;"2330.41773962804";"924.771101573677";"38.8733905579399";"2335.04775481112";"924.449750534569";"37.9180327868852";"2333.31957773512";"927.442418426104";"35.8253358925144"
"NPC_WT_rep3_new_Zfp_10kb_Airyscan_4y_03";21;"1618.114848";4;8;5;"2.53631042718524";"0.892092986079057";"2.53014635989771";1;1;3;"2816.37205290397";"1184.50603795285";"23.2415181138585";"2856.53708920188";"1223.9765258216";"14.9145539906103";"2814.58079268293";"1177.33892276423";"17.2291666666667"
"NPC_WT_rep3_new_Zfp_10kb_Airyscan_4y_03";21;"1618.114848";4;8;5;"1.30331202333346";"1.67372460304511";"0.492721993277285";2;4;4;"2474.00191754554";"1322.78571428571";"37.8403643336529";"2492.13200723327";"1295.71338155515";"37.7929475587703";"2489.53816046967";"1284.06849315068";"36.9168297455969"
"NPC_WT_rep3_new_Zfp_10kb_Airyscan_4y_04";2;"660.93216";3;2;2;"0.231700821050772";"0.923973910342337";"0.700372193640035";2;1;1;"169.24929520741";"2235.66612968184";"20.0817559403947";"169.56345177665";"2232.80406091371";"18.6456852791878";"165.962235067437";"2222.0732177264";"14.828901734104"
"NPC_WT_rep3_new_Zfp_10kb_Airyscan_4y_04";2;"660.93216";3;2;2;"0.493139771065909";"0.770664387776811";"0.520060362234935";3;2;2;"269.865993449782";"2287.99781659389";"22.487172489083";"277.221813031161";"2278.67620396601";"21.5399433427762";"270.123918504047";"2273.8587775607";"18.7485347474184"
"NPC_WT_rep3_new_Zfp_10kb_Airyscan_4y_04";3;"375.188352";2;2;0;"NaN";"NaN";"NaN";NA;NA;NA;"NaN";"NaN";"NaN";"NaN";"NaN";"NaN";"NaN";"NaN";"NaN"
"NPC_WT_rep3_new_Zfp_10kb_Airyscan_4y_04";4;"614.154016";1;3;2;"0.188546038543849";"1.02048927440073";"0.977763949289831";1;1;1;"677.350485151426";"1018.72919729491";"11.3643046162893";"678.886046511628";"1022.64389534884";"10.7558139534884";"679.833242208857";"1037.00054674686";"16.4018589393111"
"NPC_WT_rep3_new_Zfp_10kb_Airyscan_4y_04";5;"369.544896";1;1;2;"0.248235967383588";"0.302131875021225";"0.360413764496014";1;1;1;"880.2824";"2176.2864";"30.86";"885.759190197123";"2177.01065530101";"30.05221097496";"878.093245227606";"2180.83553597651";"29.2547723935389"
"NPC_WT_rep3_new_Zfp_10kb_Airyscan_4y_04";6;"55.353536";0;0;1;"NaN";"NaN";"NaN";NA;NA;NA;"NaN";"NaN";"NaN";"NaN";"NaN";"NaN";"NaN";"NaN";"NaN"
"NPC_WT_rep3_new_Zfp_10kb_Airyscan_4y_04";7;"408.666496";1;0;2;"NaN";"NaN";"NaN";NA;NA;NA;"NaN";"NaN";"NaN";"NaN";"NaN";"NaN";"NaN";"NaN";"NaN"
"NPC_WT_rep3_new_Zfp_10kb_Airyscan_4y_04";8;"1095.168032";2;5;3;"0.472254120231611";"0.801517984988637";"0.379543710892617";1;1;1;"1565.43215613383";"1994.02881040892";"10";"1569.14296081277";"1987.57583454282";"7.38171262699565";"1577.15737051793";"1985.296812749";"6.08466135458167"
"NPC_WT_rep3_new_Zfp_10kb_Airyscan_4y_04";8;"1095.168032";2;5;3;"6.17678070751789";"6.24686671944985";"0.505979530878936";2;4;2;"1435.12121212121";"1765.51048951049";"44.8385780885781";"1384.18224740321";"1907.3238904627";"35.1935788479698";"1382.20647773279";"1905.04453441296";"31.6837044534413"
"NPC_WT_rep3_new_Zfp_10kb_Airyscan_4y_04";10;"400.255968";1;1;4;"1.50768551557227";"1.06646981977344";"0.572217535899357";1;1;1;"1306.56991525424";"2469.32097457627";"19.8930084745763";"1291.95384047267";"2436.23227474151";"22.9194977843427";"1296.33567525371";"2444.70179547229";"19.8727556596409"
"NPC_WT_rep3_new_Zfp_10kb_Airyscan_4y_04";12;"373.690688";1;1;2;"0.363228727167352";"0.440546012913062";"0.121675816380126";1;1;1;"1770.109375";"833.270833333333";"16.4704861111111";"1772.32770745429";"830.48898265354";"14.0834505391467";"1772.60466666667";"832.414666666667";"13.4153333333333"
"NPC_WT_rep3_new_Zfp_10kb_Airyscan_4y_04";13;"1503.404672";6;3;4;"0.489250340838372";"0.732316430888366";"0.683649653207565";4;1;1;"2341.54855258336";"612.657750091609";"19.3481128618542";"2352.31277150304";"616.951346655082";"18.2305241818708";"2341.37932843652";"620.410283315845";"14.6096537250787"
"NPC_WT_rep3_new_Zfp_10kb_Airyscan_4y_04";13;"1503.404672";6;3;4;"0.183454279296841";"0.34754457827416";"0.296517701841103";5;3;3;"2409.12532773991";"301.983744100682";"42.5652857891977";"2412.70492721165";"301.482642777156";"41.7586786114222";"2408.05791884817";"299.664594240838";"40.1924083769633"
"NPC_WT_rep3_new_Zfp_10kb_Airyscan_4y_04";14;"775.641216";3;3;2;"0.75395481127818";"0.4518715654208";"0.624243609369369";1;2;1;"2423.4652892562";"2475.83595041322";"23.099173553719";"2425.20346320346";"2483.83495670996";"27.9502164502165";"2412.53259779338";"2476.8776328987";"23.8555667001003"
"NPC_WT_rep3_new_Zfp_10kb_Airyscan_4y_04";14;"775.641216";3;3;2;"0.314542719373339";"0.552608838260332";"0.814214323541629";3;1;2;"2428.18808290155";"2706.54300518135";"27.1637305699482";"2431.319375";"2703.2659375";"28.9996875";"2428.01636093208";"2693.93108577095";"25.5532969757065"
"NPC_WT_rep3_new_Zfp_10kb_Airyscan_4y_04";15;"385.998816";2;1;2;"1.21587022764239";"0.343531566409146";"1.3484686941122";2;1;2;"2717.00740131579";"842.303453947368";"41.3462171052632";"2708.94605160281";"866.209929632525";"46.1903831118061";"2713.9038961039";"843.917532467533";"39.1051948051948"
"NPC_WT_rep3_new_Zfp_10kb_Airyscan_4y_04";16;"454.517952";1;1;1;"0.342514337399062";"0.413559251502845";"0.477717767829265";1;1;1;"2770.97443181818";"138.742694805195";"50.6160714285714";"2763.83066903493";"140.959739490823";"51.8069863824748";"2765.77582159624";"144.023180751174";"48.556044600939"
"NPC_WT_rep3_new_Zfp_10kb_Airyscan_4y_04";17;"340.511584";1;1;1;"2.55831434081033";"0.563065548343494";"2.12770621701859";1;1;1;"2778.86144290492";"1216.29956999522";"26.605828953655";"2743.96943005181";"1229.01968911917";"11.7284974093264";"2779.19662921348";"1222.1062308478";"22.9433094994893"
"NPC_WT_rep3_new_Zfp_10kb_Airyscan_4y_04";18;"278.499424";1;0;1;"NaN";"NaN";"NaN";NA;NA;NA;"NaN";"NaN";"NaN";"NaN";"NaN";"NaN";"NaN";"NaN";"NaN"
"NPC_WT_rep3_new_Zfp_10kb_Airyscan_4y_05";1;"76.653248";0;0;0;"NaN";"NaN";"NaN";NA;NA;NA;"NaN";"NaN";"NaN";"NaN";"NaN";"NaN";"NaN";"NaN";"NaN"
"NPC_WT_rep3_new_Zfp_10kb_Airyscan_4y_05";2;"616.394464";2;1;4;"0.724086008319921";"0.570037151752256";"0.860584837048117";1;1;1;"303.834933973589";"1911.4855942377";"22.2424969987995";"289.20778267254";"1901.67767988253";"23.43906020558";"302.235294117647";"1905.02839756592";"18.6416497633536"
"NPC_WT_rep3_new_Zfp_10kb_Airyscan_4y_05";3;"382.620896";2;2;2;"0.239812313855987";"0.208957091782248";"0.143522738604479";1;1;1;"641.952702702703";"2283.08648648649";"5.52972972972973";"636.595731707317";"2281.61341463415";"4.8859756097561";"638.012139605463";"2284.83560950936";"4.68689934243804"
"NPC_WT_rep3_new_Zfp_10kb_Airyscan_4y_05";3;"382.620896";2;2;2;"0.732387306414263";"0.282351307478705";"0.653341091038976";2;2;2;"459.403522818255";"2272.97838270617";"29.4283426741393";"470.610484406105";"2259.03185136032";"28.3165228931652";"457.065420560748";"2268.13423959218";"28.1223449447749"
"NPC_WT_rep3_new_Zfp_10kb_Airyscan_4y_05";4;"312.51024";1;2;2;"0.301199678368256";"2.10653005546959";"2.01637157650037";1;1;1;"775.147362385321";"541.20126146789";"6.06135321100917";"772.774729842062";"542.187863674148";"4.03906899418121";"724.719783523752";"556.317498496693";"5.65965123271197"
"NPC_WT_rep3_new_Zfp_10kb_Airyscan_4y_05";5;"69.49712";0;0;0;"NaN";"NaN";"NaN";NA;NA;NA;"NaN";"NaN";"NaN";"NaN";"NaN";"NaN";"NaN";"NaN";"NaN"
"NPC_WT_rep3_new_Zfp_10kb_Airyscan_4y_05";6;"358.05952";1;2;3;"0.199258331513828";"0.399256616071984";"0.21684423084189";1;1;1;"957.997413793103";"2595.7099137931";"6.79137931034483";"960.889970788705";"2593.05160662123";"5.91626095423564";"961.413950829045";"2590.63807890223";"4.53744997141224"
"NPC_WT_rep3_new_Zfp_10kb_Airyscan_4y_05";7;"362.854464";1;1;1;"4.57430373308241";"0.846876249531451";"4.91433783359641";1;1;1;"966.514170040486";"500.38146648673";"30.5375618533513";"1061.85241301908";"543.587542087542";"43.6975308641975";"968.996931338703";"499.128883774453";"24.5408515535098"
"NPC_WT_rep3_new_Zfp_10kb_Airyscan_4y_05";8;"235.526592";1;1;3;"2.29367233520694";"5.71217418710833";"3.98347544978617";1;1;1;"963.685589519651";"1687.98253275109";"10.6299126637555";"1017.03567888999";"1686.14271555996";"4.64717542120912";"1097.56547619048";"1641.1335978836";"15.3630952380952"
"NPC_WT_rep3_new_Zfp_10kb_Airyscan_4y_05";9;"89.501664";1;0;0;"NaN";"NaN";"NaN";NA;NA;NA;"NaN";"NaN";"NaN";"NaN";"NaN";"NaN";"NaN";"NaN";"NaN"
"NPC_WT_rep3_new_Zfp_10kb_Airyscan_4y_05";10;"377.83312";2;1;1;"0.381628904622391";"3.8845414585677";"4.21646847449218";1;1;1;"1365.82211981567";"1501.84516129032";"26.4119815668203";"1373.60045317221";"1505.29456193353";"27.6450151057402";"1326.73608445298";"1449.17274472169";"5.95009596928983"
"NPC_WT_rep3_new_Zfp_10kb_Airyscan_4y_05";11;"356.032768";2;2;3;"3.97867709707526";"0.881339395139188";"3.56841057700058";2;2;3;"1469.09511343805";"1693.44677137871";"37.674520069808";"1447.44120940649";"1610.78275475924";"23.1298992161254";"1484.11146700833";"1681.62203715567";"34.542600896861"
"NPC_WT_rep3_new_Zfp_10kb_Airyscan_4y_05";12;"356.075328";1;1;2;"0.328031794256742";"2.45339759190948";"2.7385443672866";1;1;2;"1598.70036900369";"953.713653136531";"14.9749077490775";"1604.31102578168";"949.907844212836";"13.6566099835436";"1578.05037513398";"1005.83386923901";"22.0836012861736"
"NPC_WT_rep3_new_Zfp_10kb_Airyscan_4y_05";13;"381.400096";2;2;3;"2.49432738394764";"1.72378444186276";"0.871069436737829";2;2;1;"1683.28347280335";"1459.42887029289";"3.06171548117155";"1674.13902932255";"1454.96562184024";"20.6395348837209";"1668.8901576944";"1457.88798259924";"14.6590538336052"
"NPC_WT_rep3_new_Zfp_10kb_Airyscan_4y_05";14;"326.543616";2;0;3;"NaN";"NaN";"NaN";NA;NA;NA;"NaN";"NaN";"NaN";"NaN";"NaN";"NaN";"NaN";"NaN";"NaN"
"NPC_WT_rep3_new_Zfp_10kb_Airyscan_4y_05";15;"723.612064";3;1;2;"2.39159698072596";"2.65095324296375";"0.551173381457628";3;1;2;"2149.25418060201";"2393.1856187291";"32.2324414715719";"2117.35504322767";"2345.35100864553";"27.5452449567723";"2118.43684992571";"2342.69242199108";"23.6946508172363"
"NPC_WT_rep3_new_Zfp_10kb_Airyscan_4y_05";16;"328.456352";1;0;3;"NaN";"NaN";"NaN";NA;NA;NA;"NaN";"NaN";"NaN";"NaN";"NaN";"NaN";"NaN";"NaN";"NaN"
"NPC_WT_rep3_new_Zfp_10kb_Airyscan_4y_05";18;"323.436512";1;2;2;"0.76308846809715";"0.710697313154997";"1.13705823625966";1;2;2;"2512.76049382716";"1822.67456790123";"25.6246913580247";"2514.934";"1840.9";"27.1106666666667";"2511.10200364299";"1824.37340619308";"20.5938069216758"
"NPC_WT_rep3_new_Zfp_10kb_Airyscan_4y_05";19;"314.83088";2;2;2;"0.159623037535397";"0.340785359214669";"0.430109762930023";2;2;2;"2561.2073878628";"1701.66965699208";"33.9419525065963";"2563.60341296928";"1701.77337883959";"34.8532423208191";"2565.28491620112";"1703.02141527002";"31.8398510242086"
"NPC_WT_rep3_new_Zfp_10kb_Airyscan_4y_05";20;"313.035968";3;2;2;"0.761992772215075";"0.910908190362926";"0.431272208422067";3;2;2;"2700.63205013429";"878.592658907789";"24.6598030438675";"2708.611328125";"895.646484375";"23.83203125";"2716.6234828496";"891.99709762533";"22.0538258575198"
"NPC_WT_rep3_new_Zfp_10kb_Airyscan_4y_05";21;"360.077312";1;1;2;"0.633980929858352";"0.760061614620136";"0.216616908558352";1;1;2;"2857.79739272135";"1920.6268332428";"25.0277023356871";"2862.96017897092";"1921.71230425056";"20.7574944071588";"2859.3447037702";"1922.8842010772";"19.6552962298025"
"NPC_WT_rep3_new_Zfp_10kb_Airyscan_4y_06";1;"72.799104";0;0;0;"NaN";"NaN";"NaN";NA;NA;NA;"NaN";"NaN";"NaN";"NaN";"NaN";"NaN";"NaN";"NaN";"NaN"
"NPC_WT_rep3_new_Zfp_10kb_Airyscan_4y_06";2;"2527.654976";8;7;7;"0.412888474228036";"0.584155773065105";"0.495444386612753";5;3;2;"638.531936127745";"2251.15469061876";"21.1906187624751";"631.390027322404";"2245.60382513661";"19.7698087431694";"639.802902621723";"2247.02855805243";"17.2045880149813"
"NPC_WT_rep3_new_Zfp_10kb_Airyscan_4y_06";2;"2527.654976";8;7;7;"0.383533845921694";"0.460451060832743";"0.462083671035971";8;6;6;"433.624454148472";"2177.05319571258";"35.3711790393013";"433.427471116816";"2176.01732991014";"32.6482670089859";"443.591107236268";"2173.59197907585";"34.0557977332171"
"NPC_WT_rep3_new_Zfp_10kb_Airyscan_4y_06";3;"374.835552";1;1;4;"3.26129199027339";"3.14302238375162";"0.165287205812516";1;1;2;"239.235480464625";"2755.68954593453";"18.6525871172122";"272.732558139535";"2726.08782129743";"38.1340269277846";"269.715544871795";"2724.97796474359";"37.3922275641026"
"NPC_WT_rep3_new_Zfp_10kb_Airyscan_4y_06";4;"847.711424";1;5;4;"0.46544542068867";"0.906106249941921";"0.638898796378693";1;5;4;"581.943428571429";"107.229714285714";"36.0057142857143";"574.555032925682";"105.14863593603";"33.5070555032926";"581.219453376206";"109.8038585209";"29.5787781350482"
"NPC_WT_rep3_new_Zfp_10kb_Airyscan_4y_06";5;"366.454144";2;0;2;"NaN";"NaN";"NaN";NA;NA;NA;"NaN";"NaN";"NaN";"NaN";"NaN";"NaN";"NaN";"NaN";"NaN"
"NPC_WT_rep3_new_Zfp_10kb_Airyscan_4y_06";6;"397.7344";1;1;3;"0.540273411887736";"3.35160353813992";"3.24826975316987";1;1;1;"1080.90292553191";"1430.70545212766";"31.1190159574468";"1090.69905687339";"1430.89111174621";"28.4627036296085";"1047.59044715447";"1395.85569105691";"11.5386178861789"
"NPC_WT_rep3_new_Zfp_10kb_Airyscan_4y_06";7;"403.796512";1;2;3;"0.779301050634443";"0.662474814437302";"0.301402897910248";1;2;3;"999.317788141239";"2250.90273151233";"48.7111925383078";"1000.19003115265";"2236.45482866044";"52.4371754932503";"999.431619786615";"2235.32735208535";"50.319592628516"
"NPC_WT_rep3_new_Zfp_10kb_Airyscan_4y_06";8;"839.644736";1;3;3;"0.16961876270743";"1.00993443214792";"0.867694469180281";1;3;2;"1083.61896080219";"1971.66818596171";"35.0510483135825";"1082.06527590848";"1968.39098250336";"34.4232839838493";"1075.12933104631";"1962.06723842196";"28.8356775300172"
"NPC_WT_rep3_new_Zfp_10kb_Airyscan_4y_06";9;"454.58448";1;2;1;"0.162193915115161";"0.31793613938097";"0.176987167917695";1;1;1;"1327.8460774578";"1193.76166832175";"8.50347567030784";"1331.6178343949";"1192.83782459579";"8.17001469867712";"1333.87859991139";"1189.38502436863";"7.71422241914045"
"NPC_WT_rep3_new_Zfp_10kb_Airyscan_4y_06";10;"822.9928";2;3;1;"0.188046467499696";"0.377791377262259";"0.365562184415726";1;2;1;"1392.44085617724";"582.365001877582";"18.9883589936162";"1391.58649207443";"578.139214334941";"18.4527911784976";"1399.303514377";"580.438977635783";"17.2178913738019"
"NPC_WT_rep3_new_Zfp_10kb_Airyscan_4y_06";11;"353.150336";2;1;2;"0.368569219988674";"0.749722449143405";"0.808276061555269";2;1;1;"1496.25076687117";"1119.98542944785";"27.1641104294479";"1488.03556187767";"1116.22996680891";"26.6443812233286";"1491.43214285714";"1132.94375";"23.5482142857143"
"NPC_WT_rep3_new_Zfp_10kb_Airyscan_4y_06";13;"674.626624";3;3;3;"0.427279831441016";"0.585288441230666";"0.344063341345959";1;2;1;"2065.31271576525";"923.163118527043";"13.1461449942463";"2059.09577922078";"914.477678571429";"13.1079545454545";"2056.23542294005";"915.152203668218";"10.7982480153299"
"NPC_WT_rep3_new_Zfp_10kb_Airyscan_4y_06";13;"674.626624";3;3;3;"0.266121880527095";"0.422174454516433";"0.379708002611341";2;3;3;"2185.35987654321";"1025.37716049383";"28.2648148148148";"2189.9890390939";"1025.10705151626";"26.9017172086226";"2182.44251877527";"1027.83997689197";"25.4534950895436"
"NPC_WT_rep3_new_Zfp_10kb_Airyscan_4y_06";14;"632.272928";3;3;3;"1.99378121061635";"1.05931612569405";"1.03938443188819";1;1;1;"2219.74616991643";"2163.37639275766";"13.3060584958217";"2230.43179487179";"2116.19692307692";"9.87282051282051";"2232.06826241135";"2142.02393617021";"10.542109929078"
"NPC_WT_rep3_new_Zfp_10kb_Airyscan_4y_06";14;"632.272928";3;3;3;"0.064387773763556";"0.346409904116204";"0.304222605269532";2;2;2;"2266.92824339839";"2107.17623421355";"41.3266360505166";"2267.98563932615";"2107.81331123999";"41.0314830157415";"2268.1124749499";"2106.81012024048";"38.877755511022"
"NPC_WT_rep3_new_Zfp_10kb_Airyscan_4y_06";14;"632.272928";3;3;3;"0.0465474747204493";"0.0973740828233977";"0.0788797300608189";3;3;3;"2118.79574624129";"2263.03043637697";"44.8940227356069";"2119.94287085934";"2263.10657705233";"44.8425348055689";"2120.32482993197";"2261.19132653061";"44.7644557823129"
"NPC_WT_rep3_new_Zfp_10kb_Airyscan_4y_06";15;"782.128032";4;2;2;"5.0571479623823";"0.335869653366468";"4.84519327368698";4;2;2;"2572.72093023256";"1266.72003577818";"17.8962432915921";"2449.57426679281";"1295.21665089877";"17.1371807000946";"2567.67869008068";"1268.58234456573";"16.0531561461794"
"NPC_WT_rep3_new_Zfp_10kb_Airyscan_4y_06";16;"471.395456";2;3;2;"0.380723803427713";"0.934676934033618";"0.565426077473668";2;1;1;"2744.42639593909";"2542.83350253807";"19.1292724196277";"2738.55242718447";"2549.87572815534";"18.4009708737864";"2732.18852459016";"2559.97477931904";"16.2377049180328"
"NPC_WT_rep3_new_Zfp_10kb_Airyscan_4y_06";17;"66.870048";0;1;0;"NaN";"NaN";"NaN";NA;NA;NA;"NaN";"NaN";"NaN";"NaN";"NaN";"NaN";"NaN";"NaN";"NaN"
"NPC_WT_rep3_new_Zfp_10kb_Airyscan_4y_07";1;"534.378208";3;1;3;"0.899524175062516";"0.627674953818288";"1.36634636418668";2;1;2;"425.561284046693";"2732.94406614786";"40.5778210116732";"403.706071142017";"2735.69350093608";"39.2840331639476";"436.8166483315";"2729.74660799413";"37.5903923725706"
"NPC_WT_rep3_new_Zfp_10kb_Airyscan_4y_07";2;"617.387008";4;4;2;"0.585961015794844";"0.589456709493138";"0.154299892525902";1;1;1;"448.314335060449";"796.395509499136";"8.49740932642487";"449.309090909091";"790.899090909091";"4.62818181818182";"452.677327422419";"792.778340721976";"4.61082963901203"
"NPC_WT_rep3_new_Zfp_10kb_Airyscan_4y_07";2;"617.387008";4;4;2;"0.437719065946246";"0.401545188812698";"0.194783094177919";3;4;2;"416.497882637629";"911.709618874773";"34.2498487598306";"406.885462555066";"913.652533039648";"35.6371145374449";"406.698078920042";"913.886292834891";"34.2484423676012"
"NPC_WT_rep3_new_Zfp_10kb_Airyscan_4y_07";3;"2653.724192";6;6;8;"0.338306413137198";"0.587039683427259";"0.313412787424574";2;1;1;"980.635294117647";"466.56568627451";"9.55588235294118";"974.602908277405";"470.467561521253";"8.28076062639821";"970.964348334307";"467.993571011105";"6.42840444184687"
"NPC_WT_rep3_new_Zfp_10kb_Airyscan_4y_07";4;"428.269632";0;1;1;"NaN";"NaN";"NaN";NA;NA;NA;"NaN";"NaN";"NaN";"NaN";"NaN";"NaN";"NaN";"NaN";"NaN"
"NPC_WT_rep3_new_Zfp_10kb_Airyscan_4y_07";5;"86.312576";1;0;0;"NaN";"NaN";"NaN";NA;NA;NA;"NaN";"NaN";"NaN";"NaN";"NaN";"NaN";"NaN";"NaN";"NaN"
"NPC_WT_rep3_new_Zfp_10kb_Airyscan_4y_07";6;"375.229344";2;1;2;"1.32862383688697";"0.772256378783597";"0.717288513936177";1;1;1;"1672.98913043478";"2692.52470355731";"32.6422924901186";"1678.92042574759";"2703.65788139888";"23.863152559554";"1668";"2697.19556171983";"27.4833564493759"
"NPC_WT_rep3_new_Zfp_10kb_Airyscan_4y_07";7;"324.957696";1;1;2;"0.332838145280874";"0.527431752978565";"0.61610987691613";1;1;1;"1805.86368909513";"42.0748259860789";"7.44199535962877";"1810.63215952482";"48.1154009333899";"6.53797199830293";"1802.13610315186";"39.067335243553";"3.93194842406877"
"NPC_WT_rep3_new_Zfp_10kb_Airyscan_4y_07";8;"379.583904";3;2;4;"0.237890762129891";"0.41642109835425";"0.440748784288236";2;1;2;"1863.10708310095";"2020.01561628555";"25.218070273285";"1863.49452672247";"2015.6394075982";"24.0727623953638";"1866.89427312775";"2025.26651982379";"22.8887665198238"
"NPC_WT_rep3_new_Zfp_10kb_Airyscan_4y_07";8;"379.583904";3;2;4;"5.06620511374266";"2.72797193322999";"3.28245988513007";3;2;4;"2022.41100323625";"2112.86488673139";"37.9765372168285";"1918.92276422764";"2173.4756097561";"49.6105691056911";"1955.07191392978";"2106.96319365798";"40.5600226500566"
"NPC_WT_rep3_new_Zfp_10kb_Airyscan_4y_07";9;"2017.444576";6;5;7;"0.469478852698765";"0.721690786461286";"0.288277583630322";4;4;5;"2252.81530343008";"1135.78803869833";"38.1688654353562";"2251.40117498951";"1136.3604699958";"34.8438942509442";"2253.94762684124";"1133.87561374795";"33.0531914893617"
"NPC_WT_rep3_new_Zfp_10kb_Airyscan_4y_07";9;"2017.444576";6;5;7;"0.40366710266125";"0.643543861353213";"0.694903827511492";6;5;6;"2609.9938366718";"1953.9907550077";"41.4237288135593";"2600.05801772764";"1953.54472199839";"41.9121676067687";"2606.10807860262";"1941.05349344978";"38.9268558951965"
"NPC_WT_rep3_new_Zfp_10kb_Airyscan_4y_07";10;"299.997824";1;2;1;"0.546589385270163";"0.974273571859202";"0.881580834056144";1;2;1;"2261.85294117647";"2480.75294117647";"9.04607843137255";"2255.86072607261";"2483.66534653465";"12.4547854785479";"2243.77124183007";"2465.9477124183";"11.0071895424837"
"NPC_WT_rep3_new_Zfp_10kb_Airyscan_4y_07";11;"564.447744";6;3;2;"1.02244298568383";"1.02029825542661";"0.620527054979832";6;2;1;"2248.88942077549";"505.840593585448";"36.8262326471996";"2250.9616284511";"481.588207767899";"34.5966307908283";"2241.96599583622";"489.106523247745";"31.6939625260236"
"NPC_WT_rep3_new_Zfp_10kb_Airyscan_4y_07";12;"105.543648";0;0;0;"NaN";"NaN";"NaN";NA;NA;NA;"NaN";"NaN";"NaN";"NaN";"NaN";"NaN";"NaN";"NaN";"NaN"
"NPC_WT_rep3_new_Zfp_10kb_Airyscan_4y_08";1;"497.936768";3;2;4;"3.65505634396148";"3.2112684617713";"0.75976863044129";1;1;3;"137.918705035971";"2204.31510791367";"4.75179856115108";"69.4022911051213";"2160.95417789757";"16.7890835579515";"72.7261513157895";"2163.87582236842";"11.5115131578947"
"NPC_WT_rep3_new_Zfp_10kb_Airyscan_4y_08";1;"497.936768";3;2;4;"0.199053619625863";"0.282951327244653";"0.145648096010073";3;2;4;"205.605614973262";"2113.37990196078";"31.8248663101604";"207.134270101483";"2113.43676814988";"30.4718969555035";"204.940346083789";"2111.3306010929";"29.8998178506375"
"NPC_WT_rep3_new_Zfp_10kb_Airyscan_4y_08";2;"304.065664";2;0;0;"NaN";"NaN";"NaN";NA;NA;NA;"NaN";"NaN";"NaN";"NaN";"NaN";"NaN";"NaN";"NaN";"NaN"
"NPC_WT_rep3_new_Zfp_10kb_Airyscan_4y_08";3;"394.96464";0;2;2;"NaN";"NaN";"NaN";NA;NA;NA;"NaN";"NaN";"NaN";"NaN";"NaN";"NaN";"NaN";"NaN";"NaN"
"NPC_WT_rep3_new_Zfp_10kb_Airyscan_4y_08";4;"353.117408";2;1;2;"0.881201347278025";"1.03061883513049";"0.622005499551695";1;1;1;"345.107276819205";"2433.22805701425";"4.34058514628657";"352.430171277997";"2413.14558629776";"2.81818181818182";"337.484536082474";"2408.98731165741";"3.12371134020619"
"NPC_WT_rep3_new_Zfp_10kb_Airyscan_4y_08";5;"350.052864";2;2;0;"NaN";"NaN";"NaN";NA;NA;NA;"NaN";"NaN";"NaN";"NaN";"NaN";"NaN";"NaN";"NaN";"NaN"
"NPC_WT_rep3_new_Zfp_10kb_Airyscan_4y_08";6;"594.759872";4;4;2;"0.490824335095576";"0.623107994846527";"0.333399100910693";2;2;1;"978.463028169014";"1202.71302816901";"20.1913145539906";"985.882075471698";"1197.8605870021";"17.7672955974843";"981.021298174442";"1199.55780933063";"15.894523326572"
"NPC_WT_rep3_new_Zfp_10kb_Airyscan_4y_08";6;"594.759872";4;4;2;"0.258650144273661";"0.840211897613019";"0.615198891259443";3;3;2;"984.181073703367";"1156.47406733394";"20.4449499545041";"987.732184808144";"1156.87548942835";"18.9052466718872";"995.991316931983";"1166.2489146165";"16.3422575976845"
"NPC_WT_rep3_new_Zfp_10kb_Airyscan_4y_08";7;"178.773952";1;1;1;"0.635798284681166";"0.662715529119822";"0.264508867592705";1;1;1;"853.714285714286";"885.137142857143";"21.8028571428571";"844.921504497138";"883.273507767784";"18.0572363041701";"850.126705653021";"879.817251461988";"17.4385964912281"
"NPC_WT_rep3_new_Zfp_10kb_Airyscan_4y_08";9;"548.131136";2;3;3;"0.0734381248884807";"0.818254640799247";"0.791315091932331";2;3;3;"1038.32146596859";"87.8198952879581";"36.2146596858639";"1039.96676970634";"87.3292117465224";"36.0288511076765";"1042.25922330097";"94.8791262135922";"30.8456310679612"
"NPC_WT_rep3_new_Zfp_10kb_Airyscan_4y_08";10;"619.987872";3;2;2;"0.903263496083855";"0.816427305722039";"0.20137130682542";1;1;1;"1153.55814997755";"1679.97754827122";"8.64885496183206";"1172.41094964515";"1690.51470091247";"6.76512335248395";"1169.05700179533";"1688.79578096948";"5.81149012567325"
"NPC_WT_rep3_new_Zfp_10kb_Airyscan_4y_08";11;"784.74704";7;2;4;"0.539270217417802";"0.538816699450526";"0.0915132875733859";6;1;1;"1217.03655107779";"2369.75913776945";"28.8537956888472";"1208.50585480094";"2360.0700234192";"27.7433255269321";"1209.28814571514";"2360.51119737235";"27.1421319796954"
"NPC_WT_rep3_new_Zfp_10kb_Airyscan_4y_08";11;"784.74704";7;2;4;"0.443178564485634";"0.408995317938708";"0.257685876492461";7;2;4;"1160.07215686275";"2462.62784313725";"48.5956862745098";"1161.68712522046";"2452.95273368607";"47.1238095238095";"1162.73221422862";"2458.15667466027";"46.0807354116707"
"NPC_WT_rep3_new_Zfp_10kb_Airyscan_4y_08";12;"75.461792";0;0;0;"NaN";"NaN";"NaN";NA;NA;NA;"NaN";"NaN";"NaN";"NaN";"NaN";"NaN";"NaN";"NaN";"NaN"
"NPC_WT_rep3_new_Zfp_10kb_Airyscan_4y_08";13;"349.0816";2;2;2;"0.2954845189589";"0.252896062770018";"0.364287255784044";1;1;1;"1334.33081444165";"2554.01847187238";"14.98026868178";"1329.7507788162";"2555.79439252336";"16.5565939771547";"1329.03620621802";"2554.32310114128";"13.9968516332153"
"NPC_WT_rep3_new_Zfp_10kb_Airyscan_4y_08";13;"349.0816";2;2;2;"0.683771116994621";"0.766343993495575";"0.509017269344786";2;2;2;"1361.58047767394";"2612.44548286604";"24.9667705088266";"1347.14542651593";"2605.58633093525";"26.6998972250771";"1347.63012240553";"2600.5784992017";"23.3602980308675"
"NPC_WT_rep3_new_Zfp_10kb_Airyscan_4y_08";14;"192.141376";0;1;0;"NaN";"NaN";"NaN";NA;NA;NA;"NaN";"NaN";"NaN";"NaN";"NaN";"NaN";"NaN";"NaN";"NaN"
"NPC_WT_rep3_new_Zfp_10kb_Airyscan_4y_08";16;"236.40736";1;0;4;"NaN";"NaN";"NaN";NA;NA;NA;"NaN";"NaN";"NaN";"NaN";"NaN";"NaN";"NaN";"NaN";"NaN"
"NPC_WT_rep3_new_Zfp_10kb_Airyscan_4y_08";17;"583.586752";2;1;4;"0.382028167989016";"0.78352617822377";"0.894179162080259";1;1;4;"2180.91418475517";"2524.8157496214";"37.678445229682";"2187.60888049126";"2530.941426547";"38.529522909778";"2186.80447284345";"2525.43258785942";"32.3437699680511"
"NPC_WT_rep3_new_Zfp_10kb_Airyscan_4y_08";18;"494.850272";2;3;3;"1.17750892231511";"0.667637036005347";"0.596400842284991";2;3;3;"2379.62169086251";"1655.83945345858";"32.1776259607173";"2352.37397420868";"1644.69812426729";"32.2092614302462";"2366.93188622754";"1645.42814371257";"31.312874251497"
"NPC_WT_rep3_new_Zfp_10kb_Airyscan_4y_08";19;"509.589248";0;1;0;"NaN";"NaN";"NaN";NA;NA;NA;"NaN";"NaN";"NaN";"NaN";"NaN";"NaN";"NaN";"NaN";"NaN"
"NPC_WT_rep3_new_Zfp_10kb_Airyscan_4y_08";20;"323.036448";2;2;3;"1.05402455897462";"0.929802717278528";"0.517118471192027";2;2;3;"2469.82072072072";"975.357657657658";"20.8054054054054";"2453.267862969";"955.355954323002";"19.5184339314845";"2461.83540145985";"958.366058394161";"16.8894160583942"
"NPC_WT_rep3_new_Zfp_10kb_Airyscan_4y_09";1;"382.325216";1;2;1;"0.326862500135977";"0.494007357722911";"0.585432328279354";1;2;1;"216.132754342432";"571.734491315136";"29.2287014061208";"213.574421168688";"565.018743109151";"28.1174200661521";"215.450292397661";"577.825048732944";"26.1652046783626"
"NPC_WT_rep3_new_Zfp_10kb_Airyscan_4y_09";3;"223.868512";1;2;2;"0.764947784924951";"1.06512607912446";"1.52062009222871";1;2;1;"508.81981981982";"2428.82564917859";"18.5495495495495";"527.229961832061";"2424.09685114504";"19.150286259542";"504.105115408609";"2438.8727386151";"11.6338116032439"
"NPC_WT_rep3_new_Zfp_10kb_Airyscan_4y_09";5;"110.041344";0;1;1;"NaN";"NaN";"NaN";NA;NA;NA;"NaN";"NaN";"NaN";"NaN";"NaN";"NaN";"NaN";"NaN";"NaN"
"NPC_WT_rep3_new_Zfp_10kb_Airyscan_4y_09";6;"695.554944";3;3;4;"0.604449621653984";"1.03287062606623";"0.433428808413735";3;3;4;"1093.26110509209";"1866.89165763814";"25.9609967497291";"1093.05411030177";"1865.13267429761";"21.6732570239334";"1092.31111111111";"1861.85111111111";"18.7303703703704"
"NPC_WT_rep3_new_Zfp_10kb_Airyscan_4y_09";7;"1586.815776";5;6;1;"0.716469986160577";"5.04011571262083";"4.71308562638477";3;5;1;"1687.42910727682";"1787.62115528882";"42.1155288822206";"1699.66227260743";"1774.54073292908";"42.0332190877933";"1788.57789203085";"1795.39897172237";"20.7629820051414"
"NPC_WT_rep3_new_Zfp_10kb_Airyscan_4y_09";8;"614.26624";3;2;3;"2.46169344542107";"2.9377801184106";"1.19424280375991";2;1;1;"1333.82617000955";"2277.07640878701";"10.4976122254059";"1364.48053578903";"2225.97990791126";"14.8953537044789";"1390.94475580464";"2230.97558046437";"11.2133706965572"
"NPC_WT_rep3_new_Zfp_10kb_Airyscan_4y_09";8;"614.26624";3;2;3;"0.47490462446767";"0.732004372426583";"0.406890964784991";3;2;3;"1531.51970607882";"2383.86038744155";"27.8396793587174";"1530.20254586297";"2376.32983901161";"30.4350430550356";"1535.42819148936";"2367.71609042553";"30.0339095744681"
"NPC_WT_rep3_new_Zfp_10kb_Airyscan_4y_09";9;"313.606272";1;2;2;"0.392172394912277";"0.767176978414274";"0.401171029539232";1;1;1;"1569.26847713991";"161.573736679271";"18.7301478171193";"1571.27491785323";"166.740416210296";"16.4194961664841";"1568.25736738703";"172.363457760314";"14.2089063523248"
"NPC_WT_rep3_new_Zfp_10kb_Airyscan_4y_09";10;"541.092608";2;2;1;"0.304590110343323";"0.45406217015998";"0.477675527032473";1;1;1;"1582.82785060599";"2134.58050952263";"17.3430620826119";"1575.54970352285";"2136.22846180677";"16.9100104638995";"1582.77413937867";"2137.73495661909";"14.2275398824517"
"NPC_WT_rep3_new_Zfp_10kb_Airyscan_4y_09";11;"162.665888";1;0;2;"NaN";"NaN";"NaN";NA;NA;NA;"NaN";"NaN";"NaN";"NaN";"NaN";"NaN";"NaN";"NaN";"NaN"
"NPC_WT_rep3_new_Zfp_10kb_Airyscan_4y_09";13;"1624.16688";5;6;6;"0.383080260701609";"0.802987079872397";"0.481995322131867";1;1;1;"2308.68758526603";"2536.28922237381";"13.2182810368349";"2308.04801422644";"2528.06698280972";"11.8272080616479";"2313.8609406953";"2522.99795501022";"9.18200408997955"
"NPC_WT_rep3_new_Zfp_10kb_Airyscan_4y_09";13;"1624.16688";5;6;6;"4.45820378234293";"4.47397694117284";"0.660066087475956";2;5;5;"2108.30925507901";"2086.46404385682";"30.1109319574331";"2219.02578796562";"2082.21203438395";"33.563323782235";"2220.07692307692";"2089.97505197505";"29.4137214137214"
"NPC_WT_rep3_new_Zfp_10kb_Airyscan_4y_09";13;"1624.16688";5;6;6;"0.350167815340835";"0.412766084041937";"0.184740125120942";4;6;6;"2391.40975987606";"2134.72966692486";"36.585592563904";"2383.94483450351";"2138.09528585757";"35.7011033099298";"2385.55853098699";"2139.0596786534";"34.495791889824"
"NPC_WT_rep3_new_Zfp_10kb_Airyscan_4y_09";14;"728.144256";4;3;4;"0.24818618337362";"0.420950620064799";"0.215129104639739";1;1;1;"2173.04947433519";"795.34693877551";"6.2108843537415";"2176.40444753301";"793.897150799166";"4.77831827658096";"2178.52558853634";"789.202149437052";"4.33725690890481"
"NPC_WT_rep3_new_Zfp_10kb_Airyscan_4y_09";14;"728.144256";4;3;4;"0.260421038505292";"0.717012746118968";"0.485359659166212";4;3;3;"2178.11733931241";"672.772795216741";"24.373692077728";"2172.83185560481";"671.263774540849";"23.3768207726409";"2168.22305045872";"669.338302752294";"20.2173165137615"
"NPC_WT_rep3_new_Zfp_10kb_Airyscan_4y_09";15;"69.568576";1;1;0;"NaN";"NaN";"NaN";NA;NA;NA;"NaN";"NaN";"NaN";"NaN";"NaN";"NaN";"NaN";"NaN";"NaN"
"NPC_WT_rep3_new_Zfp_10kb_Airyscan_4y_09";16;"540.420608";6;2;3;"0.560659473683745";"0.756613700856188";"0.227563982409523";6;1;1;"2531.57676056338";"2757.9838028169";"20.2542253521127";"2528.95468962392";"2752.64476665156";"16.628001812415";"2524.98781725888";"2752.13299492386";"15.4720812182741"
"NPC_WT_rep3_new_Zfp_10kb_Airyscan_4y_09";17;"325.721536";2;0;1;"NaN";"NaN";"NaN";NA;NA;NA;"NaN";"NaN";"NaN";"NaN";"NaN";"NaN";"NaN";"NaN";"NaN"
"NPC_WT_rep3_new_Zfp_10kb_Airyscan_4y_09";18;"91.513856";1;0;2;"NaN";"NaN";"NaN";NA;NA;NA;"NaN";"NaN";"NaN";"NaN";"NaN";"NaN";"NaN";"NaN";"NaN"
"NPC_WT_rep3_new_Zfp_10kb_Airyscan_4y_09";19;"351.24096";2;0;1;"NaN";"NaN";"NaN";NA;NA;NA;"NaN";"NaN";"NaN";"NaN";"NaN";"NaN";"NaN";"NaN";"NaN"
"NPC_WT_rep3_new_Zfp_10kb_Airyscan_4y_09";20;"264.932192";1;1;0;"NaN";"NaN";"NaN";NA;NA;NA;"NaN";"NaN";"NaN";"NaN";"NaN";"NaN";"NaN";"NaN";"NaN"
"NPC_WT_rep3_new_Zfp_10kb_Airyscan_4y_09";21;"710.528448";2;1;0;"NaN";"NaN";"NaN";NA;NA;NA;"NaN";"NaN";"NaN";"NaN";"NaN";"NaN";"NaN";"NaN";"NaN"
"NPC_WT_rep3_new_Zfp_10kb_Airyscan_4y_09";22;"72.331168";0;0;0;"NaN";"NaN";"NaN";NA;NA;NA;"NaN";"NaN";"NaN";"NaN";"NaN";"NaN";"NaN";"NaN";"NaN"
"NPC_WT_rep3_new_Zfp_10kb_Airyscan_4y_10";1;"539.570528";2;1;2;"1.97333049037902";"2.1325339910896";"0.315278358052811";1;1;1;"86.948350071736";"575.992826398852";"23.2137733142037";"116.303507516106";"581.292054402291";"11.9871152469578";"112.739255014327";"582.786863566233";"10.0244655058409"
"NPC_WT_rep3_new_Zfp_10kb_Airyscan_4y_10";2;"579.145504";1;1;3;"0.236872350114025";"0.280824595695393";"0.495597906184387";1;1;3;"185.378982128982";"1636.72416472416";"41.8914141414141";"187.414902117459";"1637.84758290052";"43.4474630443468";"186.917083261507";"1636.30391311843";"39.9379417341838"
"NPC_WT_rep3_new_Zfp_10kb_Airyscan_4y_10";4;"444.891776";2;1;2;"0.236230472257926";"0.425997251356142";"0.549644164372303";2;1;2;"398.468122270742";"654.213100436681";"15.0506550218341";"397.239618406285";"648.887485970819";"15.6899551066218";"404.950149551346";"653.007976071785";"12.6610169491525"
"NPC_WT_rep3_new_Zfp_10kb_Airyscan_4y_10";5;"461.634208";1;2;1;"0.291782434935007";"0.682586080105649";"0.441645522325979";1;2;1;"537.086851043183";"1343.56331877729";"16.9170305676856";"541.892451569806";"1347.92451569806";"15.9652638610554";"550.773092369478";"1346.54819277108";"14.1325301204819"
"NPC_WT_rep3_new_Zfp_10kb_Airyscan_4y_10";6;"390.867456";1;1;1;"0.302838541053018";"4.97876365395024";"5.01500994373745";1;1;1;"947.839375";"1653.7325";"6.8325";"952.556679308892";"1648.02191319005";"7.28023598820059";"884.175342465753";"1645.20273972603";"37.2938356164384"
"NPC_WT_rep3_new_Zfp_10kb_Airyscan_4y_10";7;"414.32944";0;1;1;"NaN";"NaN";"NaN";NA;NA;NA;"NaN";"NaN";"NaN";"NaN";"NaN";"NaN";"NaN";"NaN";"NaN"
"NPC_WT_rep3_new_Zfp_10kb_Airyscan_4y_10";8;"224.054656";1;1;2;"1.85174068836955";"1.5082042960191";"0.626138137454784";1;1;2;"1250.4881291548";"2011.11301044634";"30.5432098765432";"1273.6013320647";"2050.86013320647";"32.0827783063749";"1269.371";"2039.778";"35.001"
"NPC_WT_rep3_new_Zfp_10kb_Airyscan_4y_10";9;"394.629984";1;1;1;"0.0355327329748914";"0.509432186302529";"0.485184927994063";1;1;1;"1339.48378378378";"1308.24256756757";"33.2675675675676";"1339.02537845058";"1308.77159394479";"33.1113089937667";"1338.48177185417";"1309.28498627989";"29.6522932183457"
"NPC_WT_rep3_new_Zfp_10kb_Airyscan_4y_10";10;"355.377568";0;1;2;"NaN";"NaN";"NaN";NA;NA;NA;"NaN";"NaN";"NaN";"NaN";"NaN";"NaN";"NaN";"NaN";"NaN"
"NPC_WT_rep3_new_Zfp_10kb_Airyscan_4y_10";11;"912.561216";4;2;4;"0.243320233275084";"1.01694969316568";"0.986337415705314";2;1;1;"1942.56932773109";"729.914915966387";"22.0661764705882";"1941.40322580645";"724.540673211781";"21.3232819074334";"1944.416144746";"734.565414057063";"14.9443284620738"
"NPC_WT_rep3_new_Zfp_10kb_Airyscan_4y_10";11;"912.561216";4;2;4;"0.251814216489116";"0.578632032509103";"0.516422910697502";4;2;3;"1667.3275261324";"744.68118466899";"38.5476190476191";"1661.85146000846";"743.457469318663";"37.732120186204";"1667.6950053135";"742.928267800213";"34.4463336875664"
"NPC_WT_rep3_new_Zfp_10kb_Airyscan_4y_10";13;"479.478944";1;1;1;"0.580586518379599";"0.547125890990777";"0.296793655266145";1;1;1;"1836.04967520061";"2075.48987390141";"43.7424531906763";"1823.57767722474";"2077.11689291101";"41.6726998491704";"1829.39011473963";"2079.21094439541";"40.4986760812004"
"NPC_WT_rep3_new_Zfp_10kb_Airyscan_4y_10";15;"694.916768";2;2;2;"0.165164305177554";"0.404521242774966";"0.320739848317222";1;1;1;"2180.45200609446";"2004.26079228035";"39.2282884713052";"2183.53708165997";"2003.60428380187";"38.4669344042838";"2180.40311418685";"2001.05968858131";"36.4874567474048"
"NPC_WT_rep3_new_Zfp_10kb_Airyscan_4y_10";15;"694.916768";2;2;2;"0.669258296965856";"0.789803813024216";"0.406557130495494";2;2;2;"2279.39592274678";"1984.18025751073";"39.5826180257511";"2266.4251417139";"1993.9206402134";"40.7545848616205";"2260.40085370586";"1988.99029879705";"38.8874660457897"
"NPC_WT_rep3_new_Zfp_10kb_Airyscan_4y_10";16;"853.59904";4;3;4;"4.12695258377124";"3.84213637013491";"0.321794160233823";2;3;3;"2511.38127659574";"1140.18042553191";"18.5259574468085";"2552.10199430199";"1151.04957264957";"45.4324786324786";"2556.79662447257";"1153.94514767932";"42.3864978902954"
"NPC_WT_rep3_new_Zfp_10kb_Airyscan_4y_10";16;"853.59904";4;3;4;"0.352904026022697";"0.277236120694478";"0.480132300172188";4;2;2;"2650.84080370943";"1284.81514683153";"43.9187017001546";"2643.90887031545";"1282.31571852251";"42.5324885413858";"2651.01200646502";"1285.49180327869";"41.9485107365505"
"NPC_WT_rep3_new_Zfp_10kb_Airyscan_4y_10";17;"600.783456";3;1;3;"0.263632490826982";"0.580507000576648";"0.422201824857843";1;1;2;"2759.91777188329";"228.681697612732";"39.0222811671088";"2755.22153598281";"224.439312567132";"38.4965091299678";"2757.73499897604";"218.796436616834";"36.0511980339955"
"NPC_WT_rep3_new_Zfp_10kb_Airyscan_4y_10";18;"65.850176";1;0;0;"NaN";"NaN";"NaN";NA;NA;NA;"NaN";"NaN";"NaN";"NaN";"NaN";"NaN";"NaN";"NaN";"NaN"
"NPC_WT_rep3_new_Zfp_10kb_Airyscan_4y_11";1;"299.414752";1;1;1;"1.3677121209493";"0.388283741799612";"1.3179400236596";1;1;1;"167.811988582303";"2359.39010466223";"15.4938154138915";"192.665046971169";"2371.7625526401";"21.1966310333657";"163.325988983475";"2362.91762643966";"17.7373560340511"
"NPC_WT_rep3_new_Zfp_10kb_Airyscan_4y_11";2;"97.680352";0;0;1;"NaN";"NaN";"NaN";NA;NA;NA;"NaN";"NaN";"NaN";"NaN";"NaN";"NaN";"NaN";"NaN";"NaN"
"NPC_WT_rep3_new_Zfp_10kb_Airyscan_4y_11";3;"357.448896";2;1;2;"3.82014367695276";"1.40274003025192";"3.06056162113469";2;1;1;"526.304985337243";"2163.34604105572";"13.3592375366569";"493.183278223902";"2243.55597543694";"24.7529522909778";"527.339353612167";"2196.87880228137";"10.4415399239544"
"NPC_WT_rep3_new_Zfp_10kb_Airyscan_4y_11";4;"1631.988512";4;6;4;"0.26443308491693";"0.718319598222886";"0.455817852640421";1;1;1;"1156.93998441154";"839.731878409977";"8.7630553390491";"1158.33839662447";"842.86835443038";"7.14908579465541";"1159.60579888957";"849.460826650216";"4.51819864281308"
"NPC_WT_rep3_new_Zfp_10kb_Airyscan_4y_11";4;"1631.988512";4;6;4;"0.219972421950744";"0.938463367104955";"0.751980375254543";3;5;2;"1027.82330097087";"1131.45475728155";"35.8794174757282";"1030.15834932822";"1129.09149072297";"34.6273192578375";"1026.80606488011";"1122.64456981664";"29.6734837799718"
"NPC_WT_rep3_new_Zfp_10kb_Airyscan_4y_11";5;"4000.179232";17;13;13;"0.145477656402651";"0.532769402043337";"0.377506305959794";2;2;2;"963.447606727038";"1392.95860284605";"16.5388098318241";"964.064083457526";"1393.06259314456";"15.5151515151515";"961.861915367483";"1396.21046770601";"12.8763919821826"
"NPC_WT_rep3_new_Zfp_10kb_Airyscan_4y_11";5;"4000.179232";17;13;13;"0.200937750837234";"0.381568236224998";"0.40011207228708";3;1;3;"1882.27398720682";"1174.0367803838";"16.1289978678038";"1881.0552596538";"1171.18774966711";"14.9993342210386";"1881.34526650756";"1179.96181384248";"14.0095465393795"
"NPC_WT_rep3_new_Zfp_10kb_Airyscan_4y_11";5;"4000.179232";17;13;13;"0.29633170204392";"0.283235121181764";"0.374852924904425";4;3;4;"1416.70493454179";"1430.5720040282";"17.0956696878147";"1420.07625201939";"1436.17350565428";"16.1001615508885";"1415.07865168539";"1428.92375601926";"15.1837881219904"
"NPC_WT_rep3_new_Zfp_10kb_Airyscan_4y_11";5;"4000.179232";17;13;13;"0.446830361801342";"0.507949338855238";"0.335525392104925";9;7;6;"1924.20042987641";"1255.26652337453";"25.9908651262762";"1928.77811320755";"1256.82943396226";"23.1139622641509";"1920.8756497401";"1259.17992802879";"22.672530987605"
"NPC_WT_rep3_new_Zfp_10kb_Airyscan_4y_11";5;"4000.179232";17;13;13;"0.195167498459416";"0.366163180990776";"0.286737009995253";13;11;10;"1751.46071829405";"1137.74242424242";"35.3692480359147";"1756.09307207838";"1139.26312106368";"35.3156053184045";"1757.68880866426";"1136.44187725632";"33.4888086642599"
"NPC_WT_rep3_new_Zfp_10kb_Airyscan_4y_11";7;"451.002048";3;3;3;"0.362174706301288";"0.968336101271716";"0.494111011164481";1;2;2;"1032.85145228216";"197.667219917012";"38.6336099585062";"1034.17593941159";"205.906495776289";"39.6373434314011";"1030.78648974668";"219.195014073181";"35.5255327704061"
"NPC_WT_rep3_new_Zfp_10kb_Airyscan_4y_11";7;"451.002048";3;3;3;"0.772467560312278";"1.15691125699069";"0.795169091178191";2;1;1;"1026.6127348643";"284.258872651357";"39.5897703549061";"1032.67259120674";"295.233863423761";"35.3928905519177";"1027.01371204701";"298.492654260529";"32.3969964087496"
"NPC_WT_rep3_new_Zfp_10kb_Airyscan_4y_11";8;"57.841056";0;1;0;"NaN";"NaN";"NaN";NA;NA;NA;"NaN";"NaN";"NaN";"NaN";"NaN";"NaN";"NaN";"NaN";"NaN"
"NPC_WT_rep3_new_Zfp_10kb_Airyscan_4y_11";9;"573.361824";1;1;1;"9.05737371041729";"1.10594000795063";"8.82785217410104";1;1;1;"1961.44653883653";"61.2697432564186";"17.7364315892103";"2011.57264957265";"277.517094017094";"30.5042735042735";"1957.48412698413";"74.8025793650794";"10.9414682539683"
"NPC_WT_rep3_new_Zfp_10kb_Airyscan_4y_11";10;"703.464384";2;2;2;"0.182097655511088";"0.255968422496079";"0.172329782759781";1;1;1;"2216.22048611111";"766.920138888889";"4.40798611111111";"2216.45189975748";"762.848019401779";"3.83023443815683";"2220.72481203008";"763.123308270677";"3.69398496240601"
"NPC_WT_rep3_new_Zfp_10kb_Airyscan_4y_11";11;"142.427264";1;0;2;"NaN";"NaN";"NaN";NA;NA;NA;"NaN";"NaN";"NaN";"NaN";"NaN";"NaN";"NaN";"NaN";"NaN"
"NPC_WT_rep3_new_Zfp_10kb_Airyscan_4y_11";12;"336.755552";2;1;1;"1.44539954139362";"2.98413229621155";"3.41185788880313";1;1;1;"2524.42559899117";"1587.45081967213";"33.3896595208071";"2518.35634743875";"1556.31959910913";"38.3363028953229";"2475.09559816365";"1573.42641101809";"17.9095328112341"
"NPC_WT_rep3_new_Zfp_10kb_Airyscan_4y_11";14;"148.70352";0;1;1;"NaN";"NaN";"NaN";NA;NA;NA;"NaN";"NaN";"NaN";"NaN";"NaN";"NaN";"NaN";"NaN";"NaN"
"NPC_WT_rep3_new_Zfp_10kb_Airyscan_4y_11";15;"385.363552";1;3;2;"0.454896711364604";"0.797052375228973";"0.393572379217242";1;1;1;"2769.26757028112";"1453.27911646586";"40.5537148594378";"2766.9435483871";"1453.87390029326";"37.3775659824047";"2767.87863733144";"1460.11497515969";"35.2207239176721"
"NPC_WT_rep3_new_Zfp_10kb_Airyscan_4y_11";17;"60.906272";0;0;1;"NaN";"NaN";"NaN";NA;NA;NA;"NaN";"NaN";"NaN";"NaN";"NaN";"NaN";"NaN";"NaN";"NaN"
"NPC_WT_rep3_new_Zfp_10kb_Airyscan_4y_12";1;"590.65552";0;2;3;"NaN";"NaN";"NaN";NA;NA;NA;"NaN";"NaN";"NaN";"NaN";"NaN";"NaN";"NaN";"NaN";"NaN"
"NPC_WT_rep3_new_Zfp_10kb_Airyscan_4y_12";2;"363.299328";2;1;3;"0.248517699885695";"0.862728032235481";"0.61570636311148";2;1;3;"202.324786324786";"2789.53751187085";"46.1623931623932";"202.875717662952";"2790.81965552178";"44.4326241134752";"205.042976939203";"2795.7358490566";"40.311320754717"
"NPC_WT_rep3_new_Zfp_10kb_Airyscan_4y_12";4;"359.153312";2;1;2;"0.219940858461535";"0.301531616336073";"0.383282516197887";2;1;2;"323.583756345178";"1499.40355329949";"18.4035532994924";"323.671227670087";"1501.68034967693";"16.9737742303307";"322.478771454381";"1492.45483288166";"17.6305329719964"
"NPC_WT_rep3_new_Zfp_10kb_Airyscan_4y_12";5;"452.314016";1;1;1;"2.04652240019247";"2.17391104396798";"0.639891143667693";1;1;1;"442.563165905632";"1040.24200913242";"21.4337899543379";"434.271680736761";"1087.73676132003";"16.5418265541059";"439.909193669932";"1084.31047475509";"12.3779201205727"
"NPC_WT_rep3_new_Zfp_10kb_Airyscan_4y_12";6;"415.02496";2;0;2;"NaN";"NaN";"NaN";NA;NA;NA;"NaN";"NaN";"NaN";"NaN";"NaN";"NaN";"NaN";"NaN";"NaN"
"NPC_WT_rep3_new_Zfp_10kb_Airyscan_4y_12";7;"2263.582496";10;9;7;"3.24742192898704";"3.1295141635037";"0.218007584402887";4;3;2;"992.075890251022";"1568.39871570344";"12.9457092819615";"1046.46402773765";"1602.66252528171";"27.1138399306559";"1046.85156551991";"1604.00889060688";"25.2437185929648"
"NPC_WT_rep3_new_Zfp_10kb_Airyscan_4y_12";7;"2263.582496";10;9;7;"0.42314829913927";"0.502311428668501";"0.267747550915168";5;1;1;"982.977230309817";"1465.13437849944";"16.1022769690183";"985.368214654283";"1454.83591331269";"16.2068111455108";"983.395763281775";"1453.42367182246";"14.8123739071957"
"NPC_WT_rep3_new_Zfp_10kb_Airyscan_4y_12";7;"2263.582496";10;9;7;"2.29572064527153";"0.538530541702656";"1.79544797035682";8;4;4;"887.43287491814";"1339.11984282908";"31.5258677144728";"857.256840247132";"1295.2612533098";"25.3993821712268";"883.161744022504";"1329.53023909986";"29.1174402250352"
"NPC_WT_rep3_new_Zfp_10kb_Airyscan_4y_12";8;"79.140544";0;0;1;"NaN";"NaN";"NaN";NA;NA;NA;"NaN";"NaN";"NaN";"NaN";"NaN";"NaN";"NaN";"NaN";"NaN"
"NPC_WT_rep3_new_Zfp_10kb_Airyscan_4y_12";9;"349.929664";1;1;2;"0.217535891163666";"0.673919830170083";"0.525288573813352";1;1;1;"1071.90615835777";"2639.61055718475";"43.8797653958944";"1075.81547619048";"2637.2775974026";"43.0297619047619";"1075.87415946206";"2624.71421709894";"41.9375600384246"
"NPC_WT_rep3_new_Zfp_10kb_Airyscan_4y_12";10;"106.33952";1;0;1;"NaN";"NaN";"NaN";NA;NA;NA;"NaN";"NaN";"NaN";"NaN";"NaN";"NaN";"NaN";"NaN";"NaN"
"NPC_WT_rep3_new_Zfp_10kb_Airyscan_4y_12";11;"407.942528";3;1;5;"0.69301229327704";"0.905909903741645";"1.03394466659743";1;1;2;"1176.06744704571";"799.054069119287";"11.2090301003344";"1186.31370558376";"803.373604060914";"15.005076142132";"1196.40091324201";"798.148401826484";"8.37123287671233"
"NPC_WT_rep3_new_Zfp_10kb_Airyscan_4y_12";13;"416.104864";2;0;1;"NaN";"NaN";"NaN";NA;NA;NA;"NaN";"NaN";"NaN";"NaN";"NaN";"NaN";"NaN";"NaN";"NaN"
"NPC_WT_rep3_new_Zfp_10kb_Airyscan_4y_12";15;"661.69488";4;4;2;"0.312540913220936";"0.638709784564374";"0.440401271763227";4;4;2;"2032.41688199828";"2740.93023255814";"50.3445305770887";"2037.65193671577";"2737.86361156574";"48.9378068739771";"2036.95977011494";"2741.48522167488";"45.9737274220033"
"NPC_WT_rep3_new_Zfp_10kb_Airyscan_4y_12";16;"548.62864";2;3;3;"0.231422328619794";"0.633143713641268";"0.409274795523596";2;3;2;"2146.00250312891";"697.108886107635";"19.0994993742178";"2148.24574669187";"701.678166351607";"18.3137996219282";"2152.18766613503";"707.627857522594";"16.2190324295587"
"NPC_WT_rep3_new_Zfp_10kb_Airyscan_4y_12";17;"69.198304";0;0;1;"NaN";"NaN";"NaN";NA;NA;NA;"NaN";"NaN";"NaN";"NaN";"NaN";"NaN";"NaN";"NaN";"NaN"
"NPC_WT_rep3_new_Zfp_10kb_Airyscan_4y_12";18;"333.040512";2;2;1;"0.549513116282504";"0.425199303587623";"0.460962787667337";2;2;1;"2680.19804400978";"27.3292583537082";"36.1418092909535";"2688.47585275245";"21.2114150624789";"38.741303613644";"2689.91248541424";"23.5550369506029";"35.5437572928821"
"NPC_WT_rep3_new_Zfp_10kb_Airyscan_4y_12";19;"234.046176";0;1;0;"NaN";"NaN";"NaN";NA;NA;NA;"NaN";"NaN";"NaN";"NaN";"NaN";"NaN";"NaN";"NaN";"NaN"
"NPC_WT_rep3_new_Zfp_10kb_Airyscan_4y_12";20;"391.799968";2;2;1;"2.40866158014112";"2.08244299344604";"3.62847743257077";2;2;1;"702.978354978355";"626.617604617605";"36.3405483405483";"667.877253814147";"674.294729542302";"39.4812760055478";"680.255293405929";"598.718693284937";"25.5904416212946"
"NPC_WT_rep3_new_Zfp_10kb_Airyscan_4y_13";1;"2326.227904";8;8;8;"0.142741036826475";"0.554098154984062";"0.496567648140495";2;1;1;"358.493418578413";"920.262128619782";"9.79390748401655";"356.471218961625";"923.09762979684";"9.5716704288939";"357.441087613293";"924.844410876133";"6.07099697885196"
"NPC_WT_rep3_new_Zfp_10kb_Airyscan_4y_13";1;"2326.227904";8;8;8;"0.109990887697626";"0.51166698983084";"0.535662967372435";4;3;3;"455.553911205074";"1106.12684989429";"19.6553911205074";"457.998595505618";"1105.71699438202";"19.315308988764";"448.468730650155";"1101.15294117647";"16.9647058823529"
"NPC_WT_rep3_new_Zfp_10kb_Airyscan_4y_13";1;"2326.227904";8;8;8;"0.216703898647323";"0.591225165936764";"0.767774043566689";5;4;5;"1012.94764674775";"1187.09783183501";"22.6229508196721";"1018.30041797283";"1186.48171368861";"22.7842215256008";"1003.27639930756";"1191.56318522793";"19.6953260242354"
"NPC_WT_rep3_new_Zfp_10kb_Airyscan_4y_13";1;"2326.227904";8;8;8;"0.155952685836306";"0.842794344615827";"0.717842926526561";6;6;6;"599.339960238569";"830.660039761431";"33.3777335984095";"599.475072370537";"833.229012544226";"32.54068832422";"589.289855072464";"839.029710144928";"28.6579710144928"
"NPC_WT_rep3_new_Zfp_10kb_Airyscan_4y_13";1;"2326.227904";8;8;8;"0.514141851749914";"0.631882260023487";"0.381822059483013";8;8;8;"1020.87996545769";"1113.1390328152";"51.2176165803109";"1014.09028281363";"1103.4583031182";"49.7777374909355";"1011.2799188641";"1109.38843813387";"47.7971602434077"
"NPC_WT_rep3_new_Zfp_10kb_Airyscan_4y_13";2;"392.354368";2;2;2;"0.876852973662196";"0.833729869870771";"1.18248627022548";2;2;1;"477.105003088326";"60.1117974058061";"14.9024088943792";"459.617021276596";"73.2458628841608";"14.4775413711584";"484.878472222222";"70.1541666666667";"10.1802083333333"
"NPC_WT_rep3_new_Zfp_10kb_Airyscan_4y_13";3;"381.863328";1;2;2;"0.28840767512969";"0.423876707033228";"0.228755403964077";1;2;2;"716.50732421875";"2478.458984375";"24.57861328125";"713.891583452211";"2473.45078459344";"23.2988587731812";"717.228155339806";"2473.09417475728";"21.9757281553398"
"NPC_WT_rep3_new_Zfp_10kb_Airyscan_4y_13";4;"51.876384";1;1;1;"1.34433115280981";"0.902732135345317";"1.90332801792098";1;1;1;"691.554366197183";"2760.71549295775";"5.32901408450704";"666.266171792153";"2782.19406150583";"3.79851537645811";"685.033582089552";"2739.49701492537";"6.49253731343284"
"NPC_WT_rep3_new_Zfp_10kb_Airyscan_4y_13";5;"1017.961952";3;3;3;"0.688760951444187";"0.632331736515935";"0.540126461524991";2;2;1;"733.188095238095";"1574.58492063492";"13.7047619047619";"718.614255765199";"1566.28888888889";"14.8213836477987";"724.857205240175";"1563.62052401747";"11.4864628820961"
"NPC_WT_rep3_new_Zfp_10kb_Airyscan_4y_13";6;"319.227552";4;2;1;"0.493651699667613";"0.27226769411935";"0.356390755176442";2;2;1;"934.688775510204";"2819.1";"32.4887755102041";"923.732217573222";"2815.089958159";"33.6380753138075";"928.409512761021";"2821.70765661253";"32.5800464037123"
"NPC_WT_rep3_new_Zfp_10kb_Airyscan_4y_13";7;"560.140672";7;2;1;"0.062929326996846";"0.507157934917051";"0.498264368508402";1;1;1;"1001.56630824373";"2188.9435483871";"7.31720430107527";"1003.12939130435";"2189.08626086957";"7.28660869565217";"1003.93722809198";"2183.00994406464";"4.18831572405221"
"NPC_WT_rep3_new_Zfp_10kb_Airyscan_4y_13";8;"242.654944";0;1;1;"NaN";"NaN";"NaN";NA;NA;NA;"NaN";"NaN";"NaN";"NaN";"NaN";"NaN";"NaN";"NaN";"NaN"
"NPC_WT_rep3_new_Zfp_10kb_Airyscan_4y_13";9;"171.314752";0;0;1;"NaN";"NaN";"NaN";NA;NA;NA;"NaN";"NaN";"NaN";"NaN";"NaN";"NaN";"NaN";"NaN";"NaN"
"NPC_WT_rep3_new_Zfp_10kb_Airyscan_4y_13";10;"389.935392";0;1;2;"NaN";"NaN";"NaN";NA;NA;NA;"NaN";"NaN";"NaN";"NaN";"NaN";"NaN";"NaN";"NaN";"NaN"
"NPC_WT_rep3_new_Zfp_10kb_Airyscan_4y_13";11;"341.05008";1;0;1;"NaN";"NaN";"NaN";NA;NA;NA;"NaN";"NaN";"NaN";"NaN";"NaN";"NaN";"NaN";"NaN";"NaN"
"NPC_WT_rep3_new_Zfp_10kb_Airyscan_4y_13";12;"115.6904";1;2;2;"0.450553048407281";"0.901367498440775";"0.45135034741318";1;2;2;"1826.09792376821";"2893.74155562442";"16.1766346451813";"1826.91253644315";"2887.78279883382";"13.4555393586006";"1828.33428981349";"2882.26040172166";"10.6736011477762"
"NPC_WT_rep3_new_Zfp_10kb_Airyscan_4y_13";13;"445.858336";3;2;2;"0.19513519613048";"0.262031741543464";"0.279343955545181";1;1;1;"1942.55893536122";"1191.98574144487";"32.282319391635";"1943.71956168831";"1189.87743506494";"33.494724025974";"1939.25674570728";"1186.33197056419";"32.3417825020442"
"NPC_WT_rep3_new_Zfp_10kb_Airyscan_4y_13";13;"445.858336";3;2;2;"0.781754855674017";"0.481890946950092";"0.401699493713035";2;2;2;"2007.66516651665";"1317.62706270627";"40.4311431143114";"2000.06304558681";"1334.19301648885";"38.4161008729389";"2003.71255576801";"1328.98470363289";"40.6367112810707"
"NPC_WT_rep3_new_Zfp_10kb_Airyscan_4y_13";14;"211.490944";1;0;0;"NaN";"NaN";"NaN";NA;NA;NA;"NaN";"NaN";"NaN";"NaN";"NaN";"NaN";"NaN";"NaN";"NaN"
"NPC_WT_rep3_new_Zfp_10kb_Airyscan_4y_13";15;"329.293664";1;1;0;"NaN";"NaN";"NaN";NA;NA;NA;"NaN";"NaN";"NaN";"NaN";"NaN";"NaN";"NaN";"NaN";"NaN"
"NPC_WT_rep3_new_Zfp_10kb_Airyscan_4y_13";16;"316.42912";1;1;2;"0.200876057950934";"0.526998171494354";"0.493434488541412";1;1;2;"2201.1456016178";"2594.80333670374";"21.9595551061678";"2199.42096574494";"2592.85967808502";"20.7317375154767";"2199.43722707424";"2604.2576419214";"19.3837336244541"
"NPC_WT_rep3_new_Zfp_10kb_Airyscan_4y_13";17;"301.961632";1;1;1;"0.410499338553923";"6.74561645474787";"6.52364887164243";1;1;1;"2192.85813549508";"162.374059061957";"8.02547770700637";"2190.72087568413";"171.493354182955";"6.82720875684128";"2301.80152671756";"290.840648854962";"5.68225190839695"
"NPC_WT_rep3_new_Zfp_10kb_Airyscan_4y_13";18;"378.007616";1;1;1;"2.75278970778621";"2.87461915621236";"0.217816540637308";1;1;1;"2241.30454545455";"1278.42077922078";"22.8402597402597";"2290.78258221681";"1235.15133982948";"28.6665651644336";"2293.28911564626";"1231.77721088435";"27.6774376417234"
"NPC_WT_rep3_new_Zfp_10kb_Airyscan_4y_13";19;"316.192576";3;2;1;"2.938439491544";"2.52386187675935";"0.522432867491202";2;2;1;"2403.84657109647";"1623.89693917086";"26.5586981790004";"2385.68393172454";"1689.26427310182";"18.5091230135374";"2390.18681318681";"1677.27668759812";"17.7747252747253"
"NPC_WT_rep3_new_Zfp_10kb_Airyscan_4y_13";20;"385.489888";1;2;0;"NaN";"NaN";"NaN";NA;NA;NA;"NaN";"NaN";"NaN";"NaN";"NaN";"NaN";"NaN";"NaN";"NaN"
"NPC_WT_rep3_new_Zfp_10kb_Airyscan_4y_13";21;"317.875936";1;3;1;"1.46129269256692";"0.80194172165058";"1.7862019423314";1;1;1;"2663.1948376353";"1908.97002497918";"26.199417152373";"2663.01773240193";"1923.90918860828";"16.674368619022";"2674.38014425117";"1892.70131523123";"25.203012303776"
"NPC_WT_rep3_new_Zfp_10kb_Airyscan_4y_13";22;"64.04272";1;1;1;"1.3501110625075";"1.52049289384089";"0.369535842687547";1;1;1;"1050.93464052288";"2820.14814814815";"52.5250544662309";"1083.77066817667";"2825.59116647792";"50.9235560588901";"1084.95073891626";"2831.50776809397";"48.9245926487306"
"NPC_WT_rep3_new_Zfp_10kb_Airyscan_4y_14";1;"517.660864";2;1;1;"0.224273200972994";"0.330584974176786";"0.176400154628249";2;1;1;"113.366829268293";"2052.34048780488";"21.1043902439024";"115.642655367232";"2049.61299435028";"19.8649717514124";"113.902122130793";"2051.01429190126";"18.7786920744911"
"NPC_WT_rep3_new_Zfp_10kb_Airyscan_4y_14";2;"425.398624";1;2;3;"0.732386461265446";"0.653890764549175";"0.836958914574167";1;2;2;"499.329588014981";"1703.64419475655";"36.7968164794007";"496.606663084363";"1721.65771090811";"37.31918323482";"494.295355299722";"1708.93807066296";"32.6184994045256"
"NPC_WT_rep3_new_Zfp_10kb_Airyscan_4y_14";3;"332.259424";0;0;1;"NaN";"NaN";"NaN";NA;NA;NA;"NaN";"NaN";"NaN";"NaN";"NaN";"NaN";"NaN";"NaN";"NaN"
"NPC_WT_rep3_new_Zfp_10kb_Airyscan_4y_14";5;"54.115712";0;0;1;"NaN";"NaN";"NaN";NA;NA;NA;"NaN";"NaN";"NaN";"NaN";"NaN";"NaN";"NaN";"NaN";"NaN"
"NPC_WT_rep3_new_Zfp_10kb_Airyscan_4y_14";6;"1080.832256";2;3;2;"4.63983469011445";"5.11582594895365";"0.729571322164761";1;3;2;"1131.36574870912";"2004.51376936317";"12.5679862306368";"1186.23342584027";"2041.91304347826";"39.7422139993833";"1086.06735266604";"1938.14125350795";"40.9962581852198"
"NPC_WT_rep3_new_Zfp_10kb_Airyscan_4y_14";6;"1080.832256";2;3;2;"0.399457961946874";"0.991120870243114";"5.7718061349747";2;2;1;"878.555409836066";"2073.73508196721";"29.8285245901639";"871.350221893491";"2075.59948224852";"27.9260355029586";"875.495916852264";"2077.09948032665";"22.8693392724573"
"NPC_WT_rep3_new_Zfp_10kb_Airyscan_4y_14";7;"437.695104";1;1;2;"0.231843405691601";"0.528121537437793";"0.327601910244606";1;1;1;"941.316201117318";"2561.3687150838";"32.9243947858473";"940.045967042498";"2560.71075455334";"31.3196010407632";"933.730263157895";"2561.22861842105";"29.8371710526316"
"NPC_WT_rep3_new_Zfp_10kb_Airyscan_4y_14";8;"4758.897696";16;12;13;"0.678350315016821";"0.82581563146109";"1.29926384494214";1;1;1;"1423.09927453226";"1468.99694539901";"11.069873997709";"1430.41305942773";"1454.48495964784";"9.68451944240646";"1416.00530222694";"1481.98727465536";"6.9575821845175"
"NPC_WT_rep3_new_Zfp_10kb_Airyscan_4y_14";8;"4758.897696";16;12;13;"0.199865098821815";"0.415056649816417";"0.607027991602289";8;8;7;"1720.58336373586";"1873.38890915724";"31.6563298066399";"1716.48382298252";"1876.24358497583";"31.6861286723689";"1711.48098256735";"1870.87282091918";"30.4278922345483"
"NPC_WT_rep3_new_Zfp_10kb_Airyscan_4y_14";8;"4758.897696";16;12;13;"0.421619626309673";"0.585106194070705";"0.342385083102022";10;9;10;"1483.15600624025";"1264.59542381695";"33.783151326053";"1475.56334940815";"1261.38974134152";"31.9057430951337";"1476.84204545455";"1257.27215909091";"30.6471590909091"
"NPC_WT_rep3_new_Zfp_10kb_Airyscan_4y_14";8;"4758.897696";16;12;13;"0.70139657719302";"0.657712039496323";"0.24655696280342";12;5;9;"1009.04063429138";"872.177403369673";"33.4687809712587";"1008.45528455285";"873.169775227164";"28.4696317551411";"995.598253275109";"872.478602620087";"30.7646288209607"
"NPC_WT_rep3_new_Zfp_10kb_Airyscan_4y_14";9;"648.654944";2;3;2;"0.217309101658911";"0.555087721121175";"0.631569768460173";1;1;1;"1116.40719773554";"2799.95430651031";"38.2951880307319";"1116.19401859764";"2805.17944207087";"37.8745916059311";"1128.78629992066";"2796.39989420788";"36.8188309970907"
"NPC_WT_rep3_new_Zfp_10kb_Airyscan_4y_14";9;"648.654944";2;3;2;"0.504963862858605";"1.11390185480602";"0.660479761478858";2;2;2;"1290.10872894334";"2652.26339969372";"44.2450229709035";"1291.98377208799";"2656.8204111071";"40.9242697439596";"1302.93558282209";"2658.95807770961";"37.4468302658487"
"NPC_WT_rep3_new_Zfp_10kb_Airyscan_4y_14";11;"357.058464";2;1;1;"4.78418897764476";"0.976065160468755";"4.42097201959448";1;1;1;"1951.30319888734";"2027.78442280946";"20.6328233657858";"1913.69844357977";"2129.43093385214";"35.0865758754864";"1934.16673979816";"2040.52830188679";"17.259763053971"
"NPC_WT_rep3_new_Zfp_10kb_Airyscan_4y_14";12;"151.001088";1;1;2;"2.38580645742792";"2.32155153622882";"2.48466390202707";1;1;1;"1846.90074074074";"2587.78074074074";"23.9414814814815";"1839.79176072235";"2642.40519187359";"17.4063205417607";"1888.18070953437";"2605.93237250554";"13.5022172949002"
"NPC_WT_rep3_new_Zfp_10kb_Airyscan_4y_14";13;"367.314976";4;3;3;"1.03148539052447";"1.11777365870845";"0.525676729758353";1;1;1;"1947.07649253731";"1676.98383084577";"10.7126865671642";"1971.91490909091";"1672.80145454545";"9.13381818181818";"1974.35684298908";"1681.57346767422";"11.8413098236776"
"NPC_WT_rep3_new_Zfp_10kb_Airyscan_4y_14";13;"367.314976";4;3;3;"0.651046843281911";"3.44607709707884";"0.545358457059092";2;3;2;"2120.82297965915";"1745.73996701484";"40.7218251786696";"2120.33299232737";"1729.74987212276";"41.5785166240409";"2140.03340080972";"1709.61740890688";"19.0597165991903"
"NPC_WT_rep3_new_Zfp_10kb_Airyscan_4y_14";13;"367.314976";4;3;3;"2.17026231729055";"1.89996332221202";"3.3479193569405";3;2;3;"1961.0588592233";"1700.77487864078";"42.6510922330097";"1949.89972527473";"1651.09271978022";"37.2987637362637";"1945.19880715706";"1662.84758117959";"35.8528827037773"
"NPC_WT_rep3_new_Zfp_10kb_Airyscan_4y_14";14;"876.45712";3;4;3;"0.182618359478388";"0.879618492120623";"0.73866759480998";3;3;2;"2327.05989583333";"1913.6171875";"29.3125";"2327.3860645933";"1915.12619617225";"28.0849282296651";"2315.97734627832";"1922.77022653722";"24.5574433656958"
"NPC_WT_rep3_new_Zfp_10kb_Airyscan_4y_14";15;"479.933664";2;2;1;"0.397153655872044";"0.790624300515538";"0.463772361259985";1;1;1;"2368.78144458281";"2586.14508094645";"40.5112079701121";"2360.71189979123";"2581.52442588727";"41.505636743215";"2352.95561719834";"2574.37933425798";"40.128987517337"
"NPC_WT_rep3_new_Zfp_10kb_Airyscan_4y_14";17;"617.386112";2;2;2;"0.266181381568201";"0.544820634372582";"0.653208884912744";1;1;1;"2797.25511551155";"2906.8099009901";"38.8257425742574";"2797.22708618331";"2913.44432284542";"38.6782489740082";"2798.10802624937";"2903.01867743564";"35.0959111559818"
"NPC_WT_rep3_new_Zfp_10kb_Airyscan_4y_14";17;"617.386112";2;2;2;"0.173066025605136";"0.460226235205647";"0.498555485698302";2;2;2;"2728.8731610338";"2772.10854870775";"39.8174950298211";"2731.74568965517";"2775.01185344828";"39.4094827586207";"2728.76271732131";"2766.53541532518";"36.9417256922086"
"NPC_WT_rep3_new_Zfp_10kb_Airyscan_4y_14";18;"60.867968";1;0;1;"NaN";"NaN";"NaN";NA;NA;NA;"NaN";"NaN";"NaN";"NaN";"NaN";"NaN";"NaN";"NaN";"NaN"
"NPC_WT_rep3_new_Zfp_10kb_Airyscan_4y_15";1;"7398.188";25;26;19;"0.92411150359586";"0.985616420592075";"0.129177026406569";1;1;1;"1174.93321616872";"1885.43848857645";"8.85325131810193";"1155.75757575758";"1872.59536541889";"8.55525846702317";"1152.99512534819";"1874.24582172702";"8.63300835654596"
"NPC_WT_rep3_new_Zfp_10kb_Airyscan_4y_15";1;"7398.188";25;26;19;"0.40045524457303";"0.549000257653886";"0.48982056778992";3;4;2;"818.199897488467";"1643.94208098411";"14.6637621732445";"827.752339812815";"1641.01151907847";"14.4852411807055";"825.566153846154";"1646.69538461538";"11.4498461538462"
"NPC_WT_rep3_new_Zfp_10kb_Airyscan_4y_15";1;"7398.188";25;26;19;"0.473197362267486";"0.663065618498346";"0.620750637796204";6;7;5;"697.654949121184";"1641.85661424607";"23.1174838112858";"689.650497512438";"1645.23383084577";"20.8233830845771";"700.355496788818";"1636.92708726861";"18.6618813751417"
"NPC_WT_rep3_new_Zfp_10kb_Airyscan_4y_15";1;"7398.188";25;26;19;"0.347881279568825";"0.847490679277577";"0.553993117437968";7;11;6;"1216.09787234043";"1346.96241134752";"24.3031914893617";"1222.09747474747";"1351.72575757576";"23.1267676767677";"1223.08549471662";"1359.90169708614";"19.9452449567723"
"NPC_WT_rep3_new_Zfp_10kb_Airyscan_4y_15";1;"7398.188";25;26;19;"1.20668787593912";"1.27654865683994";"0.900005804894355";10;14;11;"768.132943754565";"931.491599707816";"26.2344777209642";"787.040019762846";"951.813735177866";"29.6101778656126";"793.35525375268";"950.3037884203";"27.7576840600429"
"NPC_WT_rep3_new_Zfp_10kb_Airyscan_4y_15";1;"7398.188";25;26;19;"0.407740271464852";"1.12554381041177";"0.367044089946819";11;13;8;"296.514427860697";"1765.46235489221";"28.9737976782753";"305.788461538462";"1764.97702991453";"27.7729700854701";"305.64987510408";"1756.82348043297";"21.7814321398834"
"NPC_WT_rep3_new_Zfp_10kb_Airyscan_4y_15";1;"7398.188";25;26;19;"1.05171286339228";"0.478161566558057";"0.889032326108808";14;15;10;"647.197101449275";"1216.83731884058";"34.5130434782609";"652.826555023923";"1195.00358851675";"30.6489234449761";"643.741989412092";"1215.1680133742";"31.2783505154639"
"NPC_WT_rep3_new_Zfp_10kb_Airyscan_4y_15";1;"7398.188";25;26;19;"0.247480988790343";"0.507687595239726";"0.566539657146219";16;17;12;"1409.70977722772";"1334.38737623762";"37.5686881188119";"1406.29520295203";"1329.4680196802";"37.1242312423124";"1415.57273768614";"1334.00076365025";"34.3543337151585"
"NPC_WT_rep3_new_Zfp_10kb_Airyscan_4y_15";1;"7398.188";25;26;19;"1.65885128027496";"1.99628109837258";"0.884853067691684";17;20;14;"428.491416309013";"1675.53004291845";"42.6512875536481";"453.845102505695";"1644.50911161731";"39.5905466970387";"455.872353297036";"1639.7519661222";"36.5172413793103"
"NPC_WT_rep3_new_Zfp_10kb_Airyscan_4y_15";1;"7398.188";25;26;19;"3.26523342841359";"3.76609567009294";"0.47739953471006";18;18;13;"1148.80078125";"1568.3134765625";"42.9453125";"1083.08492366412";"1521.04484732824";"39.9392493638677";"1076.26189042745";"1517.02167369055";"34.0379289584588"
"NPC_WT_rep3_new_Zfp_10kb_Airyscan_4y_15";1;"7398.188";25;26;19;"0.425998623197611";"0.748595598159609";"0.324351098798879";22;21;15;"518.749238964992";"1408.82800608828";"46.1236681887367";"521.103289094057";"1407.83612233122";"43.1696480092325";"522.030592734226";"1406.373486297";"40.906309751434"
"NPC_WT_rep3_new_Zfp_10kb_Airyscan_4y_15";1;"7398.188";25;26;19;"0.209608373410841";"0.345682167237697";"0.248719831741093";25;23;18;"620.405136702568";"1812.68516984258";"52.5857497928749";"615.774041297935";"1812.49262536873";"51.8873156342183";"617.612954186414";"1809.2551342812";"50.4644549763033"
"NPC_WT_rep3_new_Zfp_10kb_Airyscan_4y_15";2;"418.849088";2;3;1;"0.528522693211234";"0.557603616832174";"0.33268407573373";2;2;1;"1054.9264349232";"937.96038803557";"35.0315278900566";"1062.09224318658";"926.933962264151";"34.6640461215933";"1058.79051782112";"927.912911903161";"32.5010087424344"
"NPC_WT_rep3_new_Zfp_10kb_Airyscan_4y_15";3;"380.560992";2;1;2;"1.10476514399354";"1.97725244053036";"1.00132104760893";2;1;2;"1489.27615062762";"1503.93514644351";"54.2384937238494";"1463.150390625";"1509.73828125";"52.2884114583333";"1445.76323119777";"1502.75069637883";"47.5459610027855"
"NPC_WT_rep3_new_Zfp_10kb_Airyscan_4y_15";4;"570.45072";2;2;3;"2.55288662959576";"1.22939481473065";"2.34584611137967";2;2;3;"1582.27154772938";"446.453197405005";"42.9073215940686";"1554.99512195122";"492.721951219512";"33.0575609756098";"1553.79545454545";"439.719008264463";"40.2210743801653"
"NPC_WT_rep3_new_Zfp_10kb_Airyscan_4y_15";5;"396.38704";1;1;2;"0.236350349341808";"0.629852313491823";"0.40536119439236";1;1;2;"2142.6742712294";"1962.72940430925";"26.3954372623574";"2141.34100204499";"1959.88394683027";"24.9657464212679";"2137.93243777163";"1958.75938364283";"22.2580007902015"
"NPC_WT_rep3_new_Zfp_10kb_Airyscan_4y_15";6;"1285.021696";4;6;4;"0.544318674462085";"0.814346160106043";"0.436339676850937";1;2;1;"2135.82604622111";"890.096502186134";"19.4831355402873";"2123.57899628253";"892.412639405204";"17.9228624535316";"2122.79809220986";"888.322734499205";"15.0421303656598"
"NPC_WT_rep3_new_Zfp_10kb_Airyscan_4y_15";6;"1285.021696";4;6;4;"0.255008276304129";"0.773105970914322";"0.578855591770599";2;3;2;"2106.11808422791";"988.288191577209";"26.6531791907514";"2102.64834710744";"985.015289256198";"25.4446280991736";"2104.91184387618";"981.726783310902";"21.4703903095559"
"NPC_WT_rep3_new_Zfp_10kb_Airyscan_4y_15";6;"1285.021696";4;6;4;"0.628674344380009";"0.990199268803327";"0.405744024019103";4;6;4;"2255.06111967129";"1250.90087313816";"49.6651258346174";"2267.71120689655";"1249.83243534483";"47.0177801724138";"2271.06274509804";"1248.03361344538";"44.3310924369748"
"NPC_WT_rep3_new_Zfp_10kb_Airyscan_4y_15";7;"300.54528";0;2;3;"NaN";"NaN";"NaN";NA;NA;NA;"NaN";"NaN";"NaN";"NaN";"NaN";"NaN";"NaN";"NaN";"NaN"
"NPC_WT_rep3_new_Zfp_10kb_Airyscan_4y_15";8;"423.968384";2;3;1;"0.251173826810477";"0.44521117744956";"0.322189988525422";1;1;1;"2397.62474849095";"2027.35714285714";"15.5865191146881";"2401.49250416435";"2027.30316490838";"14.1732370905053";"2403.76040658277";"2035.0266214908";"14.0905130687318"
"NPC_WT_rep3_new_Zfp_10kb_Airyscan_4y_15";9;"410.629632";2;2;1;"0.519250693191964";"0.772223807995427";"0.442471123680297";1;1;1;"2581.25";"1205.60321969697";"38.907196969697";"2589.0291310899";"1200.59919638373";"36.3048719236565";"2588.30823627288";"1207.28660565724";"33.7957570715474"
"NPC_WT_rep3_new_Zfp_10kb_Airyscan_4y_15";10;"692.150592";1;1;1;"0.652880961002091";"4.93392464994677";"5.19049509810998";1;1;1;"2605.694612286";"1696.26787512588";"21.1311681772407";"2594.00236158489";"1688.49960640252";"18.7517711886644";"2554.49034385304";"1769.94488930758";"45.3151201130476"
"NPC_WT_rep3_new_Zfp_10kb_Airyscan_4y_15";11;"892.558912";6;3;4;"2.10516653439154";"0.428602311689242";"2.22576099768874";1;2;2;"2718.51844262295";"2352.16803278689";"19.8292349726776";"2672.87537993921";"2343.54711246201";"26.8986828774063";"2715.31170431212";"2358.59260780287";"17.5568788501027"
"NPC_WT_rep3_new_Zfp_10kb_Airyscan_4y_15";12;"375.282208";1;2;1;"0.271660459088443";"0.57504883574006";"0.324691467474348";1;1;1;"2709.49686520376";"1040.12382445141";"36.0702194357367";"2711.68885929871";"1040.01242787395";"34.2339103417665";"2712.04967474867";"1043.53903015967";"32.1475458308693"
"NPC_WT_rep3_new_Zfp_10kb_Airyscan_4y_15";13;"311.990112";2;2;1;"0.587731777169502";"0.852055016388006";"0.366773957623389";2;2;1;"1828.57372400756";"254.547258979206";"38.32797731569";"1820.81328200193";"254.600577478345";"34.7632338787296";"1815.9697322468";"261.733993015134";"33.871944121071"
"NPC_WT_rep3_new_Zfp_10kb_Airyscan_4y_15";14;"356.543712";1;2;2;"0.630251180637812";"0.598012652890785";"0.290442515245719";1;1;1;"1291.85";"2554.90555555556";"16.5027777777778";"1277.91325898389";"2561.61090458488";"15.6425030978934";"1281.1916138469";"2565.09946367626";"17.2023403217942"
"NPC_WT_rep3_new_Zfp_10kb_Airyscan_4y_15";15;"89.99648";0;0;0;"NaN";"NaN";"NaN";NA;NA;NA;"NaN";"NaN";"NaN";"NaN";"NaN";"NaN";"NaN";"NaN";"NaN"
